,Order_ID,Customer_ID,Customer_Name,Order_Date,City,Region,Category,Product,Quantity,Unit_Price,Discount,Sales,Profit,Payment_Mode,Shipping_Mode,Customer_Rating
0,ORD101504,CUST2103,Sneha Agarwal,2025-03-03,Pune,West,Clothing,T-Shirt,2,763.94,0.0,1527.88,400.69,Cash on Delivery,Standard,2.8
1,ORD100538,CUST1386,Aarav Sharma,2025-08-14,Jaipur,North,Sports,Running Shoes,1,2734.44,0.05,2597.72,617.58,UPI,Same Day,3.5
2,ORD103551,CUST1398,Ishaan Kumar,2025-12-11,Pune,West,Beauty,Face Wash,5,367.75,0.15,1562.94,438.78,Cash on Delivery,Same Day,4.6
3,ORD104945,CUST1141,Diya Gupta,2025-05-17,Jaipur,North,Beauty,Face Wash,1,422.87,0.15,359.44,113.57,Credit Card,Same Day,3.6
4,ORD104817,CUST1266,Aditya Joshi,2025-07-07,Mumbai,West,Electronics,Headphones,5,1862.4,0.2,7449.6,1086.3,Net Banking,Standard,3.7
5,ORD103966,CUST1120,Priya Saxena,2025-04-05,Chennai,South,Electronics,Wireless Mouse,2,796.71,0.0,1593.42,536.18,Credit Card,Express,2.3
6,ORD102826,CUST1947,Ishaan Kumar,2025-02-23,Hyderabad,South,Home & Kitchen,Bedsheet,2,1047.27,0.05,1989.81,349.08,Cash on Delivery,Express,4.8
7,ORD101235,CUST1472,Meera Mishra,2025-11-21,Chandigarh,North,Books,Novel,5,474.32,0.05,2253.02,397.34,Credit Card,Express,2.6
8,ORD102905,CUST1653,Aditi Malhotra,2025-02-27,Delhi,North,Home & Kitchen,Table Lamp,2,948.23,0.1,1706.81,418.99,UPI,Express,4.5
9,ORD103253,CUST1414,Rahul Tiwari,2025-01-25,Jaipur,North,Home & Kitchen,Table Lamp,2,962.82,0.2,1540.51,276.66,Credit Card,Express,5.0
10,ORD102351,CUST1768,Sneha Agarwal,2025-11-09,Noida,North,Clothing,Jeans,5,1899.57,0.0,9497.85,1281.43,UPI,Standard,4.3
12,ORD101590,CUST1737,Kavya Srivastava,2025-10-19,Noida,North,Home & Kitchen,Bedsheet,1,945.82,0.05,898.53,175.55,Debit Card,Same Day,4.5
13,ORD100065,CUST1509,Ishaan Kumar,2025-05-14,Delhi,North,Books,Programming Book,2,1308.93,0.3,1832.5,536.97,Cash on Delivery,Same Day,2.9
14,ORD104277,CUST1651,Ananya Verma,2025-12-09,Lucknow,North,Clothing,Hoodie,1,1399.53,0.05,1329.55,447.49,Net Banking,Standard,3.4
17,ORD102499,CUST1339,Priya Saxena,2025-04-17,Chandigarh,North,Sports,Running Shoes,1,3085.67,0.2,2468.54,294.29,Credit Card,Standard,3.8
18,ORD103380,CUST1661,Rahul Tiwari,2025-02-20,Chandigarh,North,Electronics,Keyboard,2,1389.62,0.1,2501.32,790.09,UPI,Standard,4.4
19,ORD100471,CUST2111,Ishaan Kumar,2025-07-11,Mumbai,West,Home & Kitchen,Coffee Maker,1,3798.42,0.25,2848.82,375.96,Cash on Delivery,Same Day,3.5
20,ORD103526,CUST1965,Rohan Patel,2025-09-07,Pune,West,Electronics,Smart Watch,5,3755.92,0.25,14084.7,4917.65,Debit Card,Standard,1.9
21,ORD103697,CUST1482,Meera Mishra,2025-08-13,Noida,North,Home & Kitchen,Cookware Set,2,2616.27,0.0,5232.54,1518.02,UPI,Same Day,3.1
22,ORD103857,CUST1588,Rohan Patel,2025-07-23,Ahmedabad,West,Books,Data Science Book,1,893.65,0.15,759.6,146.58,Debit Card,Express,4.0
23,ORD100414,CUST1831,Aarav Sharma,2025-07-04,Chennai,South,Electronics,Keyboard,5,1227.04,0.25,4601.4,776.45,UPI,Standard,5.0
24,ORD100079,CUST1472,Priya Saxena,2025-09-18,Kolkata,East,Sports,Running Shoes,4,3163.18,0.2,10122.18,2883.38,Credit Card,Standard,3.6
25,ORD103683,CUST1236,Arjun Singh,2025-11-29,Mumbai,West,Clothing,Sneakers,3,2840.05,0.15,7242.13,838.04,Credit Card,Standard,3.6
26,ORD102880,CUST1965,Ananya Verma,2025-02-24,Ahmedabad,West,Clothing,Sneakers,1,3006.54,0.0,3006.54,368.43,Net Banking,Standard,3.7
27,ORD100199,CUST1359,Sneha Agarwal,2025-10-24,Mumbai,West,Beauty,Face Wash,1,380.22,0.2,304.18,41.07,Net Banking,Same Day,3.3
28,ORD102520,CUST1945,Kavya Srivastava,2025-10-29,Kolkata,East,Beauty,Face Wash,1,434.36,0.0,434.36,127.53,UPI,Same Day,3.980060240963855
29,ORD102034,CUST1520,Aditya Joshi,2025-08-11,Mumbai,West,Clothing,T-Shirt,5,648.84,0.1,2919.78,717.87,Credit Card,Standard,4.9
30,ORD100828,CUST1755,Sneha Agarwal,2025-12-01,Lucknow,North,Clothing,Hoodie,5,1442.45,0.15,6130.41,2129.15,Debit Card,Express,4.0
31,ORD101323,CUST2091,Rohan Patel,2025-04-21,Hyderabad,South,Electronics,Wireless Mouse,1,827.35,0.25,620.51,182.68,Cash on Delivery,Express,4.2
32,ORD101905,CUST1636,Rahul Tiwari,2025-10-11,Delhi,North,Electronics,Smart Watch,5,3432.7,0.15,14588.98,1793.9,UPI,Express,4.2
33,ORD104553,CUST1188,Meera Mishra,2025-07-01,Bengaluru,South,Clothing,Sneakers,1,3207.27,0.1,2886.54,498.65,Debit Card,Standard,4.4
34,ORD104766,CUST2132,Kavya Srivastava,2025-04-03,Chandigarh,North,Sports,Yoga Mat,2,837.39,0.1,1507.3,237.82,Cash on Delivery,Express,3.2
35,ORD100168,CUST1876,Karan Mehta,2025-10-18,Delhi,North,Electronics,Headphones,5,2134.02,0.05,10136.59,1783.52,UPI,Standard,4.3
36,ORD103085,CUST1179,Diya Gupta,2025-01-14,Ahmedabad,West,Electronics,Keyboard,5,1323.12,0.1,5954.04,654.42,Cash on Delivery,Standard,3.3
37,ORD101391,CUST1666,Priya Saxena,2025-03-10,mumbai,South,Clothing,Hoodie,4,1564.82,0.05,5946.32,1979.31,Net Banking,Express,4.1
38,ORD101600,CUST1282,Aditi Malhotra,2025-02-16,Bengaluru,South,Sports,Yoga Mat,3,977.05,0.05,2784.59,627.35,Net Banking,Express,3.8
40,ORD100856,CUST2078,Ishaan Kumar,2025-05-08,Pune,West,Clothing,Hoodie,1,1416.99,0.1,1275.29,135.84,Cash on Delivery,Same Day,5.0
41,ORD101983,CUST1388,Priya Saxena,2025-04-08,Chandigarh,North,Books,Programming Book,4,1233.24,0.25,3699.72,424.69,Credit Card,Standard,3.8
42,ORD103591,CUST1062,Ishaan Kumar,2025-07-08,Mumbai,West,Electronics,Keyboard,2,1250.3,0.1,2250.54,771.19,Debit Card,Standard,4.0
43,ORD100810,CUST1816,Aditya Joshi,2025-10-10,Chennai,South,Home & Kitchen,Table Lamp,5,816.42,0.25,3061.57,341.86,Net Banking,Express,4.2
44,ORD101096,CUST2141,Diya Gupta,2025-08-08,Pune,West,Home & Kitchen,Cookware Set,2,2316.9,0.1,4170.42,602.28,Cash on Delivery,Standard,4.4
45,ORD100106,CUST1773,Karan Mehta,2025-11-30,Chennai,South,Sports,Running Shoes,5,2826.35,0.1,12718.58,3604.11,Cash on Delivery,Express,3.9
46,ORD101536,CUST1963,Arjun Singh,2025-05-13,Delhi,North,Electronics,Wireless Mouse,4,782.55,0.05,2973.69,734.37,Debit Card,Standard,3.3
47,ORD102164,CUST1841,Diya Gupta,2025-01-17,Ahmedabad,West,Home & Kitchen,Table Lamp,1,971.39,0.0,971.39,243.47,Credit Card,Express,4.3
48,ORD100721,CUST2077,Rahul Tiwari,2025-10-27,Pune,West,Sports,Football,4,1037.1,0.0,4148.4,533.26,UPI,Express,4.1
49,ORD103829,CUST1799,Rahul Tiwari,2025-05-08,Delhi,North,Clothing,Jeans,3,1650.02,0.2,3960.05,795.43,UPI,Same Day,4.4
50,ORD102827,CUST2025,Meera Mishra,2025-09-04,Kolkata,East,Books,Data Science Book,4,885.28,0.1,3187.01,430.5,Debit Card,Same Day,3.2
51,ORD103620,CUST1123,Aditya Joshi,2025-05-13,Hyderabad,South,Beauty,Face Wash,1,391.4,0.15,332.69,71.12,Net Banking,Express,5.0
52,ORD100497,CUST2016,Rohan Patel,2025-04-29,Lucknow,North,Beauty,Face Wash,4,378.07,0.0,1512.28,187.23,Cash on Delivery,Express,3.3
53,ORD104269,CUST1304,Diya Gupta,2025-06-21,Kolkata,East,Electronics,Wireless Mouse,2,821.9,0.15,1397.23,314.46,Net Banking,Express,2.2
54,ORD104687,CUST1578,Ishaan Kumar,2025-11-30,Pune,West,Sports,Running Shoes,5,2755.5,0.1,12399.75,3701.06,Credit Card,Same Day,3.7
55,ORD101777,CUST1334,Aditya Joshi,2025-06-17,Lucknow,North,Beauty,Perfume,4,1276.61,0.2,4085.15,960.75,Debit Card,Standard,3.6
56,ORD103148,CUST1293,Ishaan Kumar,2025-12-19,Noida,North,Books,Programming Book,2,1240.82,0.2,1985.31,416.14,UPI,Standard,4.1
57,ORD101424,CUST1309,Ananya Verma,2025-01-29,Delhi,North,Sports,Running Shoes,4,3114.7,0.2,9967.04,1392.5,Cash on Delivery,Same Day,4.0
58,ORD104502,CUST2022,Diya Gupta,2025-08-22,Chennai,South,Home & Kitchen,Coffee Maker,1,3428.08,0.1,3085.27,730.58,UPI,Express,3.9
59,ORD100683,CUST1983,Arjun Singh,2025-05-14,Hyderabad,South,Home & Kitchen,Coffee Maker,5,3767.61,0.2,15070.44,4824.52,Cash on Delivery,Express,5.0
60,ORD100179,CUST1426,Arjun Singh,2025-12-08,Jaipur,North,Home & Kitchen,Coffee Maker,3,3832.94,0.05,10923.88,1226.53,Net Banking,Standard,3.6
61,ORD100742,CUST2180,Rohan Patel,2025-09-01,Lucknow,North,Electronics,Keyboard,2,1249.34,0.0,2498.68,347.06,UPI,Standard,4.7
62,ORD104278,CUST1572,Ananya Verma,2025-12-21,Noida,North,Clothing,Jeans,1,1757.48,0.15,1493.86,424.23,Credit Card,Standard,3.9
63,ORD101451,CUST1245,Arjun Singh,2025-01-28,Kolkata,East,Clothing,Sneakers,2,2942.09,0.1,5295.76,1310.96,Credit Card,Express,5.0
64,ORD102818,CUST1929,Rohan Patel,2025-07-05,Noida,North,Books,Programming Book,3,1135.17,0.15,2894.68,354.83,Net Banking,Same Day,4.2
65,ORD103733,CUST1087,Diya Gupta,2025-09-07,Delhi,North,Clothing,Jeans,1,1808.39,0.1,1627.55,524.62,UPI,Standard,4.6
66,ORD102686,CUST1361,Ananya Verma,2025-07-14,Hyderabad,South,Electronics,Wireless Mouse,2,737.13,0.15,1253.12,429.07,Net Banking,Standard,4.0
67,ORD104655,CUST1121,Diya Gupta,2025-04-07,Chennai,South,Home & Kitchen,Cookware Set,1,2319.0,0.1,2087.1,452.7,UPI,Same Day,5.0
68,ORD104700,CUST1226,Ananya Verma,2025-05-07,Lucknow,North,Sports,Yoga Mat,5,920.42,0.0,4602.1,1519.84,Net Banking,Same Day,4.6
69,ORD100765,CUST1476,Rahul Tiwari,2025-02-04,Delhi,North,Beauty,Face Wash,4,410.19,0.1,1476.68,387.69,Cash on Delivery,Standard,4.4
70,ORD102998,CUST1053,Aditi Malhotra,2025-04-05,Bengaluru,South,Sports,Running Shoes,1,3295.7,0.1,2966.13,385.23,UPI ,Standard,5.0
71,ORD102580,CUST2036,Meera Mishra,2025-12-08,Hyderabad,South,Electronics,Smart Watch,4,3618.72,0.25,10856.16,3724.17,Net Banking,Express,4.3
72,ORD102922,CUST1463,Ananya Verma,2025-05-01,Jaipur,North,Beauty,Face Wash,5,380.86,0.3,1333.01,224.17,Cash on Delivery,Express,4.3
73,ORD103904,CUST2129,Ananya Verma,2025-05-05,Bengaluru,South,Electronics,Keyboard,1,1412.88,0.15,1200.95,328.25,Debit Card,Standard,4.1
74,ORD100029,CUST1761,Rahul Tiwari,2025-08-06,Noida,North,Electronics,Wireless Mouse,1,868.2,0.15,737.97,160.03,Net Banking,Standard,4.8
75,ORD102456,CUST1188,Ishaan Kumar,2025-09-18,Chandigarh,North,Electronics,Headphones,5,2125.37,0.05,10095.51,3121.32,Debit Card,Standard,2.5
76,ORD100468,CUST1963,Aarav Sharma,2025-12-27,Delhi,North,Clothing,T-Shirt,1,674.8,0.0,674.8,109.43,Debit Card,Same Day,4.1
77,ORD101489,CUST1906,Priya Saxena,2025-02-21,Chandigarh,North,Clothing,Sneakers,2,2957.85,0.1,5324.13,1115.72,Net Banking,Express,5.0
78,ORD102842,CUST1441,Arjun Singh,2025-03-24,Hyderabad,South,Books,Programming Book,1,1243.33,0.05,1181.16,389.74,Net Banking,Express,3.2
79,ORD104890,CUST1444,Sneha Agarwal,2025-12-27,Chennai,South,Home & Kitchen,Bedsheet,3,1068.92,0.1,2886.08,916.43,Debit Card,Standard,5.0
80,ORD104907,CUST1439,Meera Mishra,2025-07-02,Ahmedabad,West,Sports,Football,2,969.81,0.0,1939.62,218.73,Net Banking,Same Day,3.8
81,ORD103623,CUST2188,Aarav Sharma,2025-11-01,Noida,North,Sports,Running Shoes,5,2941.43,0.2,11765.72,1628.61,Cash on Delivery,Standard,4.1
82,ORD103469,CUST1928,Aditi Malhotra,2025-08-20,Hyderabad,South,Electronics,Wireless Mouse,3,876.89,0.2,2104.54,723.48,UPI,Standard,4.2
83,ORD103355,CUST1570,Aditi Malhotra,2025-02-09,Ahmedabad,West,Beauty,Face Wash,1,432.64,0.2,346.11,84.48,Cash on Delivery,Same Day,4.6
84,ORD103841,CUST1512,Rohan Patel,2025-11-09,Jaipur,North,Sports,Running Shoes,5,3178.48,0.15,13508.54,1727.27,Net Banking,Express,4.2
85,ORD103662,CUST2121,Aditya Joshi,2025-08-06,Lucknow,North,Sports,Football,2,918.01,0.1,1652.42,201.8,Debit Card,Express,3.4
86,ORD104112,CUST1387,Aarav Sharma,2025-03-20,Jaipur,North,Clothing,T-Shirt,2,691.46,0.15,1175.48,133.54,Credit Card,Standard,3.4
87,ORD103977,CUST1502,Aarav Sharma,2025-06-26,Hyderabad,South,Home & Kitchen,Cookware Set,2,2403.98,0.05,4567.56,716.78,Debit Card,Express,3.2
88,ORD101425,CUST1573,Ishaan Kumar,2025-09-21,Lucknow,North,Electronics,Smart Watch,2,3742.33,0.1,6736.19,1582.88,Debit Card,Standard,4.0
89,ORD101623,CUST1645,Ananya Verma,2025-11-22,Mumbai,West,Home & Kitchen,Coffee Maker,1,3459.23,0.1,3113.31,398.92,Cash on Delivery,Standard,2.7
90,ORD100023,CUST1455,Diya Gupta,2025-08-30,Ahmedabad,West,Electronics,Wireless Mouse,1,778.81,0.0,778.81,223.28,UPI,Same Day,3.0
91,ORD102640,CUST1384,Ishaan Kumar,2025-01-07,Chandigarh,North,Electronics,Smart Watch,1,3690.89,0.0,3690.89,867.27,Debit Card,Same Day,3.0
92,ORD100561,CUST1902,Aditya Joshi,2025-05-31,Hyderabad,South,Home & Kitchen,Cookware Set,4,2342.92,0.15,7965.93,1436.66,Cash on Delivery,Express,4.0
93,ORD103891,CUST1156,Rahul Tiwari,2025-07-16,Hyderabad,South,Beauty,Sunscreen,2,740.91,0.0,1481.82,485.54,Cash on Delivery,Express,4.1
94,ORD104950,CUST1316,Ishaan Kumar,2025-01-07,Chandigarh,North,Books,Data Science Book,1,902.59,0.25,676.94,234.29,Credit Card,Same Day,5.0
95,ORD102470,CUST1776,Aarav Sharma,2025-10-11,Hyderabad,South,Electronics,Headphones,2,2176.54,0.25,3264.81,465.79,Debit Card,Same Day,3.7
96,ORD103441,CUST1803,Aditi Malhotra,2025-04-07,Noida,North,Clothing,Hoodie,1,1481.56,0.2,1185.25,238.92,Cash on Delivery,Standard,3.3
97,ORD102483,CUST1482,Aditya Joshi,2025-10-31,Chennai,South,Electronics,Wireless Mouse,4,814.09,0.0,3256.36,831.3,Debit Card,Express,4.0
98,ORD104069,CUST1889,Aarav Sharma,2025-10-21,Chennai,South,Home & Kitchen,Coffee Maker,1,3561.49,0.05,3383.42,896.61,Debit Card,Express,1.6
99,ORD102746,CUST1164,Rohan Patel,2025-07-16,Ahmedabad,West,Electronics,Smart Watch,3,3694.7,0.05,10529.89,3341.95,Net Banking,Express,5.0
100,ORD101158,CUST1156,Sneha Agarwal,2025-02-28,Lucknow,North,Electronics,Keyboard,1,1271.02,0.0,1271.02,423.9,Debit Card,Standard,3.6
101,ORD102100,CUST1960,Kavya Srivastava,2025-07-17,Ahmedabad,West,Electronics,Wireless Mouse,2,727.61,0.15,1236.94,369.63,UPI,Standard,3.8
102,ORD104010,CUST1368,Karan Mehta,2025-01-31,Chandigarh,North,Books,Programming Book,1,1108.91,0.25,831.68,120.2,Debit Card,Standard,3.8
103,ORD102101,CUST1776,Ananya Verma,2025-10-25,Lucknow,North,Home & Kitchen,Bedsheet,4,1059.79,0.2,3391.33,415.0,Credit Card,Same Day,2.9
104,ORD102266,CUST1550,Ananya Verma,2025-04-21,Hyderabad,South,Clothing,T-Shirt,5,699.92,0.2,2799.68,725.46,Debit Card,Express,4.5
105,ORD104169,CUST2184,Diya Gupta,2025-01-24,Delhi,North,Beauty,Perfume,5,1246.6,0.15,5298.05,1006.78,Net Banking,Express,3.0
106,ORD101210,CUST1287,Diya Gupta,2025-11-10,Hyderabad,South,Home & Kitchen,Bedsheet,1,1058.64,0.0,1058.64,234.96,Cash on Delivery,Standard,4.5
107,ORD102416,CUST1821,Ishaan Kumar,2025-01-15,Kolkata,East,Beauty,Face Wash,1,430.43,0.15,365.87,78.43,UPI,Standard,4.2
108,ORD100084,CUST1421,Arjun Singh,2025-07-01,Chennai,South,Home & Kitchen,Bedsheet,1,925.95,0.05,879.65,102.74,Debit Card,Standard,3.4
109,ORD103443,CUST1566,Ananya Verma,2025-03-21,Hyderabad,South,Books,Programming Book,1,1110.96,0.0,1110.96,340.58,Net Banking,Same Day,3.4
110,ORD103910,CUST1314,Diya Gupta,2025-09-22,Bengaluru,South,Electronics,Keyboard,5,1426.13,0.05,6774.12,1740.0,Cash on Delivery,Standard,4.1
111,ORD103901,CUST1782,Ishaan Kumar,2025-01-04,Ahmedabad,West,Clothing,Sneakers,5,3157.47,0.15,13419.25,3307.07,Net Banking,Same Day,3.3
112,ORD103422,CUST2045,Diya Gupta,2025-12-31,Delhi,North,Clothing,Sneakers,4,2754.58,0.2,8814.66,1964.6,Debit Card,Standard,4.5
113,ORD101912,CUST1320,Rohan Patel,2025-07-08,Delhi,North,Books,Programming Book,5,1309.15,0.1,5891.18,1215.56,Cash on Delivery,Standard,4.2
114,ORD103000,CUST1747,Aditya Joshi,2025-07-24,Kolkata,East,Books,Data Science Book,1,845.47,0.0,845.47,240.38,Cash on Delivery,Express,3.0
115,ORD103606,CUST1358,Aarav Sharma,2025-01-14,Delhi,North,Beauty,Sunscreen,1,677.13,0.2,541.7,129.17,Net Banking,Express,4.6
116,ORD101095,CUST1666,Rahul Tiwari,2025-10-26,Bengaluru,South,Home & Kitchen,Coffee Maker,4,3768.68,0.2,12059.78,2203.32,Debit Card,Express,2.4
117,ORD104411,CUST1989,Aarav Sharma,2025-03-27,Noida,North,Books,Data Science Book,4,898.35,0.15,3054.39,723.79,Credit Card,Express,4.2
118,ORD104212,CUST1606,Priya Saxena,2025-10-09,Jaipur,North,Beauty,Face Wash,4,379.02,0.05,1440.28,398.43,Cash on Delivery,Same Day,4.7
119,ORD104399,CUST2108,Ishaan Kumar,2025-07-30,Lucknow,North,Clothing,Hoodie,1,1462.1,0.0,1462.1,251.16,UPI,Express,3.7
120,ORD100373,CUST1768,Aditya Joshi,2025-03-18,Chandigarh,North,Beauty,Sunscreen,1,766.0,0.0,766.0,235.4,Debit Card,Standard,2.8
121,ORD100655,CUST2049,Karan Mehta,2025-03-12,Pune,West,Beauty,Sunscreen,2,720.08,0.1,1296.14,179.8,Net Banking,Express,3.7
122,ORD103980,CUST1318,Priya Saxena,2025-04-15,Chennai,South,Home & Kitchen,Coffee Maker,2,3369.3,0.25,5053.95,1082.3,Credit Card,Express,3.5
123,ORD103624,CUST1418,Diya Gupta,2025-01-25,Delhi,North,Sports,Running Shoes,1,2810.39,0.1,2529.35,566.85,Credit Card,Same Day,3.3
124,ORD100626,CUST2020,Priya Saxena,2025-04-28,Pune,West,Beauty,Perfume,2,1322.9,0.0,2645.8,269.51,UPI,Standard,4.2
125,ORD104121,CUST2034,Arjun Singh,2025-01-07,Ahmedabad,West,Home & Kitchen,Coffee Maker,4,3699.86,0.05,14059.47,3711.2,Credit Card,Express,4.6
126,ORD100677,CUST1912,Arjun Singh,2025-02-03,Kolkata,East,Clothing,Sneakers,1,3196.93,0.05,3037.08,1020.42,UPI,Standard,4.8
128,ORD102119,CUST1585,Ishaan Kumar,2025-03-11,Jaipur,North,Beauty,Perfume,1,1376.31,0.1,1238.68,321.57,Credit Card,Standard,3.8
129,ORD103580,CUST1114,Aditya Joshi,2025-03-18,Hyderabad,South,Home & Kitchen,Bedsheet,3,1024.98,0.05,2921.19,400.42,UPI,Express,3.9
130,ORD101505,CUST1219,Ananya Verma,2025-07-23,Lucknow,North,Beauty,Sunscreen,1,768.19,0.1,691.37,240.25,Debit Card,Express,4.3
131,ORD101941,CUST2140,Ananya Verma,2025-12-28,Bengaluru,South,Home & Kitchen,Cookware Set,2,2272.58,0.1,4090.64,881.04,UPI,Standard,2.7
132,ORD101370,CUST1679,Ishaan Kumar,2025-07-24,Kolkata,East,Beauty,Perfume,2,1216.07,0.2,1945.71,597.32,UPI,Same Day,3.9
133,ORD102594,CUST1093,Aditya Joshi,2025-09-05,Mumbai,West,Beauty,Perfume,1,1404.79,0.0,1404.79,251.84,Cash on Delivery,Same Day,3.2
134,ORD102093,CUST1179,Rohan Patel,2025-07-28,Kolkata,East,Beauty,Perfume,5,1313.95,0.1,5912.78,1226.95,Net Banking,Express,4.6
135,ORD100805,CUST1742,Aditi Malhotra,2025-07-22,Bengaluru,South,Books,Programming Book,1,1284.2,0.05,1219.99,346.47,Cash on Delivery,Same Day,3.8
136,ORD104606,CUST1387,Aditi Malhotra,2025-11-08,Chennai,South,Home & Kitchen,Cookware Set,3,2723.1,0.05,7760.83,1187.85,Cash on Delivery,Express,5.0
137,ORD101703,CUST1915,Aditya Joshi,2025-12-07,Jaipur,North,Electronics,Keyboard,5,1276.22,0.15,5423.94,954.86,Debit Card,Same Day,4.0
138,ORD104818,CUST1016,Karan Mehta,2025-01-15,Pune,West,Beauty,Perfume,3,1310.11,0.05,3733.81,1051.57,UPI,Same Day,3.3
139,ORD104681,CUST1562,Aarav Sharma,2025-09-24,Jaipur,North,Clothing,Sneakers,1,3254.75,0.05,3092.01,424.19,Debit Card,Standard,3.9
140,ORD100670,CUST2143,Arjun Singh,2025-10-30,Mumbai,West,Electronics,Smart Watch,2,3302.44,0.15,5614.15,1660.97,Credit Card,Standard,4.2
141,ORD104013,CUST2119,Rohan Patel,2025-05-05,Noida,North,Sports,Football,2,976.82,0.15,1660.59,312.48,Debit Card,Same Day,4.3
142,ORD102110,CUST1689,Aditya Joshi,2025-02-07,Chennai,South,Beauty,Perfume,4,1257.47,0.1,4526.89,1146.94,Net Banking,Same Day,4.4
143,ORD100157,CUST2098,Priya Saxena,2025-05-27,Lucknow,North,Home & Kitchen,Cookware Set,1,2411.0,0.25,1808.25,441.6,Net Banking,Standard,3.2
144,ORD102323,CUST1829,Ishaan Kumar,2025-12-29,Jaipur,North,Electronics,Keyboard,4,1215.64,0.0,4862.56,1342.27,UPI,Express,4.2
145,ORD101405,CUST1938,Ananya Verma,2025-12-16,Bengaluru,South,Beauty,Perfume,1,1222.04,0.0,1222.04,230.05,Debit Card,Standard,3.9
146,ORD100676,CUST1013,Rohan Patel,2025-10-26,Noida,North,Sports,Running Shoes,1,3255.62,0.1,2930.06,554.74,Net Banking,Express,3.8
147,ORD103708,CUST1731,Kavya Srivastava,2025-01-10,Chennai,South,Sports,Running Shoes,1,2862.74,0.25,2147.05,293.63,UPI,Express,3.8
148,ORD101010,CUST1199,Rahul Tiwari,2025-08-08,Chandigarh,North,Clothing,T-Shirt,1,670.47,0.05,636.95,214.42,Net Banking,Standard,4.8
149,ORD102254,CUST1934,Kavya Srivastava,2025-02-28,Noida,North,Electronics,Keyboard,4,1227.67,0.2,3928.54,805.23,Net Banking,Same Day,4.0
150,ORD100240,CUST1626,Priya Saxena,2025-06-10,Lucknow,North,Clothing,Sneakers,1,3085.38,0.1,2776.84,816.84,Credit Card,Same Day,4.7
151,ORD103951,CUST2093,Karan Mehta,2025-03-18,Delhi,North,Electronics,Wireless Mouse,2,775.27,0.1,1395.49,481.52,UPI,Same Day,4.9
152,ORD102337,CUST1010,Sneha Agarwal,2025-11-05,Hyderabad,South,Beauty,Sunscreen,1,757.7,0.0,757.7,94.38,Credit Card,Express,4.2
153,ORD101747,CUST1310,Priya Saxena,2025-06-01,Ahmedabad,West,Books,Programming Book,2,1169.69,0.05,2222.41,426.18,Cash on Delivery,Same Day,4.0
154,ORD103247,CUST1883,Aarav Sharma,2025-10-31,Bengaluru,South,Home & Kitchen,Bedsheet,1,1083.95,0.1,975.56,229.27,Net Banking,Same Day,2.5
155,ORD103761,CUST1520,Rohan Patel,2025-11-15,Jaipur,North,Clothing,Jeans,4,1747.19,0.2,5591.01,573.51,Cash on Delivery,Standard,4.6
156,ORD101187,CUST1469,Meera Mishra,2025-07-05,Jaipur,North,Sports,Running Shoes,1,2748.79,0.15,2336.47,386.87,UPI,Express,3.6
157,ORD104387,CUST1861,Karan Mehta,2025-09-30,Delhi,North,Books,Programming Book,4,1099.85,0.0,4399.4,720.5,Net Banking,Same Day,4.6
158,ORD102902,CUST1340,Arjun Singh,2025-07-22,Mumbai,West,Electronics,Wireless Mouse,1,785.57,0.15,667.73,192.41,UPI,Standard,4.4
159,ORD102698,CUST1583,Karan Mehta,2025-06-27,Delhi,North,Home & Kitchen,Cookware Set,2,2672.32,0.0,5344.64,1171.95,Debit Card,Same Day,5.0
160,ORD104227,CUST1058,Ananya Verma,2025-09-07,Noida,North,Beauty,Perfume,2,1352.62,0.0,2705.24,899.6,Net Banking,Same Day,4.1
161,ORD101175,CUST2122,Rahul Tiwari,2025-07-01,Chennai,South,Clothing,Sneakers,1,2822.75,0.1,2540.47,542.72,UPI,Express,3.7
162,ORD104941,CUST1905,Meera Mishra,2025-12-30,Hyderabad,South,Sports,Yoga Mat,1,970.77,0.15,825.15,161.3,Debit Card,Same Day,4.9
163,ORD103312,CUST1120,Aditi Malhotra,2025-04-17,Mumbai,West,Sports,Running Shoes,2,3101.51,0.05,5892.87,719.55,UPI,Standard,4.8
164,ORD102213,CUST1061,Meera Mishra,2025-11-20,Hyderabad,South,Home & Kitchen,Bedsheet,2,947.67,0.0,1895.34,487.46,Credit Card,Same Day,4.3
165,ORD100422,CUST2021,Ananya Verma,2025-12-22,Kolkata,East,Home & Kitchen,Coffee Maker,1,3168.93,0.15,2693.59,893.55,Cash on Delivery,Standard,3.8
166,ORD104396,CUST1623,Ananya Verma,2025-01-25,Kolkata,East,Electronics,Headphones,1,2009.84,0.15,1708.36,271.0,Credit Card,Express,3.8
167,ORD100248,CUST1613,Ishaan Kumar,2025-01-27,Hyderabad,South,Sports,Yoga Mat,1,894.56,0.15,760.38,130.24,UPI,Same Day,4.2
168,ORD102053,CUST1407,Kavya Srivastava,2025-10-13,Jaipur,North,Beauty,Perfume,5,1384.02,0.1,6228.09,1777.14,Cash on Delivery,Same Day,4.5
169,ORD101675,CUST1316,Kavya Srivastava,2025-04-30,Bengaluru,South,Sports,Yoga Mat,1,830.32,0.15,705.77,89.1,UPI,Same Day,4.3
170,ORD103393,CUST2045,Ishaan Kumar,2025-06-03,Bengaluru,South,Electronics,Keyboard,3,1284.83,0.15,3276.32,1039.21,Credit Card,Same Day,3.5
171,ORD102252,CUST1046,Kavya Srivastava,2025-04-07,Noida,North,Beauty,Sunscreen,2,729.06,0.25,1093.59,207.95,Debit Card,Express,4.6
172,ORD102177,CUST1732,Aditya Joshi,2025-03-19,Ahmedabad,West,Clothing,T-Shirt,1,763.71,0.05,725.52,186.23,Cash on Delivery,Express,4.3
173,ORD102843,CUST1878,Aditya Joshi,2025-04-18,Chennai,South,Clothing,Jeans,1,1792.91,0.2,1434.33,383.91,Cash on Delivery,Express,3.5
174,ORD101871,CUST2089,Rohan Patel,2025-02-25,Pune,West,Clothing,Hoodie,4,1440.41,0.15,4897.39,1452.32,Net Banking,Same Day,3.9
175,ORD104159,CUST1407,Aditya Joshi,2025-03-21,Lucknow,North,Beauty,Perfume,4,1380.71,0.0,5522.84,1411.28,Net Banking,Same Day,5.0
176,ORD100008,CUST1416,Rohan Patel,2025-07-22,Chandigarh,North,Books,Novel,2,504.91,0.05,959.33,103.32,Net Banking,Standard,3.9
177,ORD103753,CUST1362,Sneha Agarwal,2025-11-01,Pune,West,Clothing,T-Shirt,5,694.63,0.1,3125.84,409.06,Cash on Delivery,Express,3.5
178,ORD101444,CUST1970,Arjun Singh,2025-12-21,Chennai,South,Sports,Running Shoes,1,3164.76,0.05,3006.52,385.32,Cash on Delivery,Express,5.0
179,ORD102103,CUST1020,Aditya Joshi,2025-01-21,Kolkata,East,Home & Kitchen,Cookware Set,2,2583.99,0.0,5167.98,913.74,UPI,Standard,4.6
180,ORD100144,CUST1405,Sneha Agarwal,2025-01-01,Lucknow,North,Home & Kitchen,Bedsheet,1,986.28,0.15,838.34,91.14,Cash on Delivery,Same Day,3.9
181,ORD103269,CUST1277,Rohan Patel,2025-12-05,Ahmedabad,West,Clothing,Jeans,2,1956.84,0.15,3326.63,398.29,Credit Card,Standard,4.6
182,ORD102623,CUST1151,Meera Mishra,2025-03-03,Chennai,South,Beauty,Sunscreen,2,736.96,0.15,1252.83,265.61,Cash on Delivery,Standard,3.3
183,ORD104239,CUST1692,Arjun Singh,2025-07-28,Jaipur,North,Sports,Football,5,969.3,0.1,4361.85,1209.45,UPI,Standard,3.5
184,ORD103805,CUST2011,Sneha Agarwal,2025-05-22,Jaipur,North,Books,Novel,2,537.86,0.2,860.58,215.75,Net Banking,Same Day,4.5
185,ORD104394,CUST1684,Aditi Malhotra,2025-03-26,Lucknow,North,Electronics,Wireless Mouse,4,726.15,0.1,2614.14,804.55,Net Banking,Same Day,3.6
186,ORD100151,CUST1540,Meera Mishra,2025-05-21,Jaipur,North,Clothing,Sneakers,1,2861.46,0.1,2575.31,460.18,Cash on Delivery,Same Day,4.4
187,ORD104052,CUST1542,Priya Saxena,2025-06-19,Delhi,North,Electronics,Keyboard,1,1322.96,0.15,1124.52,144.65,UPI,Same Day,4.8
188,ORD103887,CUST1809,Aarav Sharma,2025-03-09,Bengaluru,South,Home & Kitchen,Cookware Set,3,2686.17,0.1,7252.66,1841.79,Net Banking,Standard,4.0
189,ORD101074,CUST1984,Aarav Sharma,2025-08-08,Noida,North,Electronics,Keyboard,1,1220.05,0.15,1037.04,192.65,Net Banking,Standard,3.7
190,ORD102157,CUST2085,Karan Mehta,2025-12-05,Chennai,South,Home & Kitchen,Cookware Set,3,2602.12,0.05,7416.04,1103.56,UPI,Express,3.8
191,ORD104102,CUST1735,Priya Saxena,2025-07-20,Chennai,South,Home & Kitchen,Cookware Set,1,2347.23,0.05,2229.87,419.0,Debit Card,Standard,2.8
192,ORD101018,CUST1287,Aditya Joshi,2025-07-16,Chandigarh,North,Clothing,T-Shirt,1,639.66,0.2,511.73,131.2,Cash on Delivery,Express,4.1
193,ORD100586,CUST1564,Priya Saxena,2025-02-01,Bengaluru,South,Beauty,Sunscreen,4,688.92,0.0,2755.68,514.21,Debit Card,Standard,4.6
194,ORD101626,CUST1815,Aditi Malhotra,2025-12-17,Kolkata,East,Sports,Yoga Mat,2,949.11,0.15,1613.49,407.74,Credit Card,Standard,3.8
195,ORD102906,CUST2190,Ishaan Kumar,2025-03-17,Kolkata,East,Clothing,Jeans,1,1828.34,0.2,1462.67,320.72,Credit Card,Express,4.0
196,ORD104367,CUST1197,Karan Mehta,2025-08-22,Kolkata,East,Clothing,Sneakers,4,3044.2,0.15,10350.28,3034.13,Credit Card,Same Day,2.8
197,ORD101272,CUST2038,Aarav Sharma,2025-04-05,Mumbai,West,Home & Kitchen,Coffee Maker,5,3399.98,0.0,16999.9,3473.77,UPI,Express,3.1
198,ORD101612,CUST1416,Ishaan Kumar,2025-06-22,Jaipur,North,Home & Kitchen,Coffee Maker,1,3668.6,0.3,2568.02,433.85,Credit Card,Standard,3.8
199,ORD103433,CUST1256,Ishaan Kumar,2025-01-05,Kolkata,East,Home & Kitchen,Table Lamp,1,935.95,0.0,935.95,243.25,Cash on Delivery,Standard,4.0
200,ORD103032,CUST1916,Arjun Singh,2025-09-12,Jaipur,North,Books,Data Science Book,1,837.73,0.05,795.84,222.06,UPI,Same Day,4.9
201,ORD102534,CUST1425,Ananya Verma,2025-02-03,Ahmedabad,West,Home & Kitchen,Coffee Maker,5,3306.28,0.1,14878.26,2423.78,UPI,Express,4.0
202,ORD101129,CUST1443,Aditya Joshi,2025-12-01,Chennai,South,Sports,Running Shoes,2,2985.91,0.15,5076.05,755.16,Credit Card,Express,4.7
203,ORD104432,CUST1117,Aditya Joshi,2025-08-08,Hyderabad,South,Books,Programming Book,1,1235.14,0.15,1049.87,256.0,Cash on Delivery,Express,2.3
204,ORD104073,CUST1709,Rahul Tiwari,2025-12-08,Mumbai,West,Beauty,Sunscreen,1,691.69,0.25,518.77,156.53,Debit Card,Express,4.2
205,ORD104767,CUST2198,Meera Mishra,2025-07-05,Chandigarh,North,Home & Kitchen,Cookware Set,3,2527.49,0.1,6824.22,1642.61,Debit Card,Express,3.980060240963855
206,ORD100657,CUST1680,Rahul Tiwari,2025-10-04,Hyderabad,South,Home & Kitchen,Coffee Maker,5,3553.12,0.15,15100.76,2181.25,Cash on Delivery,Same Day,3.6
207,ORD100711,CUST1384,Aditi Malhotra,2025-01-22,Chennai,South,Home & Kitchen,Cookware Set,4,2557.02,0.15,8693.87,2065.86,Net Banking,Same Day,4.7
208,ORD100100,CUST1145,Aditi Malhotra,2025-02-22,Delhi,North,Clothing,T-Shirt,4,725.99,0.0,2903.96,658.69,Credit Card,Standard,3.9
209,ORD104616,CUST1961,Aditi Malhotra,2025-09-16,Bengaluru,South,Clothing,Jeans,2,1833.85,0.25,2750.77,375.15,Credit Card,Standard,2.7
210,ORD103129,CUST1050,Ananya Verma,2025-04-24,Pune,West,Clothing,T-Shirt,4,744.78,0.1,2681.21,600.9,Debit Card,Standard,4.3
211,ORD104002,CUST1771,Diya Gupta,2025-12-14,Ahmedabad,West,Sports,Running Shoes,1,2878.59,0.1,2590.73,414.59,Net Banking,Standard,4.0
212,ORD104515,CUST1354,Rohan Patel,2025-10-20,Bengaluru,South,Home & Kitchen,Bedsheet,2,919.36,0.15,1562.91,234.67,Net Banking,Same Day,3.0
213,ORD100553,CUST1821,Kavya Srivastava,2025-11-17,Bengaluru,South,Clothing,Jeans,1,1947.23,0.0,1947.23,417.71,Debit Card,Express,3.6
214,ORD100429,CUST1767,Aarav Sharma,2025-04-30,Ahmedabad,West,Books,Programming Book,1,1276.13,0.15,1084.71,260.12,UPI,Standard,4.4
215,ORD103053,CUST1411,Sneha Agarwal,2025-08-13,Delhi,North,Home & Kitchen,Table Lamp,5,826.37,0.1,3718.67,727.68,UPI,Same Day,2.7
216,ORD102378,CUST1385,Diya Gupta,2025-05-17,Lucknow,North,Beauty,Sunscreen,5,710.39,0.05,3374.35,954.22,UPI,Same Day,4.3
217,ORD102404,CUST1505,Aditya Joshi,2025-04-11,Pune,West,Clothing,Sneakers,4,2781.02,0.0,11124.08,3482.85,Credit Card,Standard,3.8
218,ORD100227,CUST1401,Rohan Patel,2025-01-27,Kolkata,East,Sports,Football,1,1002.13,0.1,901.92,298.01,Debit Card,Express,4.8
219,ORD103872,CUST1520,Sneha Agarwal,2025-06-24,Lucknow,North,Electronics,Keyboard,1,1394.74,0.15,1185.53,128.84,Net Banking,Same Day,3.8
220,ORD103279,CUST1245,Aarav Sharma,2025-03-29,Hyderabad,South,Electronics,Smart Watch,4,3167.52,0.1,11403.07,1253.56,Credit Card,Express,3.6
221,ORD102775,CUST1009,Karan Mehta,2025-12-21,Jaipur,North,Clothing,T-Shirt,5,735.27,0.15,3124.9,831.06,Net Banking,Same Day,4.1
222,ORD101044,CUST1407,Kavya Srivastava,2025-07-26,Pune,West,Books,Data Science Book,1,828.58,0.05,787.15,112.54,UPI,Same Day,5.0
223,ORD101101,CUST1474,Ananya Verma,2025-09-24,Chandigarh,North,Home & Kitchen,Table Lamp,1,840.42,0.15,714.36,103.41,Credit Card,Standard,4.5
224,ORD104680,CUST1724,Ananya Verma,2025-08-25,Hyderabad,South,Home & Kitchen,Table Lamp,1,823.15,0.15,699.68,229.8,Credit Card,Standard,4.2
225,ORD104883,CUST1456,Priya Saxena,2025-08-14,Chandigarh,North,Clothing,Hoodie,4,1546.02,0.15,5256.47,1566.04,Credit Card,Same Day,4.1
226,ORD102228,CUST1638,Ishaan Kumar,2025-12-05,Lucknow,North,Electronics,Headphones,2,1860.04,0.1,3348.07,697.3,Net Banking,Express,4.0
227,ORD104898,CUST1392,Sneha Agarwal,2025-07-02,Jaipur,North,Clothing,Hoodie,2,1361.23,0.15,2314.09,636.77,Net Banking,Standard,3.8
228,ORD103412,CUST1571,Karan Mehta,2025-11-14,Noida,North,Sports,Football,1,989.26,0.1,890.33,277.58,Debit Card,Express,3.3
229,ORD103334,CUST1546,Meera Mishra,2025-01-21,Noida,North,Home & Kitchen,Table Lamp,3,898.49,0.15,2291.15,229.14,Net Banking,Express,3.3
230,ORD103007,CUST1791,Arjun Singh,2025-03-25,Delhi,North,Electronics,Smart Watch,2,3801.41,0.2,6082.26,1042.78,UPI,Standard,5.0
231,ORD102464,CUST1173,Aarav Sharma,2025-03-04,Lucknow,North,Clothing,T-Shirt,1,639.13,0.1,575.22,147.84,Debit Card,Standard,3.2
232,ORD103555,CUST1356,Meera Mishra,2025-12-28,Pune,West,Sports,Yoga Mat,2,825.37,0.1,1485.67,209.85,UPI,Express,4.7
233,ORD100763,CUST1123,Ishaan Kumar,2025-03-31,Bengaluru,South,Clothing,Jeans,2,1621.05,0.1,2917.89,376.88,Credit Card,Express,3.7
234,ORD104155,CUST2152,Rohan Patel,2025-07-06,Chennai,South,Home & Kitchen,Coffee Maker,1,3418.75,0.25,2564.06,302.0,Credit Card,Express,3.9
235,ORD100228,CUST1775,Rohan Patel,2025-03-08,Pune,West,Home & Kitchen,Bedsheet,2,942.44,0.0,1884.88,188.76,Credit Card,Same Day,2.7
236,ORD101782,CUST1902,Sneha Agarwal,2025-05-14,Delhi,North,Home & Kitchen,Cookware Set,1,2296.44,0.1,2066.8,701.31,Credit Card,Express,3.8
237,ORD100691,CUST1396,Ishaan Kumar,2025-09-02,Chandigarh,North,Books,Programming Book,4,1188.16,0.05,4515.01,524.14,Cash on Delivery,Standard,3.9
238,ORD101412,CUST1762,Kavya Srivastava,2025-10-30,Lucknow,North,Home & Kitchen,Bedsheet,2,1091.27,0.1,1964.29,666.14,Net Banking,Express,5.0
239,ORD103187,CUST1108,Aarav Sharma,2025-04-22,Mumbai,West,Books,Programming Book,2,1161.23,0.1,2090.21,480.02,Debit Card,Standard,3.9
240,ORD102227,CUST1751,Aditya Joshi,2025-10-09,Kolkata,East,Electronics,Keyboard,2,1406.19,0.2,2249.9,415.83,UPI,Standard,3.5
241,ORD103320,CUST1348,Diya Gupta,2025-04-05,Mumbai,West,Beauty,Sunscreen,1,640.52,0.2,512.42,74.97,Cash on Delivery,Same Day,3.2
242,ORD101144,CUST1577,Rahul Tiwari,2025-05-27,Delhi,North,Books,Data Science Book,2,985.99,0.15,1676.18,580.4,Cash on Delivery,Express,4.0
243,ORD100297,CUST1127,Ananya Verma,2025-10-06,Lucknow,North,Electronics,Headphones,1,2193.78,0.0,2193.78,629.65,Net Banking,Express,3.9
244,ORD100033,CUST1648,Aarav Sharma,2025-03-02,Noida,North,Sports,Running Shoes,2,2869.88,0.0,5739.76,739.7,Cash on Delivery,Standard,4.2
245,ORD104621,CUST1440,Aditi Malhotra,2025-11-18,Jaipur,North,Books,Novel,4,478.41,0.05,1817.96,182.51,Cash on Delivery,Express,3.4
246,ORD104022,CUST1470,Diya Gupta,2025-03-30,Chandigarh,North,Books,Novel,1,512.26,0.15,435.42,67.79,Net Banking,Express,4.5
247,ORD100599,CUST1791,Kavya Srivastava,2025-07-08,Jaipur,North,Home & Kitchen,Coffee Maker,1,3625.64,0.1,3263.08,1093.63,UPI,Standard,4.8
248,ORD102091,CUST1014,Arjun Singh,2025-01-15,Jaipur,North,Books,Novel,4,510.13,0.2,1632.42,164.38,Cash on Delivery,Express,4.5
249,ORD101433,CUST1856,Meera Mishra,2025-12-27,Lucknow,North,Sports,Football,2,1005.67,0.1,1810.21,415.83,Net Banking,Express,2.7
250,ORD102687,CUST2160,Priya Saxena,2025-02-16,Delhi,North,Clothing,Jeans,1,1860.34,0.1,1674.31,258.57,Debit Card,Standard,4.6
251,ORD102715,CUST2073,Priya Saxena,2025-06-12,Jaipur,North,Home & Kitchen,Table Lamp,1,903.82,0.15,768.25,231.2,Net Banking,Standard,3.6
252,ORD104627,CUST1424,Diya Gupta,2025-10-02,Chennai,South,Clothing,Hoodie,2,1553.78,0.1,2796.8,766.4,Net Banking,Standard,4.5
253,ORD103046,CUST1133,Rahul Tiwari,2025-01-26,Delhi,North,Books,Programming Book,3,1296.48,0.1,3500.5,428.28,Credit Card,Standard,4.2
254,ORD103308,CUST1378,Aarav Sharma,2025-04-24,Ahmedabad,West,Sports,Football,4,967.62,0.1,3483.43,996.77,UPI,Same Day,3.6
255,ORD102742,CUST1072,Ishaan Kumar,2025-06-23,Hyderabad,South,Beauty,Sunscreen,2,701.5,0.1,1262.7,279.79,UPI,Standard,3.8
256,ORD101499,CUST1711,Arjun Singh,2025-11-27,Chandigarh,North,Home & Kitchen,Table Lamp,3,894.84,0.05,2550.29,581.16,Debit Card,Express,4.1
257,ORD104563,CUST1593,Rohan Patel,2025-08-10,Jaipur,North,Electronics,Wireless Mouse,1,846.89,0.05,804.55,193.54,UPI,Same Day,3.4
258,ORD100230,CUST1187,Rahul Tiwari,2025-10-05,Hyderabad,South,Clothing,Hoodie,1,1418.26,0.2,1134.61,255.35,Debit Card,Same Day,2.6
259,ORD100296,CUST1117,Diya Gupta,2025-08-08,Chennai,South,Beauty,Perfume,1,1203.86,0.15,1023.28,319.18,Debit Card,Standard,4.0
260,ORD101718,CUST1914,Meera Mishra,2025-09-21,Noida,North,Clothing,Jeans,2,1622.9,0.2,2596.64,716.14,Debit Card,Standard,4.2
261,ORD103704,CUST2016,Aditi Malhotra,2025-05-09,Jaipur,North,Sports,Football,4,1012.58,0.15,3442.77,825.24,Cash on Delivery,Express,4.3
262,ORD104721,CUST1700,Karan Mehta,2025-04-15,Chandigarh,North,Clothing,Jeans,1,1949.66,0.2,1559.73,184.33,Net Banking,Standard,3.8
263,ORD101832,CUST1134,Sneha Agarwal,2025-10-31,Mumbai,West,Clothing,Jeans,3,1785.25,0.1,4820.18,1652.6,Debit Card,Express,3.9
264,ORD101617,CUST2045,Sneha Agarwal,2025-10-30,Hyderabad,South,Clothing,Hoodie,1,1602.22,0.0,1602.22,188.07,Net Banking,Express,3.9
265,ORD100977,CUST1052,Sneha Agarwal,2025-04-11,Delhi,North,Books,Programming Book,1,1200.72,0.05,1140.68,175.38,Credit Card,Express,3.4
266,ORD103747,CUST2133,Priya Saxena,2025-12-20,Delhi,North,Home & Kitchen,Coffee Maker,4,3227.98,0.2,10329.54,2516.87,UPI,Express,3.9
267,ORD103400,CUST1703,Arjun Singh,2025-01-08,Mumbai,West,Clothing,T-Shirt,3,758.46,0.0,2275.38,414.86,Net Banking,Express,4.3
268,ORD104572,CUST2126,Arjun Singh,2025-11-11,Lucknow,North,Home & Kitchen,Cookware Set,4,2512.35,0.2,8039.52,2045.74,Cash on Delivery,Express,4.2
269,ORD103628,CUST1377,Aditi Malhotra,2025-10-04,Delhi,North,Beauty,Face Wash,2,371.93,0.0,743.86,146.97,Debit Card,Standard,2.4
271,ORD102702,CUST1307,Priya Saxena,2025-02-07,Ahmedabad,West,Sports,Football,4,916.64,0.1,3299.9,558.82,Credit Card,Express,2.8
272,ORD101730,CUST1499,Rohan Patel,2025-10-12,Bengaluru,South,Sports,Football,1,963.95,0.15,819.36,121.92,Cash on Delivery,Express,4.0
274,ORD103179,CUST1383,Kavya Srivastava,2025-07-28,Noida,North,Clothing,Hoodie,1,1588.75,0.3,1112.12,345.94,Cash on Delivery,Same Day,3.6
275,ORD104392,CUST2041,Aditi Malhotra,2025-02-04,Bengaluru,South,Sports,Yoga Mat,1,809.55,0.1,728.6,185.97,Net Banking,Standard,4.5
276,ORD103660,CUST2194,Diya Gupta,2025-05-13,Mumbai,West,Beauty,Face Wash,5,372.53,0.15,1583.25,512.45,Credit Card,Standard,3.7
277,ORD101268,CUST1709,Karan Mehta,2025-02-02,Kolkata,East,Beauty,Face Wash,2,417.54,0.05,793.33,210.42,Credit Card,Express,4.8
279,ORD102481,CUST1194,Aarav Sharma,2025-08-14,Noida,North,Home & Kitchen,Cookware Set,2,2353.51,0.25,3530.27,649.83,Net Banking,Express,2.1
280,ORD101609,CUST1245,Ishaan Kumar,2025-09-14,Ahmedabad,West,Clothing,Jeans,3,1731.74,0.0,5195.22,1178.73,Net Banking,Standard,3.9
281,ORD104891,CUST1941,Sneha Agarwal,2025-12-04,Noida,North,Clothing,Jeans,1,1784.02,0.15,1516.42,267.19,Cash on Delivery,Express,5.0
282,ORD102836,CUST1270,Kavya Srivastava,2025-04-29,Kolkata,East,Clothing,Hoodie,4,1482.9,0.05,5635.02,1356.4,Cash on Delivery,Same Day,4.4
283,ORD100486,CUST1632,Meera Mishra,2025-05-17,Jaipur,North,Clothing,T-Shirt,1,722.56,0.15,614.18,196.73,Cash on Delivery,Same Day,3.8
284,ORD104104,CUST2129,Rahul Tiwari,2025-08-04,Noida,North,Home & Kitchen,Coffee Maker,3,3548.9,0.2,8517.36,2966.52,Debit Card,Express,4.7
285,ORD100149,CUST1895,Meera Mishra,2025-08-28,Mumbai,West,Books,Novel,2,477.95,0.15,812.51,196.31,Credit Card,Same Day,5.0
286,ORD103634,CUST1865,Kavya Srivastava,2025-09-13,Chennai,South,Beauty,Perfume,5,1248.09,0.15,5304.38,1381.82,Net Banking,Standard,5.0
287,ORD104671,CUST1094,Arjun Singh,2025-07-10,Jaipur,North,Electronics,Wireless Mouse,1,829.66,0.1,746.69,239.09,Cash on Delivery,Express,4.6
288,ORD103119,CUST1804,Priya Saxena,2025-03-17,Delhi,North,Electronics,Smart Watch,3,3701.08,0.25,8327.43,1824.72,Cash on Delivery,Standard,4.5
289,ORD100012,CUST1594,Sneha Agarwal,2025-02-01,Hyderabad,South,Books,Novel,5,460.88,0.25,1728.3,565.41,Debit Card,Standard,4.9
290,ORD100505,CUST1903,Arjun Singh,2025-05-25,Noida,North,Clothing,Hoodie,1,1588.96,0.25,1191.72,328.81,Debit Card,Express,2.9
291,ORD104325,CUST1701,Aarav Sharma,2025-01-04,Pune,West,Beauty,Sunscreen,1,713.49,0.0,713.49,154.82,Debit Card,Express,5.0
292,ORD101720,CUST1423,Ananya Verma,2025-03-05,Hyderabad,South,Beauty,Perfume,3,1326.52,0.05,3780.58,1107.27,UPI,Express,3.6
293,ORD101995,CUST1058,Meera Mishra,2025-05-09,Kolkata,East,Beauty,Sunscreen,3,690.61,0.15,1761.06,276.25,Cash on Delivery,Standard,4.0
294,ORD103729,CUST1829,Diya Gupta,2025-04-29,Delhi,North,Home & Kitchen,Bedsheet,2,1011.23,0.0,2022.46,663.52,Credit Card,Standard,3.6
295,ORD101755,CUST1484,Ishaan Kumar,2025-02-09,Pune,West,Books,Novel,1,483.03,0.05,458.88,126.99,Cash on Delivery,Standard,5.0
296,ORD100859,CUST1935,Meera Mishra,2025-01-06,Noida,North,Beauty,Sunscreen,2,713.24,0.25,1069.86,203.29,Cash on Delivery,Same Day,3.0
297,ORD104913,CUST1228,Aditi Malhotra,2025-11-24,Kolkata,East,Electronics,Wireless Mouse,5,867.44,0.0,4337.2,1387.75,Cash on Delivery,Express,3.9
298,ORD101330,CUST1142,Rohan Patel,2025-04-17,Ahmedabad,West,Books,Programming Book,5,1260.64,0.25,4727.4,1151.44,UPI,Same Day,4.7
299,ORD101670,CUST1128,Kavya Srivastava,2025-08-11,Hyderabad,South,Home & Kitchen,Bedsheet,1,941.44,0.05,894.37,193.69,UPI,Same Day,4.6
300,ORD100333,CUST1785,Priya Saxena,2025-06-22,Jaipur,North,Clothing,T-Shirt,1,743.43,0.15,631.92,117.12,Debit Card,Same Day,4.1
301,ORD104150,CUST1890,Rohan Patel,2025-10-08,Chennai,South,Home & Kitchen,Cookware Set,4,2509.13,0.0,10036.52,1852.36,Cash on Delivery,Standard,2.9
302,ORD104335,CUST1148,Meera Mishra,2025-06-24,Lucknow,North,Clothing,Hoodie,2,1575.4,0.15,2678.18,286.31,UPI,Standard,4.1
303,ORD102222,CUST2060,Ananya Verma,2025-05-27,Jaipur,North,Electronics,Wireless Mouse,1,828.48,0.0,828.48,190.43,UPI,Express,4.5
304,ORD101135,CUST1077,Rohan Patel,2025-12-26,Hyderabad,South,Sports,Running Shoes,3,2917.9,0.1,7878.33,1722.45,Debit Card,Same Day,4.1
305,ORD104151,CUST1891,Meera Mishra,2025-03-16,Pune,West,Books,Data Science Book,1,949.18,0.1,854.26,127.52,UPI,Same Day,3.7
306,ORD100577,CUST1206,Arjun Singh,2025-08-25,Bengaluru,South,Home & Kitchen,Table Lamp,3,818.64,0.05,2333.12,635.63,Net Banking,Standard,3.0
307,ORD102879,CUST2191,Arjun Singh,2025-11-03,Chennai,South,Sports,Yoga Mat,5,860.79,0.1,3873.55,739.62,Credit Card,Express,3.9
308,ORD104920,CUST1750,Ishaan Kumar,2025-07-03,Jaipur,North,Home & Kitchen,Bedsheet,2,992.75,0.0,1985.5,225.67,UPI,Standard,4.5
309,ORD100724,CUST1401,Ishaan Kumar,2025-07-11,Kolkata,East,Home & Kitchen,Bedsheet,2,1057.7,0.05,2009.63,302.4,Credit Card,Express,3.4
310,ORD103741,CUST1237,Ananya Verma,2025-02-25,Noida,North,Home & Kitchen,Coffee Maker,2,3392.02,0.1,6105.64,2113.62,Credit Card,Standard,3.6
311,ORD103830,CUST1202,Aarav Sharma,2025-05-03,Delhi,North,Clothing,Jeans,1,1860.52,0.1,1674.47,198.82,Cash on Delivery,Same Day,5.0
312,ORD102895,CUST2071,Karan Mehta,2025-01-15,Ahmedabad,West,Home & Kitchen,Coffee Maker,3,3313.95,0.05,9444.76,1646.3,Cash on Delivery,Standard,4.7
313,ORD104243,CUST1386,Diya Gupta,2025-08-31,Chennai,South,Electronics,Keyboard,1,1330.25,0.0,1330.25,219.15,Cash on Delivery,Express,5.0
314,ORD100776,CUST1526,Ishaan Kumar,2025-11-28,Pune,West,Home & Kitchen,Cookware Set,2,2493.97,0.15,4239.75,663.15,UPI,Standard,4.5
315,ORD102445,CUST1783,Priya Saxena,2025-03-31,Hyderabad,South,Electronics,Smart Watch,1,3646.24,0.15,3099.3,864.21,Credit Card,Standard,4.0
316,ORD104519,CUST1202,Aditya Joshi,2025-05-18,Delhi,North,Clothing,Hoodie,1,1532.63,0.05,1456.0,314.48,Net Banking,Same Day,4.9
317,ORD100132,CUST1861,Aditi Malhotra,2025-08-11,Noida,North,Beauty,Perfume,2,1235.38,0.15,2100.15,378.28,Debit Card,Express,3.6
318,ORD100530,CUST1521,Diya Gupta,2025-12-16,Pune,West,Home & Kitchen,Table Lamp,2,859.27,0.25,1288.9,414.92,Debit Card,Same Day,3.3
319,ORD101751,CUST1655,Priya Saxena,2025-01-18,Pune,West,Beauty,Perfume,1,1247.95,0.2,998.36,337.16,UPI,Express,4.9
320,ORD101909,CUST2169,Karan Mehta,2025-09-22,Delhi,North,Clothing,Hoodie,5,1531.32,0.05,7273.77,866.09,Net Banking,Standard,3.7
321,ORD101073,CUST1460,Sneha Agarwal,2025-01-26,Chandigarh,North,Books,Programming Book,4,1106.69,0.15,3762.75,913.52,Net Banking,Standard,3.4
322,ORD103970,CUST1587,Arjun Singh,2025-03-06,Jaipur,North,Sports,Football,4,961.34,0.2,3076.29,648.99,Debit Card,Same Day,3.3
323,ORD104712,CUST1568,Rahul Tiwari,2025-11-16,Delhi,North,Books,Novel,1,455.35,0.15,387.05,97.74,Credit Card,Same Day,4.8
324,ORD104464,CUST2188,Arjun Singh,2025-08-16,Bengaluru,South,Sports,Running Shoes,2,2807.53,0.15,4772.8,1559.29,Credit Card,Same Day,4.2
325,ORD100287,CUST1759,Karan Mehta,2025-04-29,Pune,West,Sports,Yoga Mat,1,902.9,0.1,812.61,202.78,Cash on Delivery,Same Day,3.5
326,ORD101728,CUST1426,Aditya Joshi,2025-06-12,Ahmedabad,West,Electronics,Smart Watch,1,3457.18,0.0,3457.18,453.74,Credit Card,Same Day,4.1
327,ORD103151,CUST1822,Karan Mehta,2025-02-26,Hyderabad,South,Home & Kitchen,Bedsheet,5,1046.83,0.2,4187.32,1322.77,Credit Card,Same Day,3.6
328,ORD100465,CUST1774,Arjun Singh,2025-04-04,Noida,North,Beauty,Face Wash,1,416.93,0.15,354.39,74.53,Debit Card,Standard,4.2
329,ORD100877,CUST2178,Aditi Malhotra,2025-03-14,Chandigarh,North,Electronics,Headphones,1,1833.2,0.05,1741.54,592.98,UPI,Express,4.8
330,ORD101322,CUST1222,Karan Mehta,2025-12-13,Noida,North,Sports,Football,4,1052.52,0.05,3999.58,594.39,UPI,Standard,5.0
331,ORD104362,CUST1803,Meera Mishra,2025-10-06,Jaipur,North,Home & Kitchen,Bedsheet,1,993.9,0.0,993.9,179.97,UPI,Express,3.0
332,ORD101744,CUST1879,Diya Gupta,2025-01-01,Kolkata,East,Electronics,Headphones,1,2022.11,0.05,1921.0,375.24,Cash on Delivery,Standard,3.7
333,ORD104820,CUST1696,Aditi Malhotra,2025-12-13,Mumbai,West,Electronics,Wireless Mouse,2,743.99,0.15,1264.78,182.79,Net Banking,Same Day,3.8
334,ORD104727,CUST1807,Kavya Srivastava,2025-06-25,Chennai,South,Beauty,Face Wash,1,422.82,0.05,401.68,72.1,Debit Card,Express,4.5
335,ORD104550,CUST1269,Sneha Agarwal,2025-11-25,Lucknow,North,Clothing,T-Shirt,1,766.39,0.05,728.07,192.3,Net Banking,Same Day,5.0
336,ORD102259,CUST1098,Meera Mishra,2025-07-06,Jaipur,North,Beauty,Face Wash,3,383.14,0.05,1091.95,376.61,Debit Card,Express,3.9
337,ORD103515,CUST1432,Sneha Agarwal,2025-10-16,Mumbai,West,Clothing,Jeans,1,1904.89,0.15,1619.16,411.78,Net Banking,Standard,4.0
338,ORD102145,CUST1054,Priya Saxena,2025-12-12,Jaipur,North,home & kitchen,Table Lamp,5,845.12,0.1,3803.04,683.17,Net Banking,Standard,5.0
339,ORD100426,CUST1830,Karan Mehta,2025-02-26,Hyderabad,South,Electronics,Headphones,1,2010.46,0.0,2010.46,642.58,Debit Card,Same Day,3.4
340,ORD104347,CUST1786,Aarav Sharma,2025-12-23,Chennai,South,Books,Programming Book,5,1097.3,0.05,5212.18,1137.57,Cash on Delivery,Standard,4.2
341,ORD100491,CUST2040,Karan Mehta,2025-03-06,lucknow ,North,Clothing,Hoodie,4,1613.44,0.05,6131.07,752.79,Net Banking,Standard,4.3
342,ORD102317,CUST1310,Aarav Sharma,2025-04-24,Bengaluru,South,Home & Kitchen,Coffee Maker,1,3450.08,0.05,3277.58,379.17,UPI,Standard,3.2
343,ORD104850,CUST1592,Karan Mehta,2025-03-05,Bengaluru,South,Sports,Running Shoes,1,3241.71,0.15,2755.45,584.21,Debit Card,Express,4.5
344,ORD104693,CUST1104,Ishaan Kumar,2025-12-24,Delhi,North,Clothing,T-Shirt,1,734.6,0.15,624.41,203.49,UPI,Express,3.2
345,ORD102988,CUST1040,Priya Saxena,2025-12-07,Mumbai,West,Home & Kitchen,Coffee Maker,2,3390.77,0.1,6103.39,1466.27,Cash on Delivery,Standard,4.0
346,ORD100589,CUST2061,Karan Mehta,2025-04-26,Hyderabad,South,Beauty,Perfume,1,1407.11,0.05,1336.75,212.77,Credit Card,Same Day,4.4
347,ORD101988,CUST1321,Rahul Tiwari,2025-07-27,Mumbai,West,Electronics,Keyboard,3,1227.67,0.1,3314.71,1067.51,UPI,Express,3.7
348,ORD104281,CUST1628,Karan Mehta,2025-10-27,Chennai,South,Electronics,Keyboard,1,1225.72,0.15,1041.86,310.62,Net Banking,Same Day,4.5
349,ORD104274,CUST1623,Ishaan Kumar,2025-06-02,Noida,North,Books,Programming Book,1,1265.14,0.3,885.6,281.91,Cash on Delivery,Express,3.8
350,ORD102655,CUST1871,Arjun Singh,2025-05-30,Lucknow,North,Books,Programming Book,1,1208.39,0.25,906.29,224.81,Debit Card,Same Day,3.7
351,ORD101873,CUST1433,Karan Mehta,2025-04-03,Kolkata,East,Home & Kitchen,Cookware Set,2,2482.13,0.15,4219.62,1042.04,Net Banking,Express,3.3
352,ORD101533,CUST1720,Rohan Patel,2025-02-22,Mumbai,West,Home & Kitchen,Coffee Maker,2,3257.17,0.1,5862.91,1873.99,Cash on Delivery,Same Day,4.0
354,ORD100841,CUST1434,Priya Saxena,2025-10-11,Bengaluru,South,Home & Kitchen,Cookware Set,1,2703.91,0.1,2433.52,292.93,Credit Card,Same Day,4.3
355,ORD101305,CUST1589,Rohan Patel,2025-10-08,Jaipur,North,Clothing,Sneakers,1,3199.91,0.1,2879.92,336.09,Debit Card,Express,3.980060240963855
357,ORD101652,CUST1208,Aarav Sharma,2025-09-14,Mumbai,West,Electronics,Wireless Mouse,5,721.67,0.1,3247.51,890.41,Cash on Delivery,Same Day,3.5
358,ORD101224,CUST2009,Rohan Patel,2025-05-21,Pune,West,Books,Programming Book,1,1090.23,0.2,872.18,195.41,Cash on Delivery,Express,4.7
359,ORD101860,CUST1491,Rohan Patel,2025-05-20,Ahmedabad,West,Sports,Yoga Mat,1,851.98,0.0,851.98,228.31,Cash on Delivery,Same Day,5.0
360,ORD104253,CUST1054,Aarav Sharma,2025-12-04,Delhi,North,Electronics,Keyboard,2,1201.81,0.1,2163.26,670.35,Cash on Delivery,Standard,3.0
361,ORD101616,CUST1426,Aarav Sharma,2025-06-28,Ahmedabad,West,Electronics,Smart Watch,5,3661.24,0.1,16475.58,2477.29,Cash on Delivery,Express,3.9
362,ORD104574,CUST1114,Sneha Agarwal,2025-03-27,Mumbai,West,Sports,Yoga Mat,5,941.25,0.05,4470.94,1426.18,UPI,Express,3.9
364,ORD104704,CUST1830,Rohan Patel,2025-09-03,Kolkata,East,Home & Kitchen,Coffee Maker,3,3698.58,0.0,11095.74,3235.55,Cash on Delivery,Standard,3.2
365,ORD100393,CUST1093,Aditya Joshi,2025-12-25,Bengaluru,South,Home & Kitchen,Cookware Set,4,2731.09,0.0,10924.36,3044.96,UPI,Same Day,4.7
366,ORD104233,CUST1412,Sneha Agarwal,2025-09-27,Pune,West,Books,Data Science Book,3,903.5,0.15,2303.92,792.71,UPI,Standard,4.7
367,ORD102181,CUST1992,Sneha Agarwal,2025-12-18,Pune,West,Beauty,Sunscreen,3,644.43,0.1,1739.96,322.45,Credit Card,Express,3.0
368,ORD102644,CUST1485,Priya Saxena,2025-01-12,Bengaluru,South,Sports,Football,1,1024.45,0.15,870.78,137.25,Debit Card,Same Day,3.8
369,ORD104538,CUST1133,Sneha Agarwal,2025-12-30,Pune,West,Clothing,T-Shirt,1,648.86,0.05,616.42,158.0,Debit Card,Express,4.2
370,ORD102244,CUST1739,Ananya Verma,2025-10-06,Chennai,South,Beauty,Perfume,3,1405.93,0.1,3796.01,475.74,Credit Card,Same Day,5.0
371,ORD104518,CUST2013,Karan Mehta,2025-07-12,Ahmedabad,West,Home & Kitchen,Bedsheet,5,937.25,0.2,3749.0,1250.09,Credit Card,Express,2.8
372,ORD101002,CUST1592,Sneha Agarwal,2025-03-18,Noida,North,Home & Kitchen,Coffee Maker,4,3649.62,0.25,10948.86,2599.3,Net Banking,Express,4.0
373,ORD103960,CUST1086,Karan Mehta,2025-10-30,Mumbai,West,Sports,Running Shoes,1,2902.84,0.1,2612.56,706.9,Debit Card,Same Day,4.8
374,ORD102131,CUST1897,Meera Mishra,2025-08-26,Bengaluru,South,Clothing,Jeans,1,1928.62,0.3,1350.03,158.87,Cash on Delivery,Same Day,4.0
375,ORD100290,CUST1368,Ananya Verma,2025-07-01,Jaipur,North,Electronics,Headphones,2,2031.16,0.05,3859.2,1183.58,Cash on Delivery,Express,4.3
376,ORD103821,CUST1544,Priya Saxena,2025-12-27,Mumbai,West,Books,Programming Book,2,1301.64,0.0,2603.28,897.86,Net Banking,Standard,3.9
377,ORD102451,CUST1271,Ananya Verma,2025-12-08,Bengaluru,South,Books,Data Science Book,2,863.58,0.15,1468.09,162.28,Net Banking,Standard,4.2
378,ORD100252,CUST1246,Aditya Joshi,2025-05-24,Pune,West,Clothing,Sneakers,1,3185.12,0.05,3025.86,703.85,UPI,Standard,4.1
379,ORD104473,CUST1562,Aditi Malhotra,2025-07-02,Hyderabad,South,Sports,Yoga Mat,1,987.44,0.1,888.7,177.42,Cash on Delivery,Express,3.5
380,ORD100350,CUST1625,Diya Gupta,2025-09-11,Chennai,South,Clothing,T-Shirt,1,634.68,0.0,634.68,152.11,Cash on Delivery,Express,3.2
381,ORD100416,CUST2059,Rahul Tiwari,2025-07-03,Delhi,North,Clothing,T-Shirt,3,723.03,0.15,1843.73,456.15,Credit Card,Express,3.7
382,ORD102005,CUST1583,Aditi Malhotra,2025-04-02,Bengaluru,South,Electronics,Wireless Mouse,3,874.88,0.0,2624.64,283.75,Debit Card,Standard,4.0
383,ORD101615,CUST1150,Arjun Singh,2025-04-07,Bengaluru,South,Beauty,Sunscreen,1,685.94,0.25,514.46,160.15,Net Banking,Express,4.1
384,ORD101260,CUST1778,Aditi Malhotra,2025-04-30,Bengaluru,South,Home & Kitchen,Cookware Set,4,2679.26,0.0,10717.04,2240.0,UPI,Express,3.980060240963855
385,ORD100090,CUST1316,Meera Mishra,2025-01-15,Delhi,North,Beauty,Face Wash,1,378.74,0.0,378.74,80.97,Cash on Delivery,Standard,3.8
386,ORD102357,CUST1367,Ananya Verma,2025-05-06,Lucknow,North,Electronics,Keyboard,4,1425.33,0.15,4846.12,1406.09,Credit Card,Express,4.7
387,ORD100787,CUST1884,Karan Mehta,2025-06-28,Kolkata,East,Clothing,Sneakers,5,3059.18,0.05,14531.1,2828.14,Credit Card,Standard,2.7
388,ORD104301,CUST1999,Diya Gupta,2025-05-22,Lucknow,North,Home & Kitchen,Coffee Maker,4,3511.61,0.1,12641.8,2273.51,UPI,Express,3.4
389,ORD103076,CUST1445,Arjun Singh,2025-04-04,Noida,North,Beauty,Face Wash,4,371.93,0.0,1487.72,417.13,Net Banking,Same Day,5.0
390,ORD100026,CUST2037,Priya Saxena,2025-07-04,Delhi,North,Sports,Football,1,1037.81,0.1,934.03,140.05,UPI,Same Day,3.1
391,ORD104625,CUST1469,Priya Saxena,2025-05-23,Chandigarh,North,Clothing,Sneakers,2,3133.14,0.05,5952.97,645.71,Cash on Delivery,Standard,4.1
392,ORD100931,CUST1439,Karan Mehta,2025-07-10,Hyderabad,South,Clothing,Sneakers,2,2987.09,0.05,5675.47,1169.94,Debit Card,Express,4.0
393,ORD104624,CUST2035,Aditi Malhotra,2025-03-18,Chennai,South,Electronics,Keyboard,4,1388.05,0.0,5552.2,1373.4,UPI,Same Day,3.5
394,ORD101714,CUST1638,Ishaan Kumar,2025-08-15,Jaipur,North,Books,Programming Book,5,1204.61,0.2,4818.44,593.9,UPI,Same Day,4.3
395,ORD103989,CUST1416,Diya Gupta,2025-04-17,Delhi,North,Electronics,Smart Watch,2,3607.17,0.05,6853.62,2199.05,Net Banking,Same Day,4.3
396,ORD102233,CUST1080,Karan Mehta,2025-05-24,Jaipur,North,Beauty,Sunscreen,1,712.09,0.05,676.49,108.23,Cash on Delivery,Same Day,2.9
397,ORD104190,CUST1017,Meera Mishra,2025-08-31,Mumbai,West,Home & Kitchen,Coffee Maker,2,3478.17,0.15,5912.89,1980.59,Credit Card,Standard,4.3
398,ORD104678,CUST1476,Priya Saxena,2025-11-02,Pune,West,Books,Programming Book,4,1129.7,0.25,3389.1,350.06,UPI,Same Day,4.3
399,ORD100889,CUST1403,Sneha Agarwal,2025-03-26,Delhi,North,Home & Kitchen,Table Lamp,2,937.01,0.0,1874.02,385.12,Credit Card,Same Day,5.0
400,ORD102960,CUST2148,Aditi Malhotra,2025-05-02,Kolkata,East,Clothing,Jeans,3,1648.79,0.05,4699.05,1281.17,UPI,Standard,4.3
401,ORD100485,CUST1515,Arjun Singh,2025-04-24,Chandigarh,North,Sports,Running Shoes,3,2939.06,0.0,8817.18,1305.63,Cash on Delivery,Same Day,3.6
402,ORD100254,CUST1884,Aarav Sharma,2025-10-15,Bengaluru,South,Sports,Yoga Mat,4,922.8,0.25,2768.4,955.79,Credit Card,Express,4.3
403,ORD101181,CUST2136,Aditi Malhotra,2025-04-28,Ahmedabad,West,Sports,Yoga Mat,3,938.44,0.25,2111.49,400.0,UPI,Express,3.2
404,ORD103684,CUST1035,Aditya Joshi,2025-10-26,Bengaluru,South,Beauty,Sunscreen,1,739.35,0.3,517.54,139.37,Credit Card,Express,4.9
405,ORD104802,CUST1573,Ishaan Kumar,2025-11-01,Delhi,North,Home & Kitchen,Cookware Set,2,2315.18,0.15,3935.81,1242.04,UPI,Standard,4.0
406,ORD104329,CUST2160,Meera Mishra,2025-12-12,Ahmedabad,West,Electronics,Keyboard,1,1290.67,0.15,1097.07,137.34,Credit Card,Same Day,4.6
407,ORD103379,CUST1524,Priya Saxena,2025-05-04,Noida,North,Clothing,Sneakers,2,2793.37,0.0,5586.74,1706.57,Cash on Delivery,Standard,3.3
408,ORD104098,CUST1879,Rohan Patel,2025-09-03,Pune,West,Books,Novel,1,476.24,0.15,404.8,121.32,Net Banking,Standard,4.2
410,ORD102194,CUST1743,Kavya Srivastava,2025-07-05,Lucknow,North,Sports,Yoga Mat,2,960.5,0.0,1921.0,528.57,Debit Card,Standard,3.4
411,ORD101255,CUST1299,Meera Mishra,2025-04-24,Chennai,South,Home & Kitchen,Table Lamp,2,952.97,0.0,1905.94,545.85,Debit Card,Standard,4.5
412,ORD104667,CUST1860,Aarav Sharma,2025-10-30,Pune,West,Books,Programming Book,3,1147.91,0.25,2582.8,458.73,Cash on Delivery,Standard,3.7
413,ORD100315,CUST1631,Aarav Sharma,2025-08-19,Ahmedabad,West,Sports,Running Shoes,1,3071.06,0.15,2610.4,711.66,UPI,Same Day,3.4
414,ORD101270,CUST1473,Ananya Verma,2025-04-22,Delhi,North,Books,Programming Book,2,1192.16,0.0,2384.32,787.39,Debit Card,Same Day,3.9
415,ORD103016,CUST2041,Aarav Sharma,2025-05-31,Chennai,South,Electronics,Smart Watch,2,3618.34,0.2,5789.34,1839.38,Cash on Delivery,Standard,4.6
416,ORD101614,CUST1654,Diya Gupta,2025-04-06,Jaipur,North,Beauty,Perfume,1,1388.26,0.1,1249.43,165.27,Net Banking,Express,4.4
417,ORD103274,CUST1569,Rohan Patel,2025-12-30,Lucknow,North,Beauty,Sunscreen,5,701.37,0.1,3156.16,828.93,Debit Card,Express,5.0
418,ORD103988,CUST1109,Rahul Tiwari,2025-03-25,Pune,West,Home & Kitchen,Coffee Maker,4,3687.75,0.15,12538.35,2892.29,Cash on Delivery,Standard,5.0
419,ORD103153,CUST1948,Rahul Tiwari,2025-08-08,Ahmedabad,West,Home & Kitchen,Bedsheet,4,1089.5,0.05,4140.1,1052.6,Net Banking,Express,4.5
420,ORD100069,CUST1322,Diya Gupta,2025-06-28,Bengaluru,South,Clothing,T-Shirt,1,711.09,0.1,639.98,77.46,Net Banking,Same Day,4.2
421,ORD100896,CUST1484,Karan Mehta,2025-06-29,Jaipur,North,Books,Programming Book,1,1269.97,0.25,952.48,126.36,Credit Card,Same Day,3.6
422,ORD100731,CUST1092,Arjun Singh,2025-08-21,Mumbai,West,Clothing,T-Shirt,2,669.56,0.0,1339.12,185.79,UPI,Express,4.8
423,ORD101669,CUST1118,Aarav Sharma,2025-10-17,Noida,North,Clothing,Sneakers,3,3220.45,0.15,8212.15,1038.68,Cash on Delivery,Same Day,3.8
424,ORD103955,CUST1764,Sneha Agarwal,2025-01-01,Delhi,North,Electronics,Headphones,1,2041.58,0.05,1939.5,518.89,UPI,Standard,3.9
425,ORD101427,CUST1935,Kavya Srivastava,2025-09-09,Bengaluru,South,Beauty,Sunscreen,2,705.04,0.2,1128.06,383.65,Credit Card,Standard,3.2
426,ORD103143,CUST1975,Ananya Verma,2025-02-14,Jaipur,North,Home & Kitchen,Coffee Maker,1,3833.87,0.1,3450.48,620.22,UPI,Standard,3.6
427,ORD102519,CUST1144,Rahul Tiwari,2025-11-30,Chandigarh,North,Books,Data Science Book,5,933.19,0.0,4665.95,1536.42,UPI,Express,3.3
428,ORD103647,CUST1127,Ishaan Kumar,2025-10-17,Delhi,North,Sports,Yoga Mat,2,872.11,0.15,1482.59,166.92,Credit Card,Express,4.0
429,ORD102413,CUST1262,Ananya Verma,2025-11-06,Jaipur,North,Clothing,T-Shirt,3,763.67,0.1,2061.91,325.65,Net Banking,Same Day,4.7
430,ORD104283,CUST1470,Aditya Joshi,2025-04-24,Hyderabad,South,Electronics,Headphones,2,2085.36,0.0,4170.72,1057.04,Net Banking,Same Day,3.2
431,ORD103673,CUST2002,Ishaan Kumar,2025-06-13,Lucknow,North,Clothing,T-Shirt,3,666.57,0.1,1799.74,607.9,Credit Card,Standard,3.0
432,ORD102951,CUST1370,Arjun Singh,2025-07-11,Noida,North,Electronics,Keyboard,1,1343.99,0.15,1142.39,160.35,Credit Card,Standard,4.5
433,ORD102146,CUST1944,Ishaan Kumar,2025-04-25,Ahmedabad,West,Beauty,Face Wash,1,378.29,0.05,359.38,100.05,Debit Card,Express,4.5
435,ORD100387,CUST1181,Arjun Singh,2025-09-17,Bengaluru,South,Books,Programming Book,2,1236.52,0.1,2225.74,574.49,Cash on Delivery,Same Day,4.1
436,ORD100472,CUST1652,Sneha Agarwal,2025-01-09,Bengaluru,South,Books,Programming Book,1,1115.91,0.1,1004.32,264.41,Debit Card,Same Day,4.5
437,ORD101507,CUST1422,Rohan Patel,2025-07-02,Chandigarh,North,Books,Programming Book,1,1136.18,0.05,1079.37,213.74,Credit Card,Express,4.0
438,ORD104628,CUST1334,Arjun Singh,2025-06-07,Kolkata,East,Electronics,Wireless Mouse,5,872.43,0.0,4362.15,854.07,UPI,Same Day,2.8
439,ORD101295,CUST1234,Aarav Sharma,2025-07-30,Noida,North,Beauty,Sunscreen,2,708.48,0.15,1204.42,253.1,Debit Card,Express,3.9
440,ORD102714,CUST1669,Rohan Patel,2025-03-19,Hyderabad,South,Books,Novel,5,492.05,0.0,2460.25,246.37,UPI,Same Day,3.5
441,ORD101837,CUST1174,Meera Mishra,2025-07-04,Kolkata,East,Electronics,Keyboard,4,1259.67,0.15,4282.88,1088.69,Net Banking,Same Day,3.6
442,ORD100410,CUST1162,Aditi Malhotra,2025-10-04,Noida,North,Electronics,Wireless Mouse,1,798.52,0.1,718.67,76.62,Debit Card,Standard,4.0
443,ORD101281,CUST1723,Arjun Singh,2025-09-03,Noida,North,Beauty,Sunscreen,3,747.12,0.1,2017.22,683.55,Credit Card,Standard,3.9
444,ORD100109,CUST1012,Aditya Joshi,2025-04-27,Hyderabad,South,Books,Data Science Book,3,918.55,0.1,2480.08,501.68,Debit Card,Same Day,3.7
445,ORD103994,CUST1469,Meera Mishra,2025-06-12,Mumbai,West,Sports,Football,1,952.13,0.05,904.52,103.78,Debit Card,Express,3.9
446,ORD102417,CUST1694,Kavya Srivastava,2025-06-19,Delhi,North,Home & Kitchen,Cookware Set,2,2475.75,0.1,4456.35,1228.94,UPI,Standard,4.8
447,ORD102138,CUST1010,Aditya Joshi,2025-12-02,Jaipur,North,Clothing,Hoodie,1,1639.8,0.1,1475.82,441.34,UPI,Express,4.8
448,ORD102627,CUST1642,Meera Mishra,2025-02-22,Lucknow,North,Electronics,Wireless Mouse,5,775.04,0.0,3875.2,1122.15,Net Banking,Express,3.8
449,ORD101480,CUST1217,Aarav Sharma,2025-01-02,Kolkata,East,Home & Kitchen,Table Lamp,2,900.94,0.05,1711.79,510.28,COD,Standard,3.0
450,ORD100751,CUST2098,Aditi Malhotra,2025-05-15,Mumbai,West,Clothing,T-Shirt,2,692.85,0.0,1385.7,145.72,Credit Card,Same Day,3.8
451,ORD104484,CUST1659,Arjun Singh,2025-06-03,Ahmedabad,West,Home & Kitchen,Bedsheet,4,1096.0,0.15,3726.4,1128.06,Debit Card,Same Day,4.7
452,ORD100705,CUST1054,Arjun Singh,2025-06-02,Kolkata,East,Beauty,Perfume,3,1173.1,0.1,3167.37,419.71,Net Banking,Same Day,4.0
453,ORD103750,CUST1741,Karan Mehta,2025-01-09,Lucknow,North,Books,Programming Book,2,1114.12,0.0,2228.24,495.63,Net Banking,Standard,2.9
454,ORD104584,CUST1163,Ananya Verma,2025-07-30,Lucknow,North,Sports,Football,5,983.66,0.1,4426.47,918.57,Cash on Delivery,Standard,4.3
455,ORD102669,CUST1527,Priya Saxena,2025-07-04,Ahmedabad,West,Books,Programming Book,1,1294.42,0.1,1164.98,307.76,UPI,Express,4.6
456,ORD101765,CUST1771,Kavya Srivastava,2025-08-16,Pune,West,Electronics,Smart Watch,2,3742.32,0.15,6361.94,798.51,Net Banking,Express,4.0
457,ORD102457,CUST1235,Aditi Malhotra,2025-02-15,Mumbai,West,Clothing,Jeans,1,1712.06,0.2,1369.65,449.93,Credit Card,Standard,4.8
458,ORD104257,CUST1085,Rohan Patel,2025-07-11,Jaipur,North,Home & Kitchen,Cookware Set,5,2528.19,0.15,10744.81,1371.7,Cash on Delivery,Standard,5.0
459,ORD104601,CUST1931,Aditya Joshi,2025-04-11,Hyderabad,South,Books,Novel,1,514.42,0.05,488.7,111.04,UPI,Same Day,3.3
460,ORD104429,CUST2188,Aditi Malhotra,2025-11-02,lucknow ,North,Books,Novel,4,497.97,0.05,1892.29,208.23,Net Banking,Standard,5.0
461,ORD103292,CUST2004,Rohan Patel,2025-08-21,Chennai,South,Beauty,Perfume,2,1287.22,0.2,2059.55,606.77,Cash on Delivery,Express,3.4
462,ORD102881,CUST1645,Karan Mehta,2025-09-12,Hyderabad,South,Electronics,Headphones,1,1930.99,0.0,1930.99,650.2,Cash on Delivery,Standard,4.8
463,ORD101115,CUST1211,Aditi Malhotra,2025-02-27,Pune,West,Home & Kitchen,Coffee Maker,2,3355.63,0.1,6040.13,1101.8,Cash on Delivery,Express,2.5
464,ORD100501,CUST1777,Karan Mehta,2025-12-12,Ahmedabad,West,Beauty,Face Wash,1,411.13,0.15,349.46,76.88,Credit Card,Express,5.0
465,ORD102441,CUST1424,Aarav Sharma,2025-02-19,Chandigarh,North,Clothing,Sneakers,2,2843.71,0.05,5403.05,1146.89,Debit Card,Same Day,3.8
466,ORD103956,CUST1805,Rahul Tiwari,2025-04-11,Noida,North,Clothing,Jeans,1,1809.63,0.1,1628.67,268.96,UPI,Standard,4.9
467,ORD100177,CUST1136,Ananya Verma,2025-06-16,Pune,West,Beauty,Perfume,2,1269.47,0.05,2411.99,477.28,Cash on Delivery,Standard,4.2
468,ORD103429,CUST1042,Priya Saxena,2025-06-11,Kolkata,East,Electronics,Keyboard,4,1295.53,0.0,5182.12,1109.1,UPI,Express,4.2
469,ORD100927,CUST1884,Sneha Agarwal,2025-10-26,Chennai,South,Home & Kitchen,Coffee Maker,3,3648.72,0.0,10946.16,1226.98,Cash on Delivery,Express,4.4
470,ORD100080,CUST1636,Aarav Sharma,2025-11-10,Chandigarh,North,Electronics,Headphones,1,1800.9,0.1,1620.81,436.52,Cash on Delivery,Express,3.7
471,ORD104006,CUST2152,Meera Mishra,2025-11-17,Noida,North,Books,Novel,1,543.75,0.15,462.19,102.01,Cash on Delivery,Express,3.9
472,ORD100584,CUST1515,Kavya Srivastava,2025-06-22,Kolkata,East,Beauty,Perfume,1,1232.64,0.15,1047.74,328.6,Credit Card,Same Day,4.1
473,ORD101654,CUST1265,Aditya Joshi,2025-04-20,Ahmedabad,West,Sports,Football,3,1023.53,0.2,2456.47,381.68,Net Banking,Same Day,4.3
474,ORD101784,CUST1404,Rahul Tiwari,2025-06-26,Ahmedabad,West,Clothing,Jeans,1,1962.66,0.0,1962.66,498.49,Net Banking,Express,4.3
475,ORD103230,CUST1350,Rahul Tiwari,2025-02-19,Jaipur,North,Home & Kitchen,Coffee Maker,4,3289.08,0.05,12498.5,4224.28,UPI,Express,4.2
476,ORD101541,CUST1939,Arjun Singh,2025-08-15,Mumbai,West,Electronics,Wireless Mouse,4,877.23,0.2,2807.14,929.76,Credit Card,Express,3.5
477,ORD100221,CUST1201,Rohan Patel,2025-07-10,Chandigarh,North,Clothing,Hoodie,2,1562.78,0.1,2813.0,524.67,UPI,Standard,3.4
478,ORD100093,CUST2097,Rohan Patel,2025-11-04,Ahmedabad,West,Home & Kitchen,Table Lamp,2,855.91,0.05,1626.23,261.21,Net Banking,Same Day,5.0
479,ORD102642,CUST1196,Aarav Sharma,2025-10-22,Mumbai,West,Sports,Running Shoes,5,3064.93,0.15,13025.95,1661.67,Credit Card,Same Day,4.3
480,ORD104755,CUST1605,Meera Mishra,2025-12-20,Noida,North,Beauty,Face Wash,4,397.94,0.0,1591.76,524.87,Debit Card,Standard,4.4
481,ORD101212,CUST1959,Aditi Malhotra,2025-08-10,Bengaluru,South,Clothing,Jeans,1,1957.27,0.05,1859.41,361.08,Credit Card,Standard,3.3
482,ORD100544,CUST2128,Aditya Joshi,2025-04-14,Pune,West,Beauty,Face Wash,1,368.58,0.1,331.72,46.91,Credit Card,Standard,5.0
483,ORD104962,CUST2073,Karan Mehta,2025-11-05,Delhi,North,Electronics,Headphones,3,1954.87,0.1,5278.15,1728.03,Debit Card,Same Day,3.8
484,ORD101978,CUST1424,Karan Mehta,2025-02-06,Noida,North,Home & Kitchen,Bedsheet,4,1031.93,0.25,3095.79,815.86,Net Banking,Same Day,3.8
485,ORD104459,CUST1671,Meera Mishra,2025-11-05,Chennai,South,Sports,Yoga Mat,1,965.87,0.2,772.7,116.3,UPI,Express,3.4
486,ORD101215,CUST2175,Rahul Tiwari,2025-04-28,Chennai,South,Sports,Running Shoes,2,2711.21,0.1,4880.18,1022.91,UPI,Express,3.9
487,ORD103711,CUST1384,Aditya Joshi,2025-11-08,Delhi,North,Beauty,Face Wash,4,437.4,0.0,1749.6,228.03,UPI,Standard,4.0
488,ORD103985,CUST1561,Meera Mishra,2025-01-15,Noida,North,Clothing,Sneakers,2,2827.26,0.1,5089.07,881.26,Debit Card,Same Day,3.980060240963855
489,ORD103265,CUST1484,Rohan Patel,2025-08-15,Delhi,North,Clothing,Hoodie,1,1384.3,0.05,1315.08,423.96,Cash on Delivery,Same Day,4.7
490,ORD102688,CUST1298,Karan Mehta,2025-08-13,Kolkata,East,Clothing,T-Shirt,4,712.99,0.15,2424.17,634.2,Net Banking,Express,3.9
491,ORD100746,CUST2174,Aditya Joshi,2025-02-09,Pune,West,Sports,Football,3,1036.53,0.25,2332.19,762.59,UPI,Express,4.8
492,ORD100803,CUST2108,Rohan Patel,2025-09-07,Pune,West,Home & Kitchen,Bedsheet,1,1051.07,0.05,998.52,170.91,Debit Card,Standard,3.6
493,ORD101878,CUST1759,Aarav Sharma,2025-10-30,Chandigarh,North,Clothing,T-Shirt,4,742.64,0.0,2970.56,633.86,Net Banking,Same Day,3.6
494,ORD102186,CUST1246,Ananya Verma,2025-03-07,Noida,North,Sports,Yoga Mat,1,863.82,0.05,820.63,210.28,Debit Card,Standard,3.6
495,ORD102749,CUST2102,Priya Saxena,2025-04-01,Pune,West,Clothing,Sneakers,1,3253.3,0.0,3253.3,1099.58,Net Banking,Same Day,4.3
496,ORD102943,CUST1552,Karan Mehta,2025-12-05,Ahmedabad,West,Sports,Running Shoes,2,2832.32,0.2,4531.71,1411.57,Cash on Delivery,Same Day,4.2
497,ORD100811,CUST1764,Rahul Tiwari,2025-03-07,Delhi,North,Electronics,Wireless Mouse,4,839.29,0.0,3357.16,729.72,Net Banking,Express,5.0
498,ORD101717,CUST1360,Arjun Singh,2025-11-16,Jaipur,North,Beauty,Sunscreen,3,680.7,0.1,1837.89,571.03,Credit Card,Express,3.9
499,ORD104203,CUST1717,Kavya Srivastava,2025-06-08,Noida,North,Beauty,Sunscreen,1,751.07,0.15,638.41,65.19,Cash on Delivery,Express,2.8
500,ORD102098,CUST1492,Karan Mehta,2025-06-27,Chennai,South,Books,Novel,2,499.74,0.1,899.53,167.61,Debit Card,Standard,3.7
501,ORD104149,CUST2066,Meera Mishra,2025-12-30,Hyderabad,South,Home & Kitchen,Cookware Set,1,2626.94,0.05,2495.59,254.28,Credit Card,Same Day,5.0
502,ORD104900,CUST1694,Aditi Malhotra,2025-04-01,Jaipur,North,Sports,Running Shoes,2,3025.95,0.15,5144.11,1474.85,Net Banking,Same Day,4.8
503,ORD104310,CUST1439,Sneha Agarwal,2025-04-23,Lucknow,North,Sports,Running Shoes,5,3295.94,0.15,14007.75,4054.08,Cash on Delivery,Standard,4.3
504,ORD101705,CUST1156,Aarav Sharma,2025-07-16,Bengaluru,South,Books,Novel,1,455.53,0.0,455.53,62.51,Credit Card,Same Day,2.8
505,ORD100624,CUST1077,Ishaan Kumar,2025-07-14,Mumbai,West,Clothing,T-Shirt,2,657.67,0.15,1118.04,166.86,Net Banking,Express,4.4
506,ORD102706,CUST1762,Ishaan Kumar,2025-10-24,Mumbai,West,Electronics,Wireless Mouse,2,845.04,0.15,1436.57,352.59,Net Banking,Same Day,4.4
507,ORD103845,CUST1044,Sneha Agarwal,2025-02-16,Pune,West,Beauty,Sunscreen,3,713.12,0.15,1818.46,536.35,Cash on Delivery,Express,4.6
508,ORD100653,CUST1500,Arjun Singh,2025-04-06,Bengaluru,South,Electronics,Headphones,5,1983.31,0.15,8429.07,1916.33,Debit Card,Standard,4.3
509,ORD104378,CUST2171,Aditya Joshi,2025-04-09,Delhi,North,Electronics,Smart Watch,2,3587.12,0.1,6456.82,1926.39,Credit Card,Express,3.980060240963855
510,ORD102585,CUST1408,Arjun Singh,2025-10-10,Pune,West,Home & Kitchen,Bedsheet,1,960.42,0.1,864.38,300.4,Net Banking,Standard,3.980060240963855
511,ORD103010,CUST1498,Ishaan Kumar,2025-04-26,Kolkata,East,Clothing,Sneakers,2,3026.89,0.05,5751.09,1528.28,UPI,Standard,2.6
512,ORD100219,CUST1159,Ananya Verma,2025-12-03,Chennai,South,Electronics,Smart Watch,3,3381.55,0.0,10144.65,1551.55,UPI,Standard,3.5
513,ORD102080,CUST1990,Kavya Srivastava,2025-10-18,Delhi,North,Books,Programming Book,3,1218.9,0.0,3656.7,1159.38,Debit Card,Standard,3.4
514,ORD100733,CUST1141,Aditi Malhotra,2025-04-06,Lucknow,North,Clothing,Sneakers,2,2793.9,0.2,4470.24,541.85,Net Banking,Express,4.2
515,ORD100043,CUST1201,Arjun Singh,2025-04-03,Noida,North,Sports,Running Shoes,1,3053.03,0.0,3053.03,775.6,UPI,Express,4.4
516,ORD100210,CUST1998,Priya Saxena,2025-07-03,Mumbai,West,Sports,Football,1,1000.05,0.1,900.04,178.91,Net Banking,Same Day,4.9
517,ORD101055,CUST1951,Aarav Sharma,2025-05-12,Jaipur,North,Books,Programming Book,4,1186.56,0.15,4034.3,823.51,UPI,Standard,5.0
518,ORD100354,CUST1090,Rahul Tiwari,2025-03-18,Mumbai,West,Beauty,Face Wash,4,406.01,0.05,1542.84,179.05,Cash on Delivery,Express,4.0
519,ORD103035,CUST1911,Priya Saxena,2025-08-15,MUMBAI,West,Books,Data Science Book,1,969.7,0.0,969.7,177.95,UPI,Express,5.0
520,ORD101020,CUST1754,Karan Mehta,2025-10-20,Chandigarh,North,Home & Kitchen,Bedsheet,2,1032.66,0.2,1652.26,212.3,Net Banking,Same Day,4.2
521,ORD103835,CUST2197,Ananya Verma,2025-07-01,Mumbai,West,Home & Kitchen,Cookware Set,2,2496.84,0.1,4494.31,472.28,UPI,Standard,4.7
522,ORD102617,CUST1569,Diya Gupta,2025-08-31,Hyderabad,South,Sports,Yoga Mat,1,972.78,0.15,826.86,253.42,Credit Card,Express,5.0
523,ORD100367,CUST1562,Karan Mehta,2025-11-16,Noida,North,Electronics,Wireless Mouse,3,743.64,0.15,1896.28,259.77,Cash on Delivery,Express,3.4
524,ORD103460,CUST1516,Rohan Patel,2025-04-03,Bengaluru,South,Clothing,Jeans,2,1681.51,0.25,2522.26,730.85,Cash on Delivery,Standard,4.2
525,ORD103759,CUST1640,Aditya Joshi,2025-12-18,Pune,West,Clothing,Sneakers,3,3207.54,0.2,7698.1,2238.75,UPI,Express,3.7
526,ORD101557,CUST1143,Karan Mehta,2025-04-04,Lucknow,North,Home & Kitchen,Bedsheet,5,996.51,0.2,3986.04,1039.65,UPI,Express,3.9
527,ORD100135,CUST1751,Rohan Patel,2025-09-29,Noida,North,Sports,Running Shoes,1,3157.75,0.15,2684.09,590.91,Cash on Delivery,Standard,4.1
528,ORD104749,CUST1822,Priya Saxena,2025-11-01,Bengaluru,South,Books,Data Science Book,4,949.85,0.1,3419.46,600.05,Debit Card,Same Day,4.1
529,ORD100047,CUST1735,Rohan Patel,2025-09-24,Hyderabad,South,Beauty,Face Wash,1,403.23,0.25,302.42,89.24,UPI,Express,4.9
530,ORD102409,CUST1158,Rahul Tiwari,2025-03-21,Lucknow,North,Electronics,Smart Watch,1,3846.35,0.15,3269.4,853.72,Credit Card,Express,3.980060240963855
531,ORD101618,CUST2194,Kavya Srivastava,2025-03-21,Ahmedabad,West,Electronics,Headphones,2,1830.34,0.15,3111.58,784.22,Credit Card,Same Day,3.7
532,ORD102133,CUST1627,Diya Gupta,2025-01-16,Pune,West,Books,Novel,1,545.3,0.15,463.5,86.65,Credit Card,Express,2.8
533,ORD103402,CUST1393,Meera Mishra,2025-03-13,Pune,West,Clothing,Jeans,4,1705.47,0.1,6139.69,1195.13,Cash on Delivery,Same Day,4.5
534,ORD102016,CUST2047,Aarav Sharma,2025-12-07,Bengaluru,South,Electronics,Wireless Mouse,1,866.56,0.15,736.58,160.01,Net Banking,Standard,4.2
535,ORD103543,CUST2123,Sneha Agarwal,2025-02-08,Jaipur,North,Home & Kitchen,Coffee Maker,4,3540.89,0.1,12747.2,1481.01,Cash on Delivery,Standard,4.8
536,ORD100061,CUST1635,Aditya Joshi,2025-04-26,Chandigarh,North,Books,Novel,2,527.69,0.1,949.84,197.43,Debit Card,Express,4.2
537,ORD102924,CUST1147,Ishaan Kumar,2025-06-16,Bengaluru,South,Clothing,T-Shirt,4,729.24,0.0,2916.96,949.76,Cash on Delivery,Same Day,4.3
538,ORD100642,CUST1093,Ishaan Kumar,2025-01-02,Lucknow,North,Electronics,Headphones,1,1928.94,0.1,1736.05,371.18,Net Banking,Same Day,3.2
539,ORD100095,CUST1847,Aditya Joshi,2025-01-04,Noida,North,Electronics,Wireless Mouse,1,749.19,0.0,749.19,95.64,Debit Card,Standard,4.8
540,ORD100478,CUST1050,Aditi Malhotra,2025-09-07,Bengaluru,South,Home & Kitchen,Cookware Set,1,2570.33,0.15,2184.78,550.63,Net Banking,Express,3.1
541,ORD101736,CUST1712,Priya Saxena,2025-05-26,Jaipur,North,Electronics,Wireless Mouse,5,770.97,0.15,3276.62,809.23,Net Banking,Express,4.4
542,ORD102925,CUST1363,Rahul Tiwari,2025-05-18,Kolkata,East,Sports,Yoga Mat,2,959.52,0.1,1727.14,548.6,Debit Card,Express,3.5
543,ORD101041,CUST1842,Karan Mehta,2025-02-12,Kolkata,East,Electronics,Headphones,4,2157.14,0.0,8628.56,1233.44,Debit Card,Express,3.2
544,ORD102505,CUST1324,Ishaan Kumar,2025-02-13,Bengaluru,South,Beauty,Sunscreen,5,678.61,0.0,3393.05,1169.63,Cash on Delivery,Same Day,4.5
545,ORD103080,CUST1706,Priya Saxena,2025-04-09,Lucknow,North,Sports,Football,4,988.75,0.1,3559.5,433.94,Cash on Delivery,Same Day,4.3
546,ORD101192,CUST1795,Ananya Verma,2025-03-31,Jaipur,North,Sports,Football,2,1061.09,0.0,2122.18,547.69,UPI,Express,3.8
547,ORD100322,CUST1764,Karan Mehta,2025-03-02,MUMBAI,South,Sports,Yoga Mat,1,890.21,0.1,801.19,233.88,Cash on Delivery,Express,4.7
548,ORD101822,CUST2038,Meera Mishra,2025-09-17,Hyderabad,South,Clothing,Hoodie,2,1471.04,0.0,2942.08,743.5,UPI,Same Day,2.4
549,ORD103290,CUST1892,Karan Mehta,2025-09-22,Chennai,South,Beauty,Face Wash,5,436.14,0.1,1962.63,662.34,Credit Card,Same Day,4.8
550,ORD100555,CUST1429,Ishaan Kumar,2025-01-17,Chandigarh,North,Books,Programming Book,1,1276.82,0.1,1149.14,234.07,Credit Card,Same Day,4.2
551,ORD102503,CUST1948,Aditi Malhotra,2025-09-06,Chandigarh,North,Sports,Yoga Mat,1,850.63,0.3,595.44,142.66,Net Banking,Standard,4.4
552,ORD100915,CUST1383,Ananya Verma,2025-07-15,Bengaluru,South,Clothing,Sneakers,3,2902.92,0.1,7837.88,1301.71,UPI,Standard,3.7
553,ORD101375,CUST1474,Meera Mishra,2025-12-30,Bengaluru,South,Home & Kitchen,Coffee Maker,3,3520.47,0.2,8449.13,2769.32,Debit Card,Express,4.4
554,ORD101174,CUST1656,Ananya Verma,2025-07-27,Lucknow,North,Home & Kitchen,Bedsheet,1,939.72,0.1,845.75,249.8,Credit Card,Express,4.6
555,ORD100734,CUST1537,Meera Mishra,2025-01-11,Chennai,South,Home & Kitchen,Table Lamp,2,948.83,0.0,1897.66,588.64,Net Banking,Standard,5.0
556,ORD100291,CUST1836,Aarav Sharma,2025-05-15,Chennai,South,Clothing,T-Shirt,4,708.47,0.0,2833.88,404.05,Debit Card,Same Day,3.7
557,ORD102201,CUST1936,Diya Gupta,2025-03-15,Hyderabad,South,Beauty,Face Wash,2,369.95,0.15,628.91,96.3,UPI,Express,3.4
558,ORD102916,CUST1733,Rohan Patel,2025-10-03,Delhi,North,Books,Programming Book,4,1083.95,0.05,4119.01,965.98,UPI,Express,4.0
559,ORD100533,CUST2084,Karan Mehta,2025-08-13,Hyderabad,South,Sports,Football,1,925.03,0.2,740.02,102.91,Net Banking,Standard,5.0
560,ORD101553,CUST2042,Ananya Verma,2025-02-18,Ahmedabad,West,Clothing,Hoodie,2,1591.37,0.05,3023.6,397.23,Cash on Delivery,Same Day,4.2
561,ORD104219,CUST1851,Aarav Sharma,2025-12-18,Lucknow,North,Clothing,Sneakers,1,2900.39,0.05,2755.37,420.92,Cash on Delivery,Express,3.4
562,ORD103971,CUST1418,Rahul Tiwari,2025-09-13,Chandigarh,North,Clothing,Sneakers,2,2881.3,0.0,5762.6,1222.09,Net Banking,Same Day,3.6
563,ORD102242,CUST1064,Diya Gupta,2025-11-12,Kolkata,East,Books,Programming Book,3,1079.66,0.05,3077.03,825.47,Net Banking,Standard,4.6
564,ORD104934,CUST1646,Sneha Agarwal,2025-10-23,Ahmedabad,West,Sports,Running Shoes,1,3095.48,0.05,2940.71,759.21,Net Banking,Standard,4.0
565,ORD102309,CUST1141,Karan Mehta,2025-04-17,Delhi,North,Clothing,Hoodie,1,1539.04,0.0,1539.04,525.58,UPI,Standard,5.0
566,ORD101569,CUST2084,Karan Mehta,2025-06-21,Lucknow,North,Home & Kitchen,Coffee Maker,2,3501.99,0.15,5953.38,1548.31,Credit Card,Same Day,5.0
567,ORD101321,CUST1997,Rohan Patel,2025-09-24,Chennai,South,Clothing,Jeans,1,1892.66,0.2,1514.13,451.05,Cash on Delivery,Standard,2.7
568,ORD104063,CUST1639,Aditya Joshi,2025-12-14,Jaipur,North,Beauty,Sunscreen,1,735.93,0.0,735.93,111.85,UPI,Standard,4.0
569,ORD104603,CUST1118,Rohan Patel,2025-01-30,Bengaluru,South,Clothing,Sneakers,3,3069.9,0.15,7828.25,1799.88,Net Banking,Same Day,3.7
570,ORD101173,CUST1766,Meera Mishra,2025-11-10,Noida,North,Books,Novel,2,505.09,0.1,909.16,258.39,Debit Card,Same Day,3.7
571,ORD101666,CUST1782,Aarav Sharma,2025-05-28,Mumbai,West,Beauty,Sunscreen,5,671.23,0.15,2852.73,737.76,Net Banking,Express,4.3
572,ORD102780,CUST2193,Ishaan Kumar,2025-02-02,Chennai,South,Books,Programming Book,5,1107.13,0.1,4982.09,1482.35,Debit Card,Standard,4.2
573,ORD101448,CUST1603,Ishaan Kumar,2025-02-23,Hyderabad,South,Sports,Running Shoes,1,2871.06,0.05,2727.51,809.3,Cash on Delivery,Express,4.5
574,ORD104118,CUST1416,Priya Saxena,2025-05-24,Lucknow,North,Beauty,Sunscreen,2,720.92,0.2,1153.47,218.86,Debit Card,Same Day,4.5
575,ORD102789,CUST1814,Aditya Joshi,2025-08-22,Bengaluru,South,Beauty,Sunscreen,5,686.45,0.2,2745.8,569.0,Debit Card,Express,3.9
576,ORD103123,CUST1245,Aarav Sharma,2025-04-27,Chandigarh,North,Home & Kitchen,Coffee Maker,3,3828.15,0.1,10336.01,1054.56,Net Banking,Same Day,4.3
577,ORD101221,CUST1310,Diya Gupta,2025-01-18,Hyderabad,South,Electronics,Smart Watch,1,3574.26,0.15,3038.12,859.28,UPI,Same Day,4.5
578,ORD104959,CUST1496,Arjun Singh,2025-06-25,Ahmedabad,West,Home & Kitchen,Coffee Maker,2,3571.37,0.1,6428.47,1098.18,UPI,Same Day,3.8
579,ORD104785,CUST1023,Rahul Tiwari,2025-11-08,Chennai,South,Sports,Yoga Mat,4,837.4,0.05,3182.12,413.3,UPI,Express,2.3
580,ORD104544,CUST1086,Aditya Joshi,2025-04-27,Lucknow,North,Home & Kitchen,Cookware Set,5,2311.58,0.05,10980.0,1690.93,Credit Card,Standard,4.6
581,ORD104940,CUST1823,Kavya Srivastava,2025-03-22,Kolkata,East,Home & Kitchen,Cookware Set,5,2649.07,0.25,9934.01,1105.72,Cash on Delivery,Same Day,5.0
582,ORD102678,CUST1542,Karan Mehta,2025-08-19,Chandigarh,North,Clothing,T-Shirt,1,729.83,0.1,656.85,94.33,Net Banking,Standard,4.3
583,ORD102940,CUST1672,Aditya Joshi,2025-03-14,Jaipur,North,Home & Kitchen,Cookware Set,4,2547.61,0.05,9680.92,1942.76,UPI,Express,4.3
584,ORD101335,CUST1140,Meera Mishra,2025-07-01,Pune,West,Sports,Yoga Mat,2,840.74,0.1,1513.33,263.23,Cash on Delivery,Same Day,4.2
585,ORD100764,CUST2041,Arjun Singh,2025-05-01,Bengaluru,South,Clothing,Hoodie,1,1423.12,0.25,1067.34,157.57,UPI,Express,3.0
586,ORD103259,CUST1351,Ananya Verma,2025-07-21,Mumbai,West,Beauty,Face Wash,2,423.84,0.05,805.3,81.45,COD,Express,3.7
587,ORD103340,CUST1083,Priya Saxena,2025-06-09,Lucknow,North,Books,Programming Book,1,1100.63,0.1,990.57,251.41,Credit Card,Express,4.1
588,ORD101200,CUST1397,Sneha Agarwal,2025-10-15,Chandigarh,North,Home & Kitchen,Cookware Set,5,2733.25,0.05,12982.94,2342.4,Credit Card,Standard,4.5
589,ORD102264,CUST1017,Priya Saxena,2025-01-06,Bengaluru,South,Clothing,Sneakers,4,3279.81,0.15,11151.35,3380.55,UPI,Same Day,4.0
590,ORD100926,CUST1570,Kavya Srivastava,2025-02-18,Kolkata,East,Beauty,Face Wash,3,359.87,0.1,971.65,118.91,UPI,Standard,3.3
591,ORD101025,CUST1366,Aditya Joshi,2025-08-28,Noida,North,Electronics,Wireless Mouse,2,755.99,0.05,1436.38,475.4,Net Banking,Same Day,5.0
592,ORD103480,CUST1206,Priya Saxena,2025-05-29,Hyderabad,South,Beauty,Perfume,1,1246.01,0.1,1121.41,258.2,Cash on Delivery,Same Day,4.1
593,ORD100681,CUST1774,Aarav Sharma,2025-02-21,Ahmedabad,West,Electronics,Smart Watch,2,3511.86,0.0,7023.72,1813.12,Cash on Delivery,Same Day,5.0
594,ORD102932,CUST1570,Karan Mehta,2025-03-24,Jaipur,North,Clothing,T-Shirt,2,701.68,0.25,1052.52,222.24,Credit Card,Express,5.0
595,ORD102592,CUST1389,Meera Mishra,2025-01-30,Ahmedabad,West,Beauty,Perfume,1,1261.44,0.15,1072.22,150.47,Credit Card,Standard,3.5
596,ORD101897,CUST1828,Ishaan Kumar,2025-09-06,Chandigarh,North,Home & Kitchen,Bedsheet,3,999.23,0.1,2697.92,482.29,Cash on Delivery,Same Day,4.0
597,ORD104272,CUST1348,Priya Saxena,2025-01-26,Bengaluru,South,Home & Kitchen,Table Lamp,5,900.84,0.0,4504.2,526.5,Credit Card,Express,3.9
598,ORD103618,CUST1269,Arjun Singh,2025-07-30,Ahmedabad,West,Electronics,Wireless Mouse,4,781.09,0.15,2655.71,873.08,Cash on Delivery,Standard,4.8
599,ORD100070,CUST1892,Meera Mishra,2025-09-02,Chandigarh,North,Home & Kitchen,Table Lamp,2,946.27,0.0,1892.54,362.71,Net Banking,Express,4.3
600,ORD100969,CUST2028,Aditi Malhotra,2025-04-18,Ahmedabad,West,Electronics,Keyboard,1,1300.28,0.05,1235.27,240.55,Debit Card,Same Day,4.6
601,ORD101558,CUST1487,Karan Mehta,2025-03-21,Mumbai,West,Sports,Football,2,1046.17,0.0,2092.34,336.19,UPI,Express,3.7
602,ORD102282,CUST1172,Arjun Singh,2025-03-31,Hyderabad,South,Sports,Football,4,954.45,0.05,3626.91,905.68,Cash on Delivery,Standard,4.7
603,ORD103276,CUST1660,Rahul Tiwari,2025-10-31,Noida,North,Home & Kitchen,Cookware Set,1,2702.46,0.15,2297.09,445.76,Net Banking,Standard,3.1
604,ORD101049,CUST1370,Meera Mishra,2025-11-04,Bengaluru,South,Clothing,T-Shirt,1,720.78,0.25,540.59,100.37,Debit Card,Same Day,4.4
605,ORD104230,CUST2198,Aditya Joshi,2025-10-15,Kolkata,East,Beauty,Sunscreen,1,703.27,0.0,703.27,224.24,Credit Card,Express,4.1
606,ORD103765,CUST1902,Aditi Malhotra,2025-02-13,Kolkata,East,Clothing,Jeans,5,1939.34,0.2,7757.36,1142.31,UPI,Same Day,3.8
607,ORD102229,CUST1007,Kavya Srivastava,2025-06-24,Hyderabad,South,home & kitchen,Programming Book,1,1271.73,0.15,1080.97,337.74,Cash on Delivery,Standard,3.7
608,ORD101034,CUST1999,Ananya Verma,2025-05-24,Kolkata,East,Sports,Football,1,942.89,0.1,848.6,244.47,Debit Card,Same Day,4.7
609,ORD102651,CUST1418,Ishaan Kumar,2025-04-14,Noida,North,Clothing,Hoodie,5,1448.42,0.25,5431.58,1684.45,Net Banking,Express,3.4
610,ORD100949,CUST2184,Kavya Srivastava,2025-04-27,Chennai,South,Sports,Running Shoes,2,3144.09,0.0,6288.18,845.86,Credit Card,Standard,3.4
611,ORD102614,CUST1717,Priya Saxena,2025-06-02,Noida,North,Home & Kitchen,Bedsheet,1,998.19,0.05,948.28,329.02,Cash on Delivery,Standard,5.0
612,ORD102321,CUST2066,Diya Gupta,2025-08-03,Lucknow,North,Clothing,T-Shirt,3,684.58,0.05,1951.05,406.45,Credit Card,Standard,2.9
613,ORD103995,CUST2124,Priya Saxena,2025-04-12,Chandigarh,North,Beauty,Sunscreen,3,695.68,0.05,1982.69,535.58,UPI,Standard,5.0
614,ORD103017,CUST1639,Rohan Patel,2025-06-25,Jaipur,North,Clothing,T-Shirt,4,638.22,0.0,2552.88,863.78,UPI,Same Day,5.0
615,ORD103793,CUST1382,Diya Gupta,2025-05-23,Ahmedabad,West,Sports,Yoga Mat,1,907.07,0.0,907.07,111.72,Cash on Delivery,Express,3.5
616,ORD102107,CUST1660,Kavya Srivastava,2025-11-23,Pune,West,Clothing,T-Shirt,5,692.24,0.15,2942.02,634.39,Debit Card,Express,3.8
617,ORD101872,CUST2139,Rahul Tiwari,2025-01-12,Chennai,South,Clothing,Hoodie,2,1453.2,0.2,2325.12,756.43,Credit Card,Same Day,3.3
618,ORD104210,CUST1612,Kavya Srivastava,2025-04-01,Chandigarh,North,Books,Data Science Book,2,972.87,0.0,1945.74,597.0,UPI,Same Day,3.6
619,ORD100812,CUST1120,Ishaan Kumar,2025-12-20,Bengaluru,South,Clothing,Sneakers,1,2968.21,0.0,2968.21,459.76,UPI,Same Day,4.2
620,ORD101047,CUST1820,Sneha Agarwal,2025-10-29,Noida,North,Books,Programming Book,5,1124.41,0.15,4778.74,1529.38,Net Banking,Same Day,4.0
621,ORD100952,CUST2173,Ishaan Kumar,2025-09-11,Kolkata,East,Books,Novel,3,474.44,0.0,1423.32,279.33,Net Banking,Same Day,4.1
622,ORD104434,CUST1421,Meera Mishra,2025-12-10,Bengaluru,South,Beauty,Face Wash,1,381.18,0.2,304.94,101.81,Debit Card,Same Day,3.7
623,ORD103825,CUST1488,Sneha Agarwal,2025-03-23,Chennai,South,Electronics,Headphones,5,2102.97,0.0,10514.85,1980.31,Debit Card,Same Day,3.3
624,ORD101919,CUST1324,Meera Mishra,2025-04-17,Bengaluru,South,Sports,Football,2,976.22,0.0,1952.44,530.58,Cash on Delivery,Same Day,2.6
625,ORD103065,CUST1227,Rohan Patel,2025-04-14,Noida,North,Clothing,Sneakers,1,2734.16,0.0,2734.16,492.52,Credit Card,Standard,4.7
626,ORD103295,CUST2120,Aditya Joshi,2025-08-22,Jaipur,North,Beauty,Perfume,2,1259.57,0.1,2267.23,538.33,Debit Card,Same Day,3.8
627,ORD104091,CUST1503,Diya Gupta,2025-11-30,Bengaluru,South,Beauty,Face Wash,5,416.82,0.05,1979.89,564.32,Cash on Delivery,Express,5.0
628,ORD104229,CUST1742,Kavya Srivastava,2025-02-28,Chandigarh,North,Sports,Running Shoes,4,2963.05,0.15,10074.37,3238.14,Credit Card,Same Day,4.0
629,ORD104560,CUST1491,Sneha Agarwal,2025-06-12,Lucknow,North,Clothing,Sneakers,2,3015.72,0.1,5428.3,1164.36,UPI,Same Day,2.9
630,ORD104529,CUST2160,Ishaan Kumar,2025-11-10,Ahmedabad,West,Sports,Football,1,969.29,0.1,872.36,123.52,Net Banking,Same Day,4.3
631,ORD103132,CUST1029,Ananya Verma,2025-11-20,Ahmedabad,West,Books,Novel,5,539.39,0.2,2157.56,289.81,Credit Card,Express,4.3
632,ORD102236,CUST1383,Priya Saxena,2025-02-17,Jaipur,North,Sports,Running Shoes,1,2705.54,0.05,2570.26,722.47,UPI,Express,4.4
633,ORD103639,CUST1154,Rohan Patel,2025-01-13,Kolkata,East,Beauty,Face Wash,3,407.33,0.1,1099.79,167.31,Net Banking,Standard,3.7
634,ORD103737,CUST1074,Aditya Joshi,2025-09-01,Pune,West,Clothing,Sneakers,1,2827.32,0.1,2544.59,584.93,Cash on Delivery,Standard,3.4
635,ORD100233,CUST1045,Ishaan Kumar,2025-12-26,Noida,North,Clothing,Jeans,2,1945.12,0.15,3306.7,553.15,Cash on Delivery,Express,4.4
636,ORD104585,CUST1870,Aditya Joshi,2025-08-11,Jaipur,North,Home & Kitchen,Bedsheet,2,924.94,0.15,1572.4,303.72,Net Banking,Express,4.6
637,ORD100633,CUST2184,Kavya Srivastava,2025-01-19,Pune,West,Home & Kitchen,Cookware Set,1,2715.45,0.1,2443.9,723.35,Cash on Delivery,Same Day,3.8
638,ORD103166,CUST1992,Kavya Srivastava,2025-06-08,Pune,West,Sports,Yoga Mat,1,906.32,0.1,815.69,208.09,UPI,Express,4.1
639,ORD100415,CUST1225,Ishaan Kumar,2025-07-11,Hyderabad,South,Electronics,Smart Watch,1,3767.11,0.05,3578.75,823.8,Cash on Delivery,Same Day,4.3
640,ORD101413,CUST1568,Aditya Joshi,2025-03-31,Lucknow,North,Home & Kitchen,Table Lamp,1,895.07,0.1,805.56,124.37,Credit Card,Standard,4.5
641,ORD101721,CUST1500,Ananya Verma,2025-01-14,Lucknow,North,Home & Kitchen,Coffee Maker,1,3364.81,0.1,3028.33,1031.62,Cash on Delivery,Same Day,4.9
642,ORD104446,CUST2104,Sneha Agarwal,2025-11-06,Ahmedabad,West,Beauty,Sunscreen,1,633.94,0.1,570.55,142.35,Net Banking,Same Day,3.8
643,ORD101434,CUST1721,Ishaan Kumar,2025-04-21,Chennai,South,Beauty,Perfume,1,1295.61,0.0,1295.61,408.06,Net Banking,Standard,2.5
644,ORD101932,CUST1219,Ananya Verma,2025-03-06,Noida,North,Electronics,Wireless Mouse,4,846.32,0.25,2538.96,690.63,Debit Card,Standard,3.2
645,ORD100017,CUST1805,Rohan Patel,2025-06-26,Noida,North,Electronics,Smart Watch,2,3696.86,0.0,7393.72,1638.93,Debit Card,Same Day,3.3
646,ORD102995,CUST1003,Meera Mishra,2025-05-06,Hyderabad,South,Sports,Yoga Mat,1,916.97,0.1,825.27,173.52,Debit Card,Express,4.0
647,ORD101729,CUST1420,Meera Mishra,2025-05-11,Chennai,South,Beauty,Sunscreen,1,688.55,0.2,550.84,178.51,UPI,Standard,3.6
648,ORD103386,CUST1649,Rohan Patel,2025-11-15,Pune,West,Books,Data Science Book,3,940.77,0.0,2822.31,873.93,Cash on Delivery,Standard,3.7
650,ORD100596,CUST1545,Rohan Patel,2025-04-27,Chennai,South,Sports,Running Shoes,1,3148.71,0.0,3148.71,853.73,Net Banking,Standard,4.2
651,ORD101421,CUST2125,Aditya Joshi,2025-10-15,Noida,North,Clothing,Sneakers,5,3042.62,0.0,15213.1,2178.06,Net Banking,Express,3.5
652,ORD102178,CUST2192,Aarav Sharma,2025-08-14,Kolkata,East,Beauty,Perfume,1,1314.59,0.1,1183.13,237.2,Net Banking,Standard,2.4
653,ORD103563,CUST1475,Meera Mishra,2025-05-20,Lucknow,North,Home & Kitchen,Coffee Maker,2,3770.59,0.05,7164.12,1927.95,Net Banking,Express,3.6
654,ORD101538,CUST1740,Karan Mehta,2025-08-15,Kolkata,East,Beauty,Face Wash,1,394.87,0.25,296.15,37.15,Debit Card,Same Day,3.9
655,ORD103184,CUST2079,Diya Gupta,2025-06-24,Bengaluru,South,Clothing,T-Shirt,3,750.03,0.05,2137.59,636.61,Cash on Delivery,Standard,2.9
656,ORD102825,CUST2164,Kavya Srivastava,2025-01-21,Pune,West,Sports,Football,3,1073.03,0.1,2897.18,875.24,Net Banking,Express,3.2
657,ORD100371,CUST1894,Diya Gupta,2025-04-12,Chandigarh,North,Electronics,Smart Watch,4,3218.74,0.1,11587.46,1350.96,Debit Card,Standard,3.5
658,ORD104664,CUST1208,Rahul Tiwari,2025-08-12,Mumbai,West,Electronics,Headphones,2,2123.14,0.0,4246.28,453.3,Debit Card,Standard,4.9
659,ORD104353,CUST1125,Priya Saxena,2025-05-19,Delhi,North,Books,Programming Book,1,1094.46,0.15,930.29,214.49,Debit Card,Express,3.8
660,ORD100598,CUST1095,Kavya Srivastava,2025-01-17,Mumbai,West,Electronics,Smart Watch,2,3472.85,0.15,5903.84,1667.37,Cash on Delivery,Express,4.8
661,ORD100238,CUST1169,Rahul Tiwari,2025-07-20,Chennai,South,Books,Novel,1,464.07,0.05,440.87,116.83,UPI,Express,3.3
662,ORD104482,CUST1676,Karan Mehta,2025-02-15,Chandigarh,North,Clothing,Jeans,1,1911.99,0.15,1625.19,475.97,Cash on Delivery,Express,3.6
663,ORD101417,CUST1978,Ananya Verma,2025-08-19,Ahmedabad,West,Electronics,Smart Watch,2,3718.0,0.0,7436.0,1550.57,Credit Card,Same Day,3.4
664,ORD101483,CUST1406,Rohan Patel,2025-05-20,Bengaluru,South,Books,Programming Book,5,1307.36,0.0,6536.8,1345.41,Credit Card,Standard,3.8
665,ORD101117,CUST1922,Meera Mishra,2025-03-03,Hyderabad,South,Books,Data Science Book,1,899.99,0.05,854.99,280.64,Debit Card,Same Day,4.0
666,ORD103496,CUST1224,Arjun Singh,2025-07-26,Delhi,North,Home & Kitchen,Coffee Maker,3,3387.03,0.2,8128.87,2261.38,Net Banking,Same Day,3.9
667,ORD101892,CUST1434,Aditi Malhotra,2025-06-17,Mumbai,West,Clothing,T-Shirt,1,741.26,0.15,630.07,157.58,Debit Card,Express,3.6
668,ORD102575,CUST1020,Rohan Patel,2025-02-04,Bengaluru,South,Clothing,Sneakers,5,3105.19,0.05,14749.65,2675.56,Net Banking,Standard,4.4
669,ORD103505,CUST1140,Aarav Sharma,2025-07-24,Bengaluru,South,Clothing,Jeans,2,1781.39,0.05,3384.64,669.47,Credit Card,Express,4.1
670,ORD104543,CUST1836,Aditya Joshi,2025-10-30,Mumbai,West,Clothing,Sneakers,1,2773.92,0.1,2496.53,815.84,Cash on Delivery,Express,2.7
671,ORD102784,CUST1910,Rohan Patel,2025-05-31,Jaipur,North,Electronics,Keyboard,1,1260.76,0.05,1197.72,187.06,Cash on Delivery,Standard,4.2
672,ORD101419,CUST1813,Arjun Singh,2025-05-02,Jaipur,North,Clothing,Sneakers,1,2850.07,0.0,2850.07,788.15,Debit Card,Standard,3.5
673,ORD100911,CUST1030,Aditi Malhotra,2025-08-14,Hyderabad,South,Electronics,Headphones,3,1923.59,0.0,5770.77,1831.31,UPI,Express,4.6
674,ORD100829,CUST1502,Ishaan Kumar,2025-08-07,Hyderabad,South,Sports,Running Shoes,1,3274.18,0.15,2783.05,573.47,Cash on Delivery,Same Day,4.1
675,ORD101554,CUST1645,Diya Gupta,2025-02-12,Bengaluru,South,Clothing,Sneakers,1,2847.39,0.05,2705.02,766.23,Cash on Delivery,Standard,3.8
676,ORD103405,CUST1789,Aarav Sharma,2025-01-03,Jaipur,North,ELECTRONICS,Face Wash,5,375.61,0.0,1878.05,455.54,Credit Card,Same Day,4.5
677,ORD104271,CUST1729,Ishaan Kumar,2025-04-23,Delhi,North,Sports,Yoga Mat,4,891.55,0.05,3387.89,607.53,Credit Card,Standard,5.0
678,ORD100838,CUST1912,Priya Saxena,2025-10-02,Bengaluru,South,Clothing,Jeans,1,1827.04,0.15,1552.98,365.99,Credit Card,Same Day,4.8
679,ORD103336,CUST1720,Ananya Verma,2025-10-24,Delhi,North,Sports,Yoga Mat,4,852.57,0.2,2728.22,801.99,Cash on Delivery,Express,4.2
680,ORD104383,CUST1932,Sneha Agarwal,2025-10-19,Hyderabad,South,Electronics,Keyboard,2,1169.41,0.15,1988.0,306.06,Credit Card,Express,4.2
681,ORD101468,CUST1039,Meera Mishra,2025-05-07,Lucknow,North,Sports,Yoga Mat,3,874.13,0.25,1966.79,218.7,Net Banking,Express,3.6
682,ORD102117,CUST1036,Sneha Agarwal,2025-09-21,Jaipur,North,Books,Novel,1,490.44,0.05,465.92,124.13,Net Banking,Standard,4.0
683,ORD102929,CUST1028,Aarav Sharma,2025-06-08,Bengaluru,South,Sports,Football,1,1036.0,0.05,984.2,236.04,Cash on Delivery,Express,4.8
684,ORD100621,CUST1411,Priya Saxena,2025-03-11,Chandigarh,North,Books,Novel,2,540.86,0.0,1081.72,110.03,Credit Card,Same Day,3.1
685,ORD102476,CUST1327,Kavya Srivastava,2025-11-12,Pune,West,Beauty,Perfume,4,1224.69,0.25,3674.07,888.06,Debit Card,Express,3.8
686,ORD104652,CUST1303,Ananya Verma,2025-07-26,Kolkata,East,Beauty,Face Wash,2,426.0,0.05,809.4,187.24,UPI,Express,4.1
687,ORD100566,CUST1263,Aarav Sharma,2025-12-24,Bengaluru,South,Home & Kitchen,Table Lamp,3,854.45,0.15,2178.85,372.45,Debit Card,Same Day,4.0
688,ORD104523,CUST1360,Aditi Malhotra,2025-04-27,Hyderabad,South,Home & Kitchen,Coffee Maker,1,3844.55,0.2,3075.64,733.48,UPI,Standard,3.2
689,ORD101231,CUST1425,Diya Gupta,2025-03-28,Hyderabad,South,Clothing,Jeans,5,1663.23,0.15,7068.73,1318.09,Debit Card,Same Day,2.4
690,ORD104742,CUST1193,Aditi Malhotra,2025-07-20,Bengaluru,South,Electronics,Headphones,1,1800.28,0.15,1530.24,214.83,Credit Card,Same Day,5.0
691,ORD100051,CUST2025,Rahul Tiwari,2025-11-24,Delhi,North,Books,Data Science Book,3,814.31,0.05,2320.78,315.06,Net Banking,Standard,3.7
692,ORD104056,CUST1910,Aditya Joshi,2025-01-28,Delhi,North,Electronics,Headphones,2,1896.01,0.0,3792.02,641.74,Credit Card,Standard,4.6
693,ORD100807,CUST1005,Aditi Malhotra,2025-10-04,Hyderabad,South,Home & Kitchen,Coffee Maker,3,3474.68,0.2,8339.23,2366.1,Cash on Delivery,Same Day,4.1
694,ORD101261,CUST1452,Arjun Singh,2025-01-27,Bengaluru,South,Home & Kitchen,Cookware Set,1,2361.3,0.0,2361.3,310.92,Credit Card,Standard,4.1
695,ORD104684,CUST2010,Kavya Srivastava,2025-03-18,Chandigarh,North,Clothing,Sneakers,1,2755.11,0.0,2755.11,861.29,UPI,Same Day,4.7
696,ORD100534,CUST1621,Priya Saxena,2025-01-31,Chandigarh,North,Sports,Yoga Mat,1,820.84,0.0,820.84,203.14,Debit Card,Express,2.9
697,ORD104539,CUST1307,Rohan Patel,2025-02-22,Jaipur,North,Home & Kitchen,Bedsheet,3,910.3,0.05,2594.35,347.42,Net Banking,Same Day,3.8
698,ORD104731,CUST1880,Priya Saxena,2025-07-15,Lucknow,North,Home & Kitchen,Coffee Maker,1,3579.1,0.15,3042.23,375.15,Cash on Delivery,Express,2.7
699,ORD100443,CUST1351,Aditi Malhotra,2025-09-17,Jaipur,North,Home & Kitchen,Coffee Maker,2,3501.75,0.2,5602.8,818.63,Credit Card,Same Day,4.6
700,ORD104995,CUST1995,Aarav Sharma,2025-06-29,Pune,West,Sports,Running Shoes,4,3056.5,0.1,11003.4,3097.67,UPI,Express,4.7
701,ORD100195,CUST1590,Kavya Srivastava,2025-01-30,Pune,West,Clothing,Sneakers,4,2708.58,0.1,9750.89,2180.09,Debit Card,Express,4.7
702,ORD102302,CUST1521,Diya Gupta,2025-10-06,Pune,West,Beauty,Face Wash,2,426.91,0.1,768.44,198.33,Cash on Delivery,Same Day,4.6
703,ORD102589,CUST2113,Rahul Tiwari,2025-01-29,Ahmedabad,West,Sports,Yoga Mat,2,856.24,0.15,1455.61,475.83,UPI,Same Day,3.2
704,ORD102555,CUST1317,Ananya Verma,2025-03-20,Kolkata,East,Home & Kitchen,Table Lamp,3,855.91,0.25,1925.8,229.09,UPI,Same Day,3.9
705,ORD104600,CUST2154,Sneha Agarwal,2025-12-23,Chennai,South,Clothing,Jeans,4,1922.96,0.0,7691.84,1998.98,Debit Card,Same Day,4.9
706,ORD103038,CUST1902,Priya Saxena,2025-02-07,Chandigarh,North,Clothing,Sneakers,1,2845.45,0.05,2703.18,355.03,Net Banking,Standard,4.0
708,ORD103001,CUST1993,Rohan Patel,2025-01-26,Ahmedabad,West,Beauty,Sunscreen,4,718.95,0.15,2444.43,380.88,Net Banking,Express,2.4
709,ORD102591,CUST1405,Sneha Agarwal,2025-04-06,Jaipur,North,Electronics,Headphones,3,1931.18,0.25,4345.15,860.46,UPI,Express,3.8
710,ORD103172,CUST1906,Priya Saxena,2025-08-03,Mumbai,West,Electronics,Headphones,2,1942.52,0.1,3496.54,909.31,Net Banking,Express,3.9
711,ORD100644,CUST2069,Aarav Sharma,2025-08-17,Kolkata,East,Books,Data Science Book,4,959.63,0.0,3838.52,551.2,Credit Card,Standard,4.0
712,ORD102586,CUST2157,Meera Mishra,2025-02-28,Noida,North,Clothing,Sneakers,1,2813.21,0.15,2391.23,693.16,Cash on Delivery,Same Day,3.9
713,ORD103831,CUST1987,Rahul Tiwari,2025-10-18,Delhi,North,Beauty,Sunscreen,1,677.41,0.0,677.41,124.28,Credit Card,Express,5.0
714,ORD101361,CUST1925,Ishaan Kumar,2025-07-12,Lucknow,North,Electronics,Headphones,1,2060.12,0.15,1751.1,336.56,Cash on Delivery,Standard,3.1
715,ORD104422,CUST1403,Ananya Verma,2025-05-06,Mumbai,West,Electronics,Headphones,2,2118.77,0.1,3813.79,511.69,UPI,Same Day,5.0
716,ORD100120,CUST2151,Arjun Singh,2025-06-25,Noida,North,Electronics,Smart Watch,1,3816.15,0.0,3816.15,910.55,UPI,Standard,4.7
717,ORD101253,CUST1955,Karan Mehta,2025-01-06,Mumbai,West,Home & Kitchen,Cookware Set,3,2443.06,0.15,6229.8,2136.4,UPI,Express,3.7
718,ORD103424,CUST1261,Rahul Tiwari,2025-07-12,Chandigarh,North,Clothing,Sneakers,1,3065.34,0.0,3065.34,402.63,Credit Card,Same Day,4.0
719,ORD104908,CUST1626,Arjun Singh,2025-12-26,Hyderabad,South,Clothing,T-Shirt,4,654.82,0.3,1833.5,288.84,Cash on Delivery,Same Day,2.8
720,ORD104631,CUST1887,Aditi Malhotra,2025-08-23,Mumbai,West,Beauty,Perfume,1,1182.1,0.0,1182.1,313.3,Net Banking,Standard,4.1
721,ORD103040,CUST1263,Diya Gupta,2025-05-11,mumbai,West,Clothing,Hoodie,2,1546.86,0.0,3093.72,398.93,Cash on Delivery,Standard,3.8
722,ORD100134,CUST1483,Karan Mehta,2025-06-28,Jaipur,North,Beauty,Sunscreen,3,717.48,0.05,2044.82,329.32,UPI ,Same Day,3.3
723,ORD104015,CUST1248,Rahul Tiwari,2025-08-06,Lucknow,North,Electronics,Keyboard,4,1344.53,0.1,4840.31,1063.92,Credit Card,Same Day,4.6
724,ORD102438,CUST1173,Ananya Verma,2025-01-21,Lucknow,North,Home & Kitchen,Table Lamp,1,949.86,0.0,949.86,206.36,Credit Card,Express,3.5
725,ORD102311,CUST1956,Priya Saxena,2025-07-17,Kolkata,East,Beauty,Face Wash,5,424.45,0.15,1803.91,236.94,Cash on Delivery,Standard,4.5
726,ORD100184,CUST1880,Aditya Joshi,2025-06-27,Noida,North,Clothing,Jeans,1,1791.07,0.1,1611.96,188.13,Credit Card,Standard,3.9
727,ORD101345,CUST1943,Arjun Singh,2025-07-10,Ahmedabad,West,Clothing,Jeans,5,1967.67,0.0,9838.35,2359.11,UPI,Standard,3.3
728,ORD102788,CUST2017,Ananya Verma,2025-01-26,Pune,West,Clothing,Jeans,1,1834.11,0.2,1467.29,189.95,UPI,Express,4.5
729,ORD100511,CUST1377,Ishaan Kumar,2025-09-17,Delhi,North,Books,Programming Book,5,1253.64,0.2,5014.56,1151.57,Cash on Delivery,Same Day,3.8
730,ORD104618,CUST2147,Rohan Patel,2025-12-23,Kolkata,East,Sports,Football,1,902.79,0.3,631.95,127.94,Net Banking,Express,3.9
731,ORD100062,CUST1322,Priya Saxena,2025-11-20,Kolkata,East,Beauty,Perfume,2,1408.39,0.1,2535.1,583.25,Credit Card,Standard,3.4
732,ORD103291,CUST1739,Rahul Tiwari,2025-09-29,Jaipur,North,Clothing,T-Shirt,3,706.74,0.15,1802.19,524.33,Net Banking,Express,3.6
733,ORD104461,CUST1437,Ananya Verma,2025-08-08,Pune,West,Sports,Football,1,1020.51,0.0,1020.51,349.93,Credit Card,Express,4.1
734,ORD103757,CUST1156,Ishaan Kumar,2025-11-11,Bengaluru,South,Beauty,Face Wash,1,397.36,0.15,337.76,81.22,UPI,Standard,4.7
735,ORD103508,CUST1402,Diya Gupta,2025-10-05,Delhi,North,Home & Kitchen,Table Lamp,2,869.15,0.2,1390.64,427.44,Cash on Delivery,Standard,3.9
736,ORD104602,CUST1480,Rohan Patel,2025-02-27,Kolkata,East,Clothing,T-Shirt,1,753.37,0.05,715.7,81.09,Cash on Delivery,Same Day,4.2
737,ORD100251,CUST1911,Ananya Verma,2025-01-12,Bengaluru,South,Clothing,Jeans,2,1840.16,0.05,3496.3,918.95,Debit Card,Standard,5.0
738,ORD104264,CUST2010,Diya Gupta,2025-07-19,Kolkata,East,Clothing,Jeans,1,1912.14,0.1,1720.93,542.49,UPI,Same Day,4.7
739,ORD103838,CUST1754,Aarav Sharma,2025-08-01,Bengaluru,South,Beauty,Sunscreen,1,653.88,0.15,555.8,148.78,Debit Card,Standard,5.0
740,ORD100800,CUST1155,Rohan Patel,2025-01-30,Ahmedabad,West,Home & Kitchen,Coffee Maker,1,3164.86,0.0,3164.86,629.01,Net Banking,Standard,3.9
741,ORD102638,CUST1264,Meera Mishra,2025-06-05,Delhi,North,Sports,Running Shoes,1,2840.31,0.2,2272.25,654.15,Cash on Delivery,Express,3.2
742,ORD104037,CUST1204,Arjun Singh,2025-02-09,Mumbai,West,Books,Data Science Book,1,809.67,0.15,688.22,147.44,UPI,Standard,3.7
743,ORD100122,CUST1994,Karan Mehta,2025-10-26,Noida,North,Beauty,Sunscreen,1,732.78,0.1,659.5,91.16,Cash on Delivery,Express,3.5
744,ORD101746,CUST1381,Rohan Patel,2025-12-24,Chennai,South,Home & Kitchen,Coffee Maker,3,3820.71,0.15,9742.81,3152.46,Debit Card,Same Day,2.8
745,ORD101831,CUST1362,Arjun Singh,2025-11-15,Ahmedabad,West,Electronics,Headphones,1,2165.53,0.0,2165.53,609.63,Net Banking,Same Day,4.3
746,ORD104457,CUST1918,Aditya Joshi,2025-11-23,Hyderabad,South,Books,Novel,3,515.91,0.1,1392.96,314.85,Credit Card,Express,4.4
747,ORD101209,CUST1839,Priya Saxena,2025-04-23,Bengaluru,South,Electronics,Wireless Mouse,2,739.41,0.15,1257.0,416.11,Debit Card,Express,3.3
748,ORD100567,CUST1476,Aarav Sharma,2025-04-02,Kolkata,East,Home & Kitchen,Cookware Set,1,2622.0,0.15,2228.7,626.32,Credit Card,Same Day,5.0
749,ORD101859,CUST1494,Priya Saxena,2025-01-12,Hyderabad,South,Clothing,Sneakers,2,2832.63,0.15,4815.47,780.71,Cash on Delivery,Express,2.7
750,ORD103734,CUST1670,Aarav Sharma,2025-03-19,Chennai,South,Electronics,Keyboard,5,1344.34,0.15,5713.44,1732.9,Cash on Delivery,Standard,2.7
751,ORD103752,CUST1090,Sneha Agarwal,2025-08-18,Mumbai,West,Books,Novel,2,458.12,0.1,824.62,208.82,Credit Card,Standard,5.0
752,ORD100798,CUST1631,Rohan Patel,2025-08-25,Mumbai,West,Electronics,Headphones,2,1883.79,0.0,3767.58,1091.24,Debit Card,Same Day,3.6
753,ORD100893,CUST1226,Sneha Agarwal,2025-01-08,Jaipur,North,Home & Kitchen,Bedsheet,2,999.75,0.1,1799.55,510.82,Net Banking,Express,4.1
754,ORD104873,CUST1295,Ananya Verma,2025-09-22,Chandigarh,North,Beauty,Sunscreen,1,746.97,0.05,709.62,86.06,Cash on Delivery,Standard,2.9
755,ORD101634,CUST2197,Aarav Sharma,2025-10-20,Hyderabad,South,Home & Kitchen,Bedsheet,1,924.45,0.1,832.01,103.49,Net Banking,Standard,4.6
756,ORD101057,CUST1139,Sneha Agarwal,2025-11-02,Ahmedabad,West,Clothing,Sneakers,3,3264.09,0.0,9792.27,2935.81,Credit Card,Standard,3.5
757,ORD101420,CUST2091,Priya Saxena,2025-09-14,Pune,West,Home & Kitchen,Coffee Maker,4,3448.58,0.2,11035.46,2978.98,Credit Card,Same Day,3.8
758,ORD100720,CUST1974,Karan Mehta,2025-06-19,Noida,North,Sports,Yoga Mat,1,964.82,0.05,916.58,260.67,Net Banking,Same Day,3.0
759,ORD103541,CUST2196,Sneha Agarwal,2025-02-14,Chandigarh,North,Beauty,Sunscreen,2,758.38,0.15,1289.25,281.08,Net Banking,Standard,4.2
760,ORD104938,CUST1511,Diya Gupta,2025-07-14,Jaipur,North,Clothing,T-Shirt,1,669.92,0.1,602.93,206.32,Credit Card,Standard,4.1
761,ORD101629,CUST1886,Meera Mishra,2025-01-22,Ahmedabad,West,Beauty,Face Wash,1,409.0,0.15,347.65,47.43,Net Banking,Standard,4.2
762,ORD103388,CUST1641,Kavya Srivastava,2025-01-28,Kolkata,East,Clothing,T-Shirt,1,752.51,0.0,752.51,79.27,Cash on Delivery,Standard,3.9
763,ORD100602,CUST1982,Ananya Verma,2025-05-02,Kolkata,East,Books,Novel,1,531.59,0.0,531.59,54.59,Net Banking,Standard,4.0
764,ORD100907,CUST1212,Karan Mehta,2025-02-01,Kolkata,East,Electronics,Smart Watch,1,3259.84,0.0,3259.84,1085.92,Credit Card,Same Day,4.4
765,ORD104225,CUST1637,Aditya Joshi,2025-02-13,Lucknow,North,Home & Kitchen,Table Lamp,1,916.32,0.1,824.69,221.61,Debit Card,Express,3.0
766,ORD101534,CUST2029,Rohan Patel,2025-11-01,Bengaluru,South,Sports,Football,1,1030.08,0.05,978.58,321.5,Credit Card,Standard,3.1
767,ORD103497,CUST1222,Kavya Srivastava,2025-04-04,Pune,West,Beauty,Sunscreen,1,719.93,0.2,575.94,63.13,UPI,Same Day,4.1
768,ORD100318,CUST2047,Aarav Sharma,2025-09-10,Bengaluru,South,Clothing,Hoodie,2,1356.61,0.05,2577.56,556.57,Net Banking,Express,4.6
769,ORD104597,CUST2142,Aditya Joshi,2025-07-11,Delhi,North,Clothing,Sneakers,4,3032.24,0.0,12128.96,4135.97,UPI,Standard,4.6
770,ORD104579,CUST1417,Aditi Malhotra,2025-12-13,Chandigarh,North,Beauty,Perfume,1,1240.75,0.0,1240.75,312.61,UPI,Same Day,4.2
771,ORD100274,CUST1144,Aditya Joshi,2025-12-09,Delhi,North,Clothing,Sneakers,2,3235.76,0.05,6147.94,1111.65,Credit Card,Same Day,3.5
772,ORD103537,CUST1050,Aditya Joshi,2025-11-19,Delhi,North,Home & Kitchen,Bedsheet,3,1013.41,0.15,2584.2,828.17,Credit Card,Standard,3.5
773,ORD100549,CUST1753,Diya Gupta,2025-05-16,Delhi,North,Beauty,Face Wash,2,363.27,0.15,617.56,85.02,Net Banking,Same Day,4.3
774,ORD101992,CUST2126,Aarav Sharma,2025-04-06,Delhi,North,Clothing,Hoodie,3,1395.26,0.15,3557.91,870.74,Net Banking,Express,3.4
775,ORD101128,CUST1244,Aditi Malhotra,2025-10-15,Noida,North,Electronics,Wireless Mouse,2,852.73,0.25,1279.1,331.46,UPI,Standard,5.0
776,ORD104912,CUST1055,Rohan Patel,2025-06-12,Mumbai,West,Electronics,Headphones,4,2012.2,0.0,8048.8,962.86,Net Banking,Express,4.5
777,ORD102970,CUST1100,Arjun Singh,2025-08-19,Chandigarh,North,Clothing,T-Shirt,1,690.68,0.05,656.15,73.27,Credit Card,Express,5.0
778,ORD100605,CUST1341,Diya Gupta,2025-01-09,Chandigarh,North,Books,Programming Book,2,1145.93,0.1,2062.67,663.26,Net Banking,Same Day,4.5
779,ORD103504,CUST1333,Arjun Singh,2025-07-10,Noida,North,ELECTRONICS,Smart Watch,2,3646.91,0.25,5470.36,809.53,Net Banking,Standard,3.2
780,ORD100527,CUST1553,Meera Mishra,2025-01-25,Ahmedabad,West,Home & Kitchen,Coffee Maker,3,3269.37,0.1,8827.3,2798.6,Cash on Delivery,Express,3.7
781,ORD102303,CUST1580,Sneha Agarwal,2025-02-11,Kolkata,East,Beauty,Face Wash,1,409.93,0.05,389.43,82.76,Net Banking,Same Day,5.0
782,ORD102980,CUST1314,Aditi Malhotra,2025-10-04,Mumbai,West,Beauty,Face Wash,4,425.79,0.05,1618.0,514.36,Credit Card,Same Day,5.0
783,ORD102440,CUST2076,Arjun Singh,2025-01-22,Chandigarh,North,Home & Kitchen,Coffee Maker,1,3353.15,0.05,3185.49,641.22,Cash on Delivery,Standard,3.7
784,ORD103815,CUST1900,Aarav Sharma,2025-05-08,Noida,North,Clothing,Hoodie,1,1453.22,0.0,1453.22,369.75,Net Banking,Express,3.9
785,ORD104846,CUST1405,Arjun Singh,2025-02-11,Ahmedabad,West,ELECTRONICS,Cookware Set,1,2695.93,0.1,2426.34,683.67,UPI,Standard,4.8
786,ORD102018,CUST1717,Ishaan Kumar,2025-07-30,Pune,West,Books,Novel,3,505.21,0.05,1439.85,210.72,Debit Card,Standard,3.8
787,ORD100298,CUST1475,Arjun Singh,2025-01-04,Hyderabad,South,Beauty,Sunscreen,2,712.31,0.3,997.23,163.95,Debit Card,Standard,4.5
788,ORD103902,CUST1815,Karan Mehta,2025-04-22,Bengaluru,South,Books,Programming Book,4,1249.47,0.2,3998.3,890.16,Cash on Delivery,Express,3.9
789,ORD102567,CUST1679,Rahul Tiwari,2025-06-08,Noida,North,Clothing,Sneakers,4,3044.62,0.2,9742.78,2151.15,Cash on Delivery,Express,3.9
790,ORD101606,CUST1511,Diya Gupta,2025-11-13,Bengaluru,South,Clothing,Hoodie,2,1624.63,0.2,2599.41,469.42,Net Banking,Same Day,4.6
791,ORD102288,CUST1503,Aditya Joshi,2025-03-29,Lucknow,North,Home & Kitchen,Coffee Maker,5,3230.76,0.0,16153.8,4049.51,Net Banking,Standard,3.6
792,ORD103768,CUST1294,Ishaan Kumar,2025-08-27,Ahmedabad,West,Books,Novel,4,498.68,0.0,1994.72,282.72,Debit Card,Express,3.4
793,ORD101090,CUST1248,Priya Saxena,2025-07-19,Ahmedabad,West,Electronics,Wireless Mouse,4,834.59,0.1,3004.52,893.11,Credit Card,Standard,5.0
794,ORD101593,CUST1610,Meera Mishra,2025-10-07,Pune,West,Clothing,Jeans,3,1655.16,0.15,4220.66,1038.49,Net Banking,Express,3.5
795,ORD101362,CUST1734,Rahul Tiwari,2025-11-24,Noida,North,Books,Data Science Book,1,873.82,0.05,830.13,246.71,UPI,Express,3.7
796,ORD102348,CUST1092,Ananya Verma,2025-07-12,Lucknow,North,Clothing,Sneakers,4,3110.52,0.1,11197.87,2286.89,UPI,Standard,4.5
797,ORD100756,CUST1122,Priya Saxena,2025-12-02,Delhi,North,Books,Novel,1,454.12,0.0,454.12,66.19,UPI,Express,4.0
798,ORD102804,CUST1975,Meera Mishra,2025-06-07,Ahmedabad,West,Sports,Football,1,1034.19,0.1,930.77,171.59,Net Banking,Standard,4.6
799,ORD102648,CUST1249,Priya Saxena,2025-10-05,Jaipur,North,Beauty,Sunscreen,4,765.79,0.1,2756.84,452.8,Cash on Delivery,Standard,3.9
800,ORD101170,CUST1208,Rahul Tiwari,2025-08-18,Lucknow,North,Sports,Football,1,1067.9,0.1,961.11,146.85,Credit Card,Same Day,4.7
801,ORD104083,CUST1852,Rohan Patel,2025-03-23,Chennai,South,Home & Kitchen,Bedsheet,1,1083.58,0.15,921.04,186.95,UPI,Express,4.5
802,ORD101103,CUST1014,Aditi Malhotra,2025-08-07,Delhi,North,Clothing,Jeans,3,1815.95,0.05,5175.46,1658.87,Net Banking,Standard,3.1
803,ORD103559,CUST2099,Meera Mishra,2025-02-07,Mumbai,West,Clothing,Sneakers,3,2773.39,0.25,6240.13,2100.83,UPI,Same Day,3.3
804,ORD101874,CUST1774,Kavya Srivastava,2025-11-05,Mumbai,West,Sports,Football,4,900.84,0.2,2882.69,328.33,Net Banking,Same Day,3.3
805,ORD100376,CUST1467,Diya Gupta,2025-06-23,Kolkata,East,Clothing,Sneakers,2,3041.42,0.05,5778.7,781.99,Net Banking,Same Day,3.1
806,ORD101038,CUST1443,Ananya Verma,2025-08-02,Lucknow,North,Sports,Football,3,941.6,0.15,2401.08,737.16,UPI,Express,5.0
807,ORD103869,CUST1026,Kavya Srivastava,2025-08-30,Ahmedabad,West,Sports,Yoga Mat,2,854.06,0.3,1195.68,385.08,Credit Card,Standard,3.7
808,ORD102168,CUST1408,Rahul Tiwari,2025-11-05,Lucknow,North,Books,Programming Book,2,1271.4,0.0,2542.8,792.61,UPI,Express,3.5
809,ORD104706,CUST1411,Priya Saxena,2025-07-06,Hyderabad,South,Books,Data Science Book,3,959.51,0.3,2014.97,582.4,Credit Card,Same Day,4.2
810,ORD100378,CUST1807,Rahul Tiwari,2025-03-09,Lucknow,North,Sports,Running Shoes,1,3080.3,0.05,2926.28,968.8,Debit Card,Express,3.5
811,ORD101183,CUST1921,Aditi Malhotra,2025-01-30,Chandigarh,North,Home & Kitchen,Coffee Maker,3,3261.62,0.0,9784.86,1242.66,Debit Card,Standard,5.0
812,ORD102543,CUST1832,Aditya Joshi,2025-01-14,Chandigarh,North,Clothing,T-Shirt,2,662.42,0.05,1258.6,413.96,Credit Card,Same Day,3.5
814,ORD100881,CUST1542,Aditi Malhotra,2025-07-13,Bengaluru,South,Books,Novel,2,528.61,0.1,951.5,149.32,Credit Card,Standard,3.5
815,ORD103967,CUST1750,Arjun Singh,2025-09-29,Mumbai,West,Books,Novel,1,525.9,0.2,420.72,114.13,Credit Card,Standard,3.5
816,ORD102498,CUST1878,Priya Saxena,2025-12-16,Delhi,North,Clothing,Sneakers,2,2763.58,0.05,5250.8,1320.98,Net Banking,Standard,4.3
817,ORD101697,CUST1537,Aarav Sharma,2025-11-15,Kolkata,East,Clothing,Hoodie,5,1388.0,0.0,6940.0,2418.09,Net Banking,Same Day,2.6
818,ORD101550,CUST2065,Kavya Srivastava,2025-07-03,Kolkata,East,Sports,Football,1,918.41,0.0,918.41,216.87,Cash on Delivery,Same Day,3.9
819,ORD103946,CUST1143,Priya Saxena,2025-01-09,Chennai,South,Electronics,Headphones,1,2014.99,0.05,1914.24,420.36,Credit Card,Same Day,4.0
820,ORD101867,CUST1392,Aditi Malhotra,2025-11-22,Jaipur,North,Beauty,Face Wash,1,407.38,0.0,407.38,114.33,Cash on Delivery,Express,4.7
821,ORD102299,CUST1625,Aditi Malhotra,2025-01-26,Pune,West,Clothing,T-Shirt,5,689.03,0.05,3272.89,439.49,Debit Card,Express,2.8
822,ORD101972,CUST1455,Rahul Tiwari,2025-05-15,Chandigarh,North,Clothing,T-Shirt,3,715.16,0.1,1930.93,616.97,Net Banking,Standard,3.2
823,ORD100794,CUST1615,Sneha Agarwal,2025-04-19,Mumbai,West,Books,Data Science Book,1,966.56,0.05,918.23,198.07,UPI,Same Day,3.8
824,ORD102535,CUST2037,Karan Mehta,2025-08-03,Delhi,North,Sports,Running Shoes,5,2736.3,0.1,12313.35,3670.97,Cash on Delivery,Standard,4.7
825,ORD103817,CUST1614,Rahul Tiwari,2025-09-03,Jaipur,North,Electronics,Smart Watch,1,3350.72,0.0,3350.72,705.37,Cash on Delivery,Same Day,4.2
826,ORD101877,CUST1822,Meera Mishra,2025-11-18,Ahmedabad,West,Clothing,Sneakers,5,2767.35,0.05,13144.91,4522.22,Net Banking,Standard,4.0
827,ORD100175,CUST1648,Priya Saxena,2025-12-18,Bengaluru,South,Home & Kitchen,Bedsheet,1,917.94,0.2,734.35,203.39,UPI,Same Day,4.3
828,ORD101513,CUST2110,Karan Mehta,2025-10-29,Ahmedabad,West,Home & Kitchen,Coffee Maker,1,3684.34,0.1,3315.91,863.73,UPI,Standard,4.1
829,ORD104858,CUST1132,Aarav Sharma,2025-07-02,Pune,West,Books,Novel,2,498.29,0.2,797.26,215.61,UPI,Standard,3.4
830,ORD101952,CUST1360,Diya Gupta,2025-03-08,Chandigarh,North,electronics,Jeans,1,1906.69,0.15,1620.69,558.3,Net Banking,Standard,3.9
831,ORD100045,CUST1249,Sneha Agarwal,2025-02-02,Delhi,North,Beauty,Perfume,3,1340.01,0.1,3618.03,1062.18,Cash on Delivery,Express,4.2
832,ORD102787,CUST1976,Priya Saxena,2025-08-13,Kolkata,East,Electronics,Smart Watch,3,3506.66,0.2,8415.98,1359.29,Debit Card,Same Day,4.4
833,ORD103044,CUST1088,Kavya Srivastava,2025-08-09,Bengaluru,South,Home & Kitchen,Table Lamp,1,954.39,0.2,763.51,257.06,Debit Card,Same Day,4.4
834,ORD101471,CUST1381,Sneha Agarwal,2025-05-30,Ahmedabad,West,Home & Kitchen,Bedsheet,5,1039.5,0.15,4417.88,1186.39,Cash on Delivery,Express,4.1
835,ORD103655,CUST1021,Aditi Malhotra,2025-10-21,Delhi,North,Books,Programming Book,4,1085.98,0.05,4126.72,658.24,Credit Card,Standard,4.7
836,ORD102330,CUST2006,Kavya Srivastava,2025-10-22,Pune,West,Home & Kitchen,Bedsheet,2,954.73,0.15,1623.04,311.44,Credit Card,Express,4.2
837,ORD101662,CUST1026,Sneha Agarwal,2025-06-27,Bengaluru,South,Clothing,Hoodie,1,1463.07,0.0,1463.07,463.33,Credit Card,Standard,4.8
838,ORD101204,CUST1453,Karan Mehta,2025-01-28,Chennai,South,Home & Kitchen,Coffee Maker,2,3667.45,0.25,5501.17,1919.59,Net Banking,Same Day,3.6
839,ORD101773,CUST1230,Kavya Srivastava,2025-12-22,Pune,West,Electronics,Wireless Mouse,2,721.39,0.05,1370.64,402.6,Net Banking,Same Day,4.7
840,ORD102002,CUST1672,Aarav Sharma,2025-03-02,Noida,North,Electronics,Wireless Mouse,2,851.73,0.05,1618.29,173.42,Net Banking,Express,3.1
841,ORD102526,CUST1529,Rahul Tiwari,2025-01-28,Noida,North,Electronics,Smart Watch,4,3691.73,0.0,14766.92,2719.56,Debit Card,Same Day,4.0
842,ORD103135,CUST2133,Diya Gupta,2025-03-15,Hyderabad,South,Beauty,Sunscreen,2,692.98,0.25,1039.47,179.53,Debit Card,Standard,2.8
843,ORD104702,CUST1204,Kavya Srivastava,2025-04-11,Hyderabad,South,Clothing,Sneakers,5,3198.22,0.25,11993.32,1385.35,Cash on Delivery,Standard,3.9
844,ORD100283,CUST1850,Diya Gupta,2025-11-04,Ahmedabad,West,Home & Kitchen,Cookware Set,2,2683.45,0.0,5366.9,1282.94,UPI,Same Day,4.2
845,ORD101564,CUST1098,Kavya Srivastava,2025-03-14,Chennai,South,Home & Kitchen,Cookware Set,1,2289.85,0.1,2060.86,481.29,Net Banking,Express,3.9
847,ORD102722,CUST1128,Aditi Malhotra,2025-11-09,Jaipur,North,Home & Kitchen,Bedsheet,2,1016.96,0.25,1525.44,429.72,UPI,Express,3.9
848,ORD103727,CUST2163,Aditi Malhotra,2025-05-11,Lucknow,North,Sports,Yoga Mat,1,945.67,0.2,756.54,214.88,Cash on Delivery,Same Day,4.9
849,ORD104988,CUST2139,Aarav Sharma,2025-08-27,Hyderabad,South,Books,Programming Book,1,1148.98,0.0,1148.98,145.74,Credit card,Same Day,3.7
850,ORD104635,CUST1774,Ishaan Kumar,2025-05-02,Lucknow,North,Electronics,Keyboard,1,1320.89,0.2,1056.71,187.73,UPI,Same Day,5.0
851,ORD103525,CUST1065,Ishaan Kumar,2025-03-26,Lucknow,North,Sports,Yoga Mat,2,975.52,0.15,1658.38,435.91,Net Banking,Same Day,3.5
852,ORD104521,CUST1844,Ishaan Kumar,2025-02-16,Hyderabad,South,Electronics,Smart Watch,4,3159.02,0.15,10740.67,1440.85,UPI,Same Day,4.7
853,ORD102584,CUST1801,Diya Gupta,2025-10-19,Pune,West,Electronics,Headphones,2,1913.91,0.2,3062.26,936.82,Credit Card,Express,4.5
854,ORD103286,CUST1721,Rahul Tiwari,2025-05-13,Chennai,South,Books,Programming Book,4,1167.46,0.15,3969.36,695.97,Credit Card,Same Day,4.6
855,ORD102727,CUST2161,Ishaan Kumar,2025-02-25,Kolkata,East,Books,Programming Book,2,1256.51,0.15,2136.07,610.01,UPI,Same Day,4.7
856,ORD103169,CUST1403,Meera Mishra,2025-06-02,Jaipur,North,Beauty,Sunscreen,1,721.97,0.05,685.87,195.41,Debit Card,Express,3.9
857,ORD104506,CUST2055,Meera Mishra,2025-09-27,Chandigarh,North,Clothing,Jeans,4,1854.7,0.05,7047.86,1353.77,Credit Card,Standard,3.5
858,ORD102492,CUST1288,Sneha Agarwal,2025-11-10,Mumbai,West,Electronics,Headphones,2,2123.88,0.1,3822.98,1191.94,UPI,Standard,2.7
859,ORD100994,CUST1906,Arjun Singh,2025-11-24,Hyderabad,South,Books,Programming Book,1,1301.38,0.25,976.04,285.08,Net Banking,Same Day,3.2
860,ORD104578,CUST1068,Priya Saxena,2025-12-17,Noida,North,Books,Data Science Book,1,811.65,0.0,811.65,137.54,Debit Card,Express,4.6
861,ORD104935,CUST1108,Meera Mishra,2025-06-04,Pune,West,Home & Kitchen,Cookware Set,4,2325.72,0.05,8837.74,1987.65,Net Banking,Express,2.8
862,ORD103751,CUST1606,Rahul Tiwari,2025-03-03,Kolkata,East,Electronics,Smart Watch,2,3351.86,0.05,6368.53,1893.52,UPI,Standard,4.4
863,ORD100964,CUST1836,Aditya Joshi,2025-06-17,Jaipur,North,Home & Kitchen,Table Lamp,4,955.86,0.2,3058.75,907.51,UPI,Express,4.3
864,ORD100099,CUST1991,Ishaan Kumar,2025-03-02,Lucknow,North,Home & Kitchen,Coffee Maker,3,3656.58,0.15,9324.28,2654.11,UPI,Same Day,4.9
865,ORD102439,CUST2183,Karan Mehta,2025-12-26,Chennai,South,Books,Novel,4,525.57,0.2,1681.82,418.18,UPI,Standard,4.5
866,ORD102554,CUST2004,Diya Gupta,2025-03-06,Jaipur,North,Sports,Running Shoes,2,3047.96,0.05,5791.12,1943.51,UPI,Same Day,3.8
867,ORD101813,CUST1518,Aarav Sharma,2025-07-22,Lucknow,North,Electronics,Smart Watch,5,3500.76,0.0,17503.8,2130.88,Net Banking,Standard,3.5
868,ORD103816,CUST1871,Arjun Singh,2025-12-06,Kolkata,East,Electronics,Keyboard,1,1192.17,0.15,1013.34,311.75,Debit Card,Same Day,2.0
869,ORD100351,CUST2168,Aditi Malhotra,2025-04-16,Noida,North,Electronics,Headphones,4,2070.62,0.0,8282.48,2807.47,Net Banking,Same Day,4.6
870,ORD104332,CUST2019,Ishaan Kumar,2025-06-30,Chennai,South,Books,Novel,2,512.87,0.15,871.88,199.85,Debit Card,Same Day,3.5
871,ORD101052,CUST1393,Priya Saxena,2025-01-09,Chennai,South,Sports,Running Shoes,4,2959.37,0.15,10061.86,1283.93,Net Banking,Same Day,4.9
872,ORD102426,CUST1191,Sneha Agarwal,2025-02-07,Lucknow,North,Clothing,Jeans,2,1967.01,0.05,3737.32,1276.85,UPI,Standard,3.9
873,ORD101075,CUST2109,Aditya Joshi,2025-11-12,Hyderabad,South,Clothing,Jeans,4,1802.12,0.1,6487.63,657.22,Debit Card,Standard,4.8
874,ORD100718,CUST1978,Priya Saxena,2025-05-11,Hyderabad,South,Books,Programming Book,5,1226.89,0.05,5827.73,1670.04,UPI,Same Day,2.4
875,ORD103610,CUST1800,Rohan Patel,2025-10-21,Hyderabad,South,Books,Novel,1,527.34,0.15,448.24,92.49,Cash on Delivery,Standard,4.0
876,ORD102757,CUST1805,Karan Mehta,2025-12-07,Pune,West,Home & Kitchen,Cookware Set,2,2662.31,0.1,4792.16,1170.15,UPI,Same Day,3.1
877,ORD102649,CUST1500,Aditi Malhotra,2025-05-28,Chennai,South,Home & Kitchen,Table Lamp,1,909.24,0.0,909.24,103.65,Net Banking,Standard,3.6
878,ORD100308,CUST1450,Arjun Singh,2025-07-09,Kolkata,East,Electronics,Wireless Mouse,1,777.94,0.0,777.94,105.61,UPI,Express,3.6
879,ORD101545,CUST1863,Aditya Joshi,2025-05-18,Lucknow,North,Home & Kitchen,Bedsheet,1,943.75,0.05,896.56,110.67,Cash on Delivery,Same Day,4.3
880,ORD100833,CUST1231,Karan Mehta,2025-07-23,Chennai,South,Beauty,Perfume,1,1292.63,0.1,1163.37,133.44,Net Banking,Same Day,4.6
881,ORD100366,CUST1893,Kavya Srivastava,2025-03-23,Noida,North,Electronics,Smart Watch,4,3719.35,0.0,14877.4,2542.55,UPI,Standard,4.5
882,ORD101839,CUST2117,Karan Mehta,2025-11-18,Hyderabad,South,Books,Data Science Book,3,975.85,0.15,2488.42,420.36,Debit Card,Standard,4.5
883,ORD102104,CUST1015,Karan Mehta,2025-04-15,Chandigarh,North,Beauty,Face Wash,1,401.63,0.05,381.55,103.63,Net Banking,Standard,3.6
884,ORD103491,CUST1076,Sneha Agarwal,2025-01-26,Chandigarh,North,Clothing,T-Shirt,4,670.33,0.05,2547.25,418.4,Cash on Delivery,Same Day,4.4
885,ORD103806,CUST2038,Aditi Malhotra,2025-07-03,Mumbai,West,Beauty,Sunscreen,5,650.33,0.15,2763.9,728.0,Net Banking,Standard,3.9
886,ORD103453,CUST1102,Karan Mehta,2025-11-25,Bengaluru,South,Beauty,Perfume,3,1208.84,0.3,2538.56,643.05,UPI,Standard,4.2
887,ORD102718,CUST1784,Ishaan Kumar,2025-09-29,Mumbai,West,Home & Kitchen,Cookware Set,3,2307.13,0.1,6229.25,1473.21,Credit Card,Same Day,3.9
889,ORD101351,CUST1013,Diya Gupta,2025-10-11,Kolkata,East,Sports,Running Shoes,1,3080.15,0.05,2926.14,881.72,Cash on Delivery,Same Day,3.5
890,ORD102011,CUST1909,Aditi Malhotra,2025-12-11,Mumbai,West,Clothing,Jeans,1,1817.31,0.05,1726.44,258.67,Net Banking,Same Day,3.1
891,ORD101756,CUST2190,Sneha Agarwal,2025-03-10,Pune,West,Clothing,Sneakers,1,2995.77,0.1,2696.19,898.8,Debit Card,Standard,4.0
892,ORD100218,CUST2165,Aditya Joshi,2025-03-15,Chandigarh,North,Electronics,Keyboard,1,1399.82,0.15,1189.85,222.97,UPI,Standard,3.3
893,ORD101519,CUST1583,Sneha Agarwal,2025-01-05,Hyderabad,South,Sports,Football,1,933.85,0.0,933.85,120.44,Credit Card,Standard,2.9
894,ORD100438,CUST1959,Meera Mishra,2025-07-10,Ahmedabad,West,Beauty,Sunscreen,2,750.48,0.0,1500.96,293.04,Net Banking,Express,4.8
895,ORD103679,CUST1769,Kavya Srivastava,2025-08-14,Chandigarh,North,Electronics,Keyboard,1,1282.27,0.0,1282.27,332.68,UPI,Standard,3.8
896,ORD101001,CUST1029,Kavya Srivastava,2025-06-29,Pune,West,Beauty,Perfume,1,1190.79,0.2,952.63,135.83,Debit Card,Same Day,4.4
897,ORD104725,CUST1214,Ananya Verma,2025-05-07,Hyderabad,South,Electronics,Wireless Mouse,1,731.73,0.25,548.8,149.98,Net Banking,Express,4.5
898,ORD103473,CUST1601,Meera Mishra,2025-07-16,Chennai,South,Beauty,Perfume,2,1180.75,0.15,2007.27,451.48,Net Banking,Express,3.4
899,ORD104869,CUST1791,Aditya Joshi,2025-02-02,Jaipur,North,Electronics,Keyboard,5,1347.06,0.05,6398.53,1923.56,Credit Card,Same Day,1.7
900,ORD104670,CUST1899,Rahul Tiwari,2025-10-10,Chandigarh,North,Sports,Football,4,996.66,0.1,3587.98,1221.45,COD,Express,3.0
901,ORD101694,CUST1684,Priya Saxena,2025-01-16,Jaipur,North,Clothing,T-Shirt,4,721.02,0.15,2451.47,321.68,Net Banking,Express,4.8
902,ORD102934,CUST1837,Priya Saxena,2025-11-19,Lucknow,North,Books,Data Science Book,5,940.23,0.25,3525.86,610.4,Credit Card,Same Day,3.3
903,ORD100802,CUST2022,Diya Gupta,2025-06-30,Jaipur,North,Clothing,Jeans,3,1946.84,0.2,4672.42,1416.68,UPI,Standard,3.1
904,ORD103725,CUST1724,Sneha Agarwal,2025-10-08,Chandigarh,North,Home & Kitchen,Bedsheet,1,1000.2,0.05,950.19,311.68,Debit Card,Express,3.5
905,ORD103378,CUST1028,Karan Mehta,2025-08-11,Kolkata,East,Clothing,Hoodie,4,1640.82,0.05,6235.12,1373.67,Cash on Delivery,Express,2.9
906,ORD104561,CUST1633,Ananya Verma,2025-01-23,Ahmedabad,West,Clothing,T-Shirt,1,696.24,0.05,661.43,143.19,Cash on Delivery,Standard,4.5
907,ORD104888,CUST1694,Aditya Joshi,2025-08-07,Chandigarh,North,Electronics,Headphones,2,2191.89,0.1,3945.4,498.56,Debit Card,Express,3.8
908,ORD100582,CUST1843,Ananya Verma,2025-08-29,Bengaluru,South,Beauty,Sunscreen,1,648.99,0.0,648.99,86.38,Cash on Delivery,Same Day,3.4
909,ORD100203,CUST1161,Aditi Malhotra,2025-06-24,Hyderabad,South,Home & Kitchen,Table Lamp,2,964.05,0.15,1638.88,446.76,UPI,Express,4.2
910,ORD104087,CUST1354,Karan Mehta,2025-08-03,Pune,West,Home & Kitchen,Bedsheet,2,1054.68,0.15,1792.96,410.58,Net Banking,Same Day,3.9
911,ORD103456,CUST1987,Aditya Joshi,2025-09-15,Bengaluru,South,Electronics,Smart Watch,2,3805.8,0.15,6469.86,695.55,UPI,Same Day,4.7
912,ORD102276,CUST1726,Rahul Tiwari,2025-10-05,Kolkata,East,Home & Kitchen,Table Lamp,3,918.04,0.1,2478.71,526.05,Cash on Delivery,Express,3.5
913,ORD102405,CUST1603,Rahul Tiwari,2025-04-07,Bengaluru,South,Beauty,Sunscreen,3,705.77,0.1,1905.58,610.84,Debit Card,Same Day,4.5
914,ORD103447,CUST1321,Meera Mishra,2025-11-07,Pune,West,Beauty,Sunscreen,2,742.72,0.15,1262.62,320.52,Debit Card,Same Day,3.1
915,ORD102328,CUST1107,Meera Mishra,2025-08-22,Ahmedabad,West,Home & Kitchen,Table Lamp,4,977.57,0.15,3323.74,346.68,Cash on Delivery,Same Day,2.8
916,ORD104296,CUST1273,Diya Gupta,2025-11-05,Kolkata,East,Sports,Running Shoes,19,2924.3,0.1,50005.53,445.33,Debit Card,Express,3.9
917,ORD102810,CUST2030,Karan Mehta,2025-04-18,Bengaluru,South,Clothing,Sneakers,2,3137.94,0.05,5962.09,667.45,Cash on Delivery,Express,4.0
918,ORD103716,CUST1295,Meera Mishra,2025-05-28,Pune,West,Electronics,Keyboard,2,1320.72,0.1,2377.3,369.63,Credit Card,Same Day,3.980060240963855
919,ORD104369,CUST1048,Diya Gupta,2025-10-21,Delhi,North,Books,Programming Book,4,1230.59,0.15,4184.01,1365.24,Credit Card,Express,3.6
920,ORD103771,CUST1447,Rahul Tiwari,2025-05-02,Jaipur,North,Home & Kitchen,Table Lamp,5,810.65,0.0,4053.25,798.59,Net Banking,Same Day,4.2
921,ORD100517,CUST1815,Rohan Patel,2025-08-01,Pune,West,Home & Kitchen,Cookware Set,3,2252.26,0.2,5405.42,636.61,Credit Card,Standard,4.1
922,ORD101197,CUST1776,Aditi Malhotra,2025-07-04,Noida,North,Home & Kitchen,Table Lamp,2,904.04,0.3,1265.66,242.5,upi,Same Day,4.1
923,ORD101360,CUST1981,Kavya Srivastava,2025-08-28,Chandigarh,North,Home & Kitchen,Coffee Maker,1,3605.52,0.25,2704.14,922.32,Cash on Delivery,Express,3.6
924,ORD101869,CUST2112,Ishaan Kumar,2025-10-09,Hyderabad,South,Home & Kitchen,Bedsheet,1,1073.92,0.1,966.53,124.02,Cash on Delivery,Same Day,5.0
925,ORD100668,CUST1466,Rahul Tiwari,2025-11-25,Delhi,North,Beauty,Sunscreen,4,752.75,0.25,2258.25,467.37,UPI,Same Day,4.7
926,ORD101835,CUST1899,Rahul Tiwari,2025-03-24,Chennai,South,Home & Kitchen,Table Lamp,4,939.07,0.1,3380.65,476.41,Net Banking,Express,5.0
927,ORD101437,CUST1955,Rahul Tiwari,2025-08-08,lucknow ,West,Sports,Running Shoes,2,3045.59,0.0,6091.18,699.72,UPI,Standard,2.4
928,ORD104931,CUST1193,Aarav Sharma,2025-11-18,Chennai,South,Clothing,Hoodie,3,1445.23,0.0,4335.69,1383.11,Cash on Delivery,Standard,3.8
929,ORD102379,CUST1854,Meera Mishra,2025-07-18,Chandigarh,North,Clothing,Sneakers,2,2876.91,0.1,5178.44,1613.05,Net Banking,Standard,3.3
930,ORD104133,CUST1799,Kavya Srivastava,2025-07-04,Kolkata,East,Clothing,Sneakers,1,3060.44,0.2,2448.35,549.5,Credit Card,Standard,4.0
931,ORD103912,CUST1768,Karan Mehta,2025-07-27,Hyderabad,South,Electronics,Keyboard,5,1336.5,0.05,6348.38,995.58,Cash on Delivery,Same Day,4.2
932,ORD102384,CUST1739,Priya Saxena,2025-04-13,Delhi,North,Clothing,Sneakers,5,2856.72,0.15,12141.06,2462.21,Net Banking,Same Day,3.9
933,ORD104388,CUST1419,Ishaan Kumar,2025-10-13,Noida,North,Sports,Running Shoes,1,3061.16,0.0,3061.16,551.1,Debit Card,Express,3.6
934,ORD103382,CUST2087,Arjun Singh,2025-05-02,Kolkata,East,Sports,Yoga Mat,2,857.73,0.1,1543.91,439.66,UPI,Same Day,4.1
935,ORD104088,CUST2093,Ishaan Kumar,2025-10-11,Lucknow,North,Electronics,Wireless Mouse,1,861.63,0.1,775.47,213.32,Cash on Delivery,Express,3.6
936,ORD103650,CUST1363,Diya Gupta,2025-11-09,Chennai,South,Electronics,Keyboard,5,1411.46,0.0,7057.3,2308.84,Debit Card,Express,4.9
937,ORD100759,CUST1027,Aditya Joshi,2025-12-21,Chandigarh,North,Electronics,Headphones,1,1948.84,0.0,1948.84,456.78,Credit Card,Standard,3.4
938,ORD104194,CUST1166,Karan Mehta,2025-11-03,Delhi,North,Clothing,T-Shirt,4,646.56,0.15,2198.3,447.05,UPI,Same Day,4.0
939,ORD102664,CUST1053,Arjun Singh,2025-03-06,Ahmedabad,West,Books,Data Science Book,2,881.99,0.15,1499.38,520.29,Net Banking,Express,3.7
940,ORD102704,CUST1230,Diya Gupta,2025-11-10,Ahmedabad,West,Electronics,Smart Watch,1,3490.98,0.15,2967.33,479.93,Debit Card,Express,4.5
941,ORD102238,CUST1351,Aditi Malhotra,2025-12-09,Kolkata,East,Clothing,Hoodie,5,1580.91,0.1,7114.1,1612.6,Credit Card,Express,3.6
942,ORD100944,CUST1491,Meera Mishra,2025-04-05,Hyderabad,South,Beauty,Sunscreen,1,747.5,0.0,747.5,222.5,Net Banking,Express,4.1
943,ORD102962,CUST1139,Kavya Srivastava,2025-08-01,Bengaluru,South,Beauty,Perfume,4,1238.87,0.05,4707.71,1445.73,Cash on Delivery,Standard,3.8
944,ORD100214,CUST2101,Sneha Agarwal,2025-08-29,Chandigarh,North,Clothing,T-Shirt,1,745.08,0.0,745.08,115.52,Credit Card,Express,4.9
945,ORD103371,CUST2084,Aditya Joshi,2025-02-17,Pune,West,Home & Kitchen,Coffee Maker,2,3645.74,0.05,6926.91,1123.09,Credit Card,Same Day,3.1
946,ORD101844,CUST1202,Priya Saxena,2025-06-01,Chennai,South,Sports,Football,2,1028.92,0.1,1852.06,239.82,Net Banking,Express,4.9
947,ORD100693,CUST1883,Arjun Singh,2025-12-07,Mumbai,West,Clothing,Jeans,5,1708.01,0.15,7259.04,1009.31,Debit Card,Same Day,4.2
948,ORD102115,CUST1770,Arjun Singh,2025-12-20,Ahmedabad,West,Sports,Football,2,1077.37,0.0,2154.74,743.67,Net Banking,Standard,3.5
949,ORD104789,CUST1880,Kavya Srivastava,2025-04-03,Chennai,South,Electronics,Keyboard,2,1291.41,0.0,2582.82,399.56,UPI,Same Day,3.4
950,ORD102144,CUST1970,Rahul Tiwari,2025-11-12,Mumbai,West,Clothing,Hoodie,3,1617.48,0.0,4852.44,1545.41,Credit Card,Same Day,3.4
951,ORD104739,CUST1472,Arjun Singh,2025-10-12,Jaipur,North,Home & Kitchen,Table Lamp,3,986.81,0.1,2664.39,925.98,Net Banking,Same Day,2.8
952,ORD103182,CUST1826,Karan Mehta,2025-07-12,Ahmedabad,West,Electronics,Headphones,2,2021.43,0.0,4042.86,486.21,Cash on Delivery,Express,4.4
953,ORD103882,CUST1440,Aarav Sharma,2025-12-27,Mumbai,West,Books,Programming Book,1,1124.39,0.1,1011.95,130.51,Debit Card,Express,4.7
954,ORD101220,CUST1964,Aarav Sharma,2025-01-13,Delhi,North,Beauty,Sunscreen,1,635.38,0.05,603.61,152.14,UPI,Standard,4.7
955,ORD102187,CUST1979,Kavya Srivastava,2025-02-28,Jaipur,North,Home & Kitchen,Table Lamp,1,878.94,0.0,878.94,167.59,Debit Card,Standard,4.5
956,ORD100196,CUST1924,Aditi Malhotra,2025-02-09,Chennai,South,Books,Data Science Book,5,849.59,0.15,3610.76,1126.41,Cash on Delivery,Same Day,3.8
958,ORD103832,CUST1286,Rohan Patel,2025-06-02,Bengaluru,South,Beauty,Face Wash,2,389.55,0.1,701.19,155.96,Net Banking,Standard,3.7
959,ORD102436,CUST1854,Meera Mishra,2025-03-03,Jaipur,North,Home & Kitchen,Table Lamp,1,966.55,0.1,869.89,198.96,UPI,Standard,5.0
960,ORD100879,CUST2040,Aarav Sharma,2025-02-21,Chennai,South,Clothing,Hoodie,5,1524.19,0.1,6858.86,978.31,UPI,Standard,3.3
961,ORD101244,CUST1770,Ishaan Kumar,2025-08-10,Chandigarh,North,Clothing,Sneakers,5,3274.29,0.2,13097.16,3975.78,Debit Card,Express,4.4
962,ORD102142,CUST2055,Ishaan Kumar,2025-02-19,Delhi,North,Home & Kitchen,Cookware Set,1,2571.1,0.1,2313.99,384.39,Cash on Delivery,Standard,4.5
963,ORD101340,CUST1663,Priya Saxena,2025-09-06,Bengaluru,South,Clothing,Jeans,5,1683.46,0.15,7154.7,1548.93,Cash on Delivery,Express,3.6
964,ORD101723,CUST1152,Ishaan Kumar,2025-04-21,Chennai,South,Electronics,Wireless Mouse,3,854.32,0.0,2562.96,690.53,Cash on Delivery,Express,4.1
965,ORD100887,CUST2169,Aditi Malhotra,2025-01-03,Hyderabad,South,Beauty,Perfume,3,1417.35,0.2,3401.64,587.49,Net Banking,Standard,5.0
966,ORD101374,CUST1422,Rohan Patel,2025-03-30,Ahmedabad,West,Beauty,Perfume,2,1355.11,0.0,2710.22,830.95,UPI,Same Day,4.0
967,ORD100068,CUST1292,Karan Mehta,2025-06-08,Ahmedabad,West,Beauty,Sunscreen,1,694.71,0.0,694.71,100.89,Net Banking,Standard,2.9
968,ORD102512,CUST1468,Ishaan Kumar,2025-09-23,Chennai,South,Books,Programming Book,4,1277.98,0.0,5111.92,1483.63,Credit Card,Same Day,3.1
969,ORD103409,CUST1669,Karan Mehta,2025-01-22,Jaipur,North,Beauty,Sunscreen,4,728.72,0.15,2477.65,547.68,Cash on Delivery,Same Day,5.0
970,ORD100568,CUST2178,Rahul Tiwari,2025-04-11,Mumbai,West,Sports,Football,1,1061.64,0.0,1061.64,281.49,Credit Card,Standard,3.6
971,ORD101665,CUST1066,Ishaan Kumar,2025-06-02,Delhi,North,Clothing,Jeans,2,1652.09,0.0,3304.18,350.11,Debit Card,Same Day,4.0
972,ORD100096,CUST1549,Arjun Singh,2025-11-07,Chandigarh,North,Clothing,T-Shirt,3,629.76,0.2,1511.42,385.08,Net Banking,Same Day,3.4
973,ORD101029,CUST1697,Aditi Malhotra,2025-01-31,Hyderabad,South,Home & Kitchen,Bedsheet,1,1064.44,0.25,798.33,212.74,Cash on Delivery,Same Day,5.0
974,ORD101702,CUST2155,Aditya Joshi,2025-05-02,Hyderabad,South,Electronics,Keyboard,4,1217.29,0.25,3651.87,806.24,Credit Card,Standard,2.7
975,ORD100139,CUST1543,Ananya Verma,2025-10-16,Delhi,North,Sports,Running Shoes,2,2861.43,0.2,4578.29,1217.2,Cash on Delivery,Same Day,4.5
976,ORD104743,CUST1097,Priya Saxena,2025-12-27,Chennai,South,Beauty,Sunscreen,1,737.44,0.15,626.82,133.09,UPI,Same Day,4.4
977,ORD103313,CUST1567,Priya Saxena,2025-02-27,Hyderabad,South,Electronics,Keyboard,1,1178.39,0.05,1119.47,206.5,UPI,Express,3.0
978,ORD103972,CUST1989,Ananya Verma,2025-03-23,Delhi,North,Home & Kitchen,Table Lamp,2,920.03,0.15,1564.05,159.82,UPI,Standard,4.7
979,ORD101789,CUST1627,Aditi Malhotra,2025-02-04,Jaipur,North,Books,Novel,5,542.2,0.15,2304.35,314.14,UPI,Standard,3.3
981,ORD102473,CUST1823,Priya Saxena,2025-12-23,Noida,North,Beauty,Perfume,1,1306.7,0.25,980.03,185.26,Credit Card,Express,5.0
982,ORD104821,CUST1137,Meera Mishra,2025-02-11,Noida,North,Clothing,Hoodie,2,1606.81,0.15,2731.58,391.9,Net Banking,Standard,3.0
983,ORD101732,CUST1968,Kavya Srivastava,2025-03-04,Pune,West,Books,Data Science Book,1,944.74,0.1,850.27,158.27,Debit Card,Express,2.7
984,ORD104343,CUST1519,Meera Mishra,2025-08-11,Chandigarh,North,Beauty,Face Wash,5,376.76,0.15,1601.23,280.89,UPI,Standard,3.3
985,ORD100463,CUST1866,Priya Saxena,2025-08-21,Pune,West,Books,Novel,1,500.49,0.2,400.39,83.22,Cash on Delivery,Same Day,3.1
986,ORD103043,CUST1792,Priya Saxena,2025-08-21,Chennai,South,Clothing,Jeans,1,1757.84,0.15,1494.16,385.34,Debit Card,Express,5.0
988,ORD102628,CUST1986,Diya Gupta,2025-11-15,Bengaluru,South,Home & Kitchen,Cookware Set,1,2575.95,0.05,2447.15,575.0,Cash on Delivery,Same Day,3.9
989,ORD100594,CUST2139,Aarav Sharma,2025-08-24,Kolkata,East,Home & Kitchen,Table Lamp,1,880.54,0.0,880.54,186.36,Cash on Delivery,Standard,3.3
990,ORD102057,CUST1717,Arjun Singh,2025-03-19,Bengaluru,South,Sports,Football,4,1008.75,0.0,4035.0,684.69,Net Banking,Standard,3.9
991,ORD100625,CUST1561,Aditya Joshi,2025-06-09,Chandigarh,North,Home & Kitchen,Bedsheet,5,1082.81,0.2,4331.24,1385.04,Credit Card,Express,5.0
992,ORD100450,CUST1608,Aditya Joshi,2025-05-14,Kolkata,East,Books,Novel,2,465.04,0.05,883.58,301.36,Credit Card,Standard,4.6
993,ORD101532,CUST1493,Rahul Tiwari,2025-09-19,Kolkata,East,Clothing,Sneakers,1,2831.75,0.15,2406.99,635.1,Debit Card,Same Day,4.3
994,ORD101397,CUST1873,Ishaan Kumar,2025-10-24,Chandigarh,North,Sports,Football,4,924.79,0.1,3329.24,977.0,Credit Card,Standard,3.6
995,ORD102153,CUST1501,Aditi Malhotra,2025-05-16,Noida,North,Books,Novel,2,482.77,0.0,965.54,110.41,UPI,Same Day,4.0
996,ORD101338,CUST1755,Aditi Malhotra,2025-05-12,Pune,West,Home & Kitchen,Bedsheet,2,977.12,0.15,1661.1,323.25,Net Banking,Same Day,4.4
997,ORD103788,CUST1161,Karan Mehta,2025-04-24,Delhi,North,Electronics,Keyboard,4,1345.23,0.2,4304.74,494.01,Cash on Delivery,Standard,5.0
998,ORD100996,CUST1046,Karan Mehta,2025-06-24,Delhi,North,Clothing,Sneakers,2,2838.4,0.25,4257.6,1021.1,Net Banking,Standard,4.3
1000,ORD102078,CUST2160,Kavya Srivastava,2025-12-02,Jaipur,North,Sports,Football,1,1062.25,0.1,956.02,307.41,UPI,Standard,3.3
1001,ORD101592,CUST1923,Aarav Sharma,2025-04-09,Jaipur,North,Home & Kitchen,Table Lamp,1,934.14,0.0,934.14,202.95,Net Banking,Standard,4.2
1002,ORD103667,CUST1221,Aarav Sharma,2025-10-31,Chennai,South,Books,Novel,4,500.88,0.1,1803.17,468.97,Cash on Delivery,Same Day,3.7
1003,ORD103968,CUST1898,Kavya Srivastava,2025-05-27,Chennai,South,Sports,Yoga Mat,3,907.3,0.0,2721.9,606.59,Cash on Delivery,Express,4.0
1004,ORD100150,CUST1346,Kavya Srivastava,2025-01-19,Lucknow,North,Home & Kitchen,Cookware Set,2,2549.76,0.1,4589.57,757.49,Credit Card,Same Day,2.9
1005,ORD102094,CUST1703,Aarav Sharma,2025-09-22,Mumbai,West,Sports,Running Shoes,4,2778.84,0.2,8892.29,2278.31,Debit Card,Express,3.4
1006,ORD103992,CUST1556,Priya Saxena,2025-05-27,Jaipur,North,Beauty,Perfume,1,1220.1,0.05,1159.09,164.38,Cash on Delivery,Standard,3.2
1007,ORD103305,CUST1041,Rohan Patel,2025-05-28,Kolkata,East,Books,Programming Book,5,1227.03,0.15,5214.88,1517.84,Credit Card,Express,3.8
1008,ORD101491,CUST2135,Rahul Tiwari,2025-10-03,Mumbai,West,Home & Kitchen,Coffee Maker,1,3321.2,0.05,3155.14,401.67,Net Banking,Standard,4.2
1009,ORD100088,CUST1805,Karan Mehta,2025-06-23,Pune,West,Books,Data Science Book,4,987.95,0.15,3359.03,1020.0,Credit Card,Same Day,3.7
1010,ORD100457,CUST1447,Ishaan Kumar,2025-04-19,Chandigarh,North,Beauty,Sunscreen,3,677.45,0.15,1727.5,552.07,Net Banking,Express,4.3
1011,ORD101840,CUST2086,Priya Saxena,2025-07-15,Hyderabad,South,Sports,Yoga Mat,5,909.9,0.05,4322.02,653.23,Cash on Delivery,Standard,4.3
1012,ORD103225,CUST2005,Aditi Malhotra,2025-07-21,Chennai,South,Home & Kitchen,Bedsheet,1,1076.7,0.1,969.03,240.96,Credit Card,Standard,3.9
1013,ORD103309,CUST1633,Ishaan Kumar,2025-03-28,Chandigarh,North,Electronics,Headphones,2,2113.15,0.2,3381.04,762.04,Debit Card,Express,4.2
1014,ORD104355,CUST1713,Ishaan Kumar,2025-01-26,Jaipur,North,Sports,Running Shoes,1,2739.07,0.15,2328.21,470.01,Net Banking,Same Day,3.6
1015,ORD103688,CUST1295,Aarav Sharma,2025-10-27,mumbai,West,Electronics,Keyboard,1,1425.99,0.25,1069.49,364.21,Net Banking,Express,3.5
1016,ORD102135,CUST1088,Arjun Singh,2025-02-07,Noida,North,Sports,Yoga Mat,4,857.1,0.25,2571.3,680.46,Net Banking,Express,3.4
1018,ORD100831,CUST1409,Rohan Patel,2025-07-06,Bengaluru,South,Clothing,Jeans,3,1775.64,0.15,4527.88,608.09,Net Banking,Same Day,3.5
1019,ORD100239,CUST1880,Aarav Sharma,2025-04-20,Pune,West,Sports,Yoga Mat,2,894.91,0.05,1700.33,265.43,UPI,Express,3.7
1020,ORD104701,CUST1030,Aditya Joshi,2025-10-29,Chennai,South,Sports,Yoga Mat,1,869.01,0.1,782.11,265.74,UPI,Standard,4.2
1021,ORD100999,CUST1942,Rohan Patel,2025-04-07,Mumbai,West,Books,Data Science Book,2,979.44,0.1,1762.99,284.28,Cash on Delivery,Express,4.4
1022,ORD103804,CUST1424,Arjun Singh,2025-04-03,Kolkata,East,Home & Kitchen,Bedsheet,2,968.94,0.0,1937.88,300.31,UPI,Same Day,3.6
1023,ORD104113,CUST1645,Aditi Malhotra,2025-05-28,Bengaluru,South,Clothing,T-Shirt,2,738.1,0.0,1476.2,277.15,Cash on Delivery,Express,4.3
1024,ORD103226,CUST1785,Aditya Joshi,2025-06-04,Noida,North,Clothing,Hoodie,1,1430.66,0.3,1001.46,125.74,Credit Card,Same Day,4.1
1025,ORD100192,CUST1862,Diya Gupta,2025-05-12,Mumbai,West,Clothing,Jeans,1,1682.55,0.1,1514.3,299.85,Net Banking,Same Day,5.0
1026,ORD103786,CUST1954,Sneha Agarwal,2025-10-21,Mumbai,West,Electronics,Wireless Mouse,4,763.53,0.0,3054.12,629.87,Debit Card,Same Day,3.7
1027,ORD104788,CUST1502,Sneha Agarwal,2025-05-20,Chennai,South,Sports,Football,1,941.53,0.0,941.53,153.6,UPI,Express,4.4
1028,ORD104921,CUST2037,Arjun Singh,2025-12-24,Lucknow,North,Beauty,Perfume,5,1224.2,0.3,4284.7,1011.73,Debit Card,Standard,2.7
1029,ORD104644,CUST2193,Arjun Singh,2025-01-09,Mumbai,West,Clothing,T-Shirt,1,722.27,0.1,650.04,86.9,Credit Card,Express,4.4
1030,ORD104443,CUST1925,Karan Mehta,2025-08-09,Kolkata,East,Sports,Running Shoes,1,2758.62,0.15,2344.83,734.98,Cash on Delivery,Same Day,2.7
1031,ORD104997,CUST1567,Aditya Joshi,2025-06-20,Kolkata,East,Beauty,Perfume,3,1413.14,0.0,4239.42,682.53,Credit Card,Standard,4.0
1032,ORD102587,CUST1512,Diya Gupta,2025-08-10,Chandigarh,North,Clothing,Jeans,4,1734.68,0.2,5550.98,1322.36,Debit Card,Standard,2.3
1033,ORD103058,CUST1344,Aditya Joshi,2025-07-27,Chennai,South,Home & Kitchen,Coffee Maker,2,3423.47,0.1,6162.25,2054.44,Net Banking,Standard,4.0
1034,ORD101767,CUST1898,Priya Saxena,2025-10-26,Jaipur,North,Beauty,Sunscreen,3,693.55,0.0,2080.65,461.54,Debit Card,Express,4.7
1035,ORD103509,CUST1984,Aarav Sharma,2025-02-17,Ahmedabad,West,Clothing,Hoodie,1,1443.85,0.15,1227.27,133.0,Credit Card,Same Day,4.4
1036,ORD104211,CUST1319,Meera Mishra,2025-02-28,Ahmedabad,West,Clothing,Sneakers,5,3065.53,0.05,14561.27,1864.22,Debit Card,Same Day,4.9
1037,ORD104080,CUST1116,Sneha Agarwal,2025-07-03,Chennai,South,Home & Kitchen,Bedsheet,2,1091.08,0.05,2073.05,328.52,Cash on Delivery,Express,4.0
1038,ORD102833,CUST1303,Arjun Singh,2025-03-31,Noida,North,Home & Kitchen,Coffee Maker,2,3674.78,0.0,7349.56,2300.58,Credit Card,Express,5.0
1039,ORD103006,CUST1993,Kavya Srivastava,2025-01-29,Delhi,North,Clothing,Jeans,1,1902.12,0.0,1902.12,515.6,UPI,Same Day,3.7
1040,ORD101726,CUST1997,Rohan Patel,2025-10-05,Delhi,North,Clothing,Sneakers,2,2823.94,0.2,4518.3,728.5,Debit Card,Express,3.9
1041,ORD103911,CUST1260,Priya Saxena,2025-09-22,Lucknow,North,Clothing,Hoodie,1,1392.86,0.15,1183.93,375.78,Debit Card,Standard,4.6
1042,ORD104166,CUST1335,Meera Mishra,2025-11-20,Kolkata,East,Electronics,Headphones,3,1817.01,0.2,4360.82,1436.75,Debit Card,Standard,4.7
1043,ORD104936,CUST1355,Aditya Joshi,2025-10-14,Lucknow,North,Clothing,Hoodie,3,1454.57,0.15,3709.15,1052.88,Credit Card,Express,4.3
1044,ORD100191,CUST1130,Priya Saxena,2025-01-26,Kolkata,East,Beauty,Sunscreen,1,696.36,0.15,591.91,169.88,Credit Card,Express,3.6
1045,ORD103605,CUST1663,Diya Gupta,2025-03-31,Kolkata,East,Beauty,Sunscreen,1,633.54,0.0,633.54,70.73,Cash on Delivery,Standard,3.4
1046,ORD102305,CUST1322,Meera Mishra,2025-09-11,Bengaluru,South,Books,Novel,1,458.25,0.15,389.51,127.51,Credit Card,Express,3.980060240963855
1047,ORD101344,CUST1083,Aarav Sharma,2025-12-28,Mumbai,West,Sports,Football,5,1072.72,0.15,4559.06,612.22,Net Banking,Standard,4.2
1048,ORD102743,CUST2089,Karan Mehta,2025-08-14,Kolkata,East,Clothing,Hoodie,5,1549.61,0.25,5811.04,1268.38,Debit Card,Express,3.3
1049,ORD101292,CUST1659,Ananya Verma,2025-07-01,Pune,West,Clothing,Sneakers,1,3291.34,0.05,3126.77,327.96,UPI,Standard,2.7
1050,ORD103102,CUST1377,Sneha Agarwal,2025-10-11,Noida,North,Electronics,Headphones,5,2131.86,0.2,8527.44,1217.67,Credit Card,Same Day,5.0
1051,ORD103203,CUST1164,Diya Gupta,2025-06-18,Noida,North,Beauty,Face Wash,4,386.96,0.1,1393.06,443.9,Credit Card,Standard,2.7
1052,ORD104201,CUST1441,Rohan Patel,2025-10-01,Kolkata,East,Electronics,Smart Watch,1,3664.36,0.15,3114.71,934.37,UPI,Express,3.9
1053,ORD104192,CUST1541,Aditya Joshi,2025-08-27,Noida,North,Sports,Running Shoes,2,3145.94,0.0,6291.88,897.41,UPI,Express,3.3
1054,ORD103307,CUST2161,Sneha Agarwal,2025-10-16,Ahmedabad,West,Sports,Football,5,906.91,0.05,4307.82,678.17,UPI,Same Day,4.4
1055,ORD103438,CUST1054,Priya Saxena,2025-04-11,Ahmedabad,West,Home & Kitchen,Cookware Set,1,2407.68,0.1,2166.91,513.23,Debit Card,Express,3.3
1056,ORD104020,CUST1351,Ananya Verma,2025-09-23,Chandigarh,North,Clothing,Hoodie,4,1632.72,0.0,6530.88,710.49,Net Banking,Express,4.3
1057,ORD102710,CUST1154,Karan Mehta,2025-09-19,Pune,West,Electronics,Headphones,1,1799.79,0.15,1529.82,337.34,Debit Card,Express,4.5
1058,ORD100166,CUST2117,Aditya Joshi,2025-12-19,Jaipur,North,Clothing,T-Shirt,1,763.81,0.2,611.05,89.76,Net Banking,Same Day,2.5
1059,ORD102765,CUST1242,Aarav Sharma,2025-07-26,Noida,North,Clothing,Jeans,1,1882.69,0.05,1788.56,587.62,Credit Card,Standard,2.6
1060,ORD102865,CUST1872,Kavya Srivastava,2025-11-27,Chandigarh,North,Sports,Running Shoes,1,3236.47,0.0,3236.47,476.95,UPI,Express,3.9
1061,ORD101024,CUST1495,Ananya Verma,2025-10-14,Bengaluru,South,Sports,Running Shoes,5,2895.81,0.25,10859.29,1813.41,Net Banking,Same Day,4.2
1062,ORD101752,CUST2115,Arjun Singh,2025-05-18,Jaipur,North,Sports,Football,1,923.67,0.0,923.67,127.71,Credit Card,Same Day,4.1
1063,ORD104416,CUST1674,Aarav Sharma,2025-09-10,Chennai,South,Electronics,Smart Watch,2,3159.27,0.15,5370.76,1418.63,Credit Card,Express,4.4
1064,ORD103089,CUST1774,Rohan Patel,2025-08-12,Noida,North,Clothing,T-Shirt,1,669.0,0.1,602.1,96.8,Cash on Delivery,Express,2.1
1065,ORD101862,CUST1109,Sneha Agarwal,2025-10-12,Lucknow,North,Sports,Yoga Mat,4,847.13,0.1,3049.67,1003.68,Cash on Delivery,Standard,3.6
1066,ORD101084,CUST1166,Kavya Srivastava,2025-07-20,Bengaluru,South,Home & Kitchen,Coffee Maker,1,3296.06,0.05,3131.26,687.26,Debit Card,Standard,4.1
1067,ORD101094,CUST1163,Diya Gupta,2025-02-27,Chandigarh,North,Clothing,Hoodie,2,1636.39,0.05,3109.14,875.72,Credit Card,Express,4.2
1068,ORD103659,CUST1089,Rohan Patel,2025-05-19,Chennai,South,Beauty,Sunscreen,1,667.33,0.15,567.23,156.48,Credit Card,Standard,3.5
1069,ORD100152,CUST2007,Karan Mehta,2025-03-19,Lucknow,North,Clothing,Sneakers,1,3235.63,0.15,2750.29,393.26,UPI,Express,4.7
1070,ORD104740,CUST2193,Karan Mehta,2025-07-29,Chandigarh,North,Sports,Running Shoes,2,3288.61,0.0,6577.22,1332.65,Credit Card,Standard,3.1
1071,ORD104708,CUST1867,Diya Gupta,2025-10-17,Ahmedabad,West,Books,Novel,2,516.88,0.05,982.07,308.31,Debit Card,Same Day,5.0
1072,ORD102022,CUST2184,Priya Saxena,2025-11-23,Noida,North,Electronics,Smart Watch,2,3318.65,0.2,5309.84,714.13,Cash on Delivery,Standard,4.5
1073,ORD101501,CUST1521,Aditya Joshi,2025-12-03,Ahmedabad,West,Books,Programming Book,2,1091.88,0.0,2183.76,601.61,Cash on Delivery,Express,4.4
1074,ORD102267,CUST1116,Kavya Srivastava,2025-10-31,Jaipur,North,Electronics,Wireless Mouse,1,868.06,0.0,868.06,135.51,Debit Card,Standard,3.8
1075,ORD101650,CUST2161,Aditi Malhotra,2025-03-28,Kolkata,East,Clothing,Sneakers,1,2767.84,0.0,2767.84,493.23,UPI,Standard,4.4
1076,ORD102899,CUST1486,Priya Saxena,2025-05-13,Kolkata,East,Sports,Football,1,1073.05,0.2,858.44,164.84,Debit Card,Same Day,4.2
1077,ORD102083,CUST1174,Kavya Srivastava,2025-02-26,Delhi,North,Sports,Football,2,1005.04,0.05,1909.58,491.25,Credit Card,Standard,4.2
1078,ORD104842,CUST1881,Kavya Srivastava,2025-04-02,Jaipur,North,Books,Data Science Book,1,974.85,0.15,828.62,280.09,Credit Card,Express,3.8
1080,ORD102763,CUST1875,Kavya Srivastava,2025-04-23,Bengaluru,South,Electronics,Headphones,1,2055.13,0.25,1541.35,536.24,Credit Card,Same Day,3.2
1081,ORD100031,CUST1637,Diya Gupta,2025-06-05,Hyderabad,South,Electronics,Headphones,5,2059.74,0.2,8238.96,1758.81,Credit Card,Standard,3.2
1082,ORD100937,CUST1858,Kavya Srivastava,2025-03-11,Mumbai,West,Sports,Running Shoes,1,2837.18,0.15,2411.6,706.17,Net Banking,Standard,2.7
1083,ORD101242,CUST2053,Aditi Malhotra,2025-03-07,Chandigarh,North,Books,Data Science Book,4,904.97,0.15,3076.9,380.04,Debit Card,Express,4.1
1084,ORD103554,CUST1356,Aarav Sharma,2025-02-20,Chandigarh,North,Electronics,Wireless Mouse,3,840.11,0.15,2142.28,614.87,Debit Card,Express,2.4
1085,ORD104046,CUST2041,Kavya Srivastava,2025-01-23,Delhi,North,Electronics,Smart Watch,5,3186.64,0.1,14339.88,1708.96,UPI,Same Day,4.0
1086,ORD100309,CUST2026,Kavya Srivastava,2025-03-27,Jaipur,North,Home & Kitchen,Coffee Maker,5,3223.1,0.05,15309.72,4653.12,Net Banking,Same Day,3.3
1087,ORD102484,CUST1492,Rahul Tiwari,2025-12-30,Noida,North,Sports,Football,2,1003.1,0.0,2006.2,267.81,Net Banking,Same Day,3.3
1088,ORD101482,CUST1653,Priya Saxena,2025-01-05,Ahmedabad,West,Clothing,T-Shirt,1,697.11,0.0,697.11,174.08,Net Banking,Standard,4.0
1089,ORD103150,CUST1784,Aditi Malhotra,2025-12-22,Ahmedabad,West,Sports,Yoga Mat,2,936.45,0.15,1591.97,404.32,Cash on Delivery,Standard,4.2
1090,ORD104503,CUST1349,Meera Mishra,2025-07-19,Jaipur,North,Sports,Football,4,1068.29,0.05,4059.5,1324.13,Debit Card,Same Day,5.0
1091,ORD100495,CUST1714,Rohan Patel,2025-02-20,Lucknow,North,Sports,Running Shoes,3,2995.09,0.15,7637.48,930.51,UPI,Express,3.0
1092,ORD100205,CUST1763,Diya Gupta,2025-04-16,Pune,West,Home & Kitchen,Coffee Maker,1,3706.18,0.2,2964.94,891.5,Cash on Delivery,Standard,4.0
1093,ORD102707,CUST1329,Kavya Srivastava,2025-05-27,Mumbai,West,Beauty,Perfume,1,1288.01,0.1,1159.21,376.04,Cash on Delivery,Standard,4.6
1094,ORD104831,CUST1328,Ananya Verma,2025-11-05,Mumbai,West,Clothing,T-Shirt,2,630.55,0.1,1134.99,386.44,Cash on Delivery,Same Day,3.0
1095,ORD104001,CUST1874,Sneha Agarwal,2025-10-16,Noida,North,Home & Kitchen,Coffee Maker,4,3422.79,0.0,13691.16,3150.41,UPI,Standard,4.2
1096,ORD100305,CUST1342,Priya Saxena,2025-08-02,Jaipur,North,Beauty,Sunscreen,4,721.0,0.15,2451.4,638.31,Cash on Delivery,Express,4.4
1097,ORD103836,CUST1448,Aarav Sharma,2025-11-17,Jaipur,North,Beauty,Sunscreen,3,660.33,0.15,1683.84,263.61,Debit Card,Express,5.0
1098,ORD102387,CUST2170,Karan Mehta,2025-10-25,Hyderabad,South,Beauty,Face Wash,1,369.61,0.15,314.17,108.98,Cash on Delivery,Same Day,3.7
1099,ORD101061,CUST1292,Kavya Srivastava,2025-03-01,Noida,North,Books,Data Science Book,1,908.08,0.0,908.08,230.99,Cash on Delivery,Same Day,4.5
1100,ORD100843,CUST2071,Rohan Patel,2025-10-27,Pune,West,Clothing,Sneakers,2,2934.17,0.05,5574.92,1370.02,Net Banking,Same Day,3.9
1101,ORD102748,CUST1210,Aditi Malhotra,2025-01-29,Chennai,South,Home & Kitchen,Table Lamp,2,869.21,0.05,1651.5,472.51,Credit Card,Same Day,3.6
1102,ORD102447,CUST1244,Kavya Srivastava,2025-10-07,Delhi,North,Clothing,Jeans,2,1913.71,0.15,3253.31,1027.38,Cash on Delivery,Same Day,4.0
1103,ORD100211,CUST1544,Aditi Malhotra,2025-09-05,Kolkata,East,Beauty,Perfume,1,1305.0,0.05,1239.75,370.45,UPI,Same Day,4.1
1104,ORD103758,CUST2117,Sneha Agarwal,2025-05-12,Jaipur,North,Beauty,Sunscreen,5,715.36,0.1,3219.12,704.24,UPI,Express,4.6
1106,ORD100565,CUST1496,Aditi Malhotra,2025-02-21,Chennai,South,Home & Kitchen,Coffee Maker,3,3405.3,0.0,10215.9,1097.27,Cash on Delivery,Express,3.3
1107,ORD104683,CUST1602,Aditya Joshi,2025-03-17,Hyderabad,South,Electronics,Headphones,3,1890.43,0.1,5104.16,1737.89,Cash on Delivery,Express,4.4
1108,ORD103622,CUST1434,Diya Gupta,2025-06-05,Noida,North,Clothing,T-Shirt,2,728.51,0.15,1238.47,327.43,Credit Card,Standard,4.3
1109,ORD100680,CUST1901,Rahul Tiwari,2025-01-24,Mumbai,West,Home & Kitchen,Cookware Set,1,2591.62,0.0,2591.62,327.98,Credit Card,Standard,4.8
1110,ORD100180,CUST1608,Priya Saxena,2025-11-30,Jaipur,North,Electronics,Smart Watch,1,3525.05,0.15,2996.29,450.84,Net Banking,Express,2.9
1111,ORD102694,CUST1361,Rohan Patel,2025-03-10,Jaipur,North,Clothing,Hoodie,2,1485.08,0.05,2821.65,296.85,UPI,Express,3.3
1112,ORD103479,CUST1189,Kavya Srivastava,2025-09-18,Delhi,North,Books,Novel,4,494.24,0.1,1779.26,561.71,Credit Card,Standard,4.2
1113,ORD102344,CUST1828,Rahul Tiwari,2025-01-05,Ahmedabad,West,Sports,Running Shoes,1,3203.6,0.1,2883.24,833.6,Credit Card,Same Day,4.8
1114,ORD104292,CUST1052,Rohan Patel,2025-12-23,Chennai,South,Clothing,T-Shirt,2,735.67,0.05,1397.77,220.38,Credit Card,Express,3.9
1115,ORD100278,CUST2020,Ishaan Kumar,2025-12-13,Delhi,North,Home & Kitchen,Cookware Set,4,2623.21,0.2,8394.27,1125.82,Net Banking,Express,4.4
1116,ORD102280,CUST1685,Ishaan Kumar,2025-05-05,Chennai,South,Clothing,Jeans,1,1970.88,0.25,1478.16,246.82,UPI,Same Day,5.0
1117,ORD104881,CUST1844,Ishaan Kumar,2025-06-12,Ahmedabad,West,Books,Novel,2,526.6,0.3,737.24,139.47,Net Banking,Standard,1.8
1118,ORD100432,CUST1967,Priya Saxena,2025-07-21,Pune,West,Home & Kitchen,Bedsheet,4,980.92,0.1,3531.31,734.81,Debit Card,Same Day,4.3
1119,ORD100289,CUST1476,Aditi Malhotra,2025-01-25,Lucknow,North,Beauty,Sunscreen,5,685.48,0.0,3427.4,567.86,Credit Card,Standard,5.0
1120,ORD101027,CUST1044,Aarav Sharma,2025-03-03,Noida,North,Electronics,Wireless Mouse,1,743.82,0.0,743.82,147.14,Debit Card,Express,4.1
1121,ORD100535,CUST1224,Aditi Malhotra,2025-07-14,Chandigarh,North,Electronics,Smart Watch,5,3630.61,0.1,16337.74,4549.49,Credit Card,Express,3.8
1122,ORD103470,CUST1308,Karan Mehta,2025-01-26,Bengaluru,South,Home & Kitchen,Coffee Maker,1,3741.59,0.2,2993.27,752.04,UPI,Same Day,4.5
1123,ORD100188,CUST1269,Karan Mehta,2025-02-17,Kolkata,East,Books,Novel,1,468.92,0.15,398.58,114.32,Cash on Delivery,Standard,5.0
1124,ORD104782,CUST1061,Meera Mishra,2025-05-17,Jaipur,North,Home & Kitchen,Bedsheet,2,1096.47,0.1,1973.65,363.0,UPI,Same Day,4.9
1125,ORD103959,CUST1421,Diya Gupta,2025-09-12,Hyderabad,South,Books,Novel,1,511.57,0.1,460.41,151.47,Cash on Delivery,Standard,4.1
1126,ORD103965,CUST1299,Meera Mishra,2025-11-28,Kolkata,East,Clothing,Sneakers,1,2705.87,0.0,2705.87,747.99,Credit Card,Standard,3.7
1127,ORD100270,CUST1059,Arjun Singh,2025-07-03,Bengaluru,South,Beauty,Face Wash,3,392.44,0.05,1118.45,252.4,Cash on Delivery,Express,3.6
1128,ORD103651,CUST2112,Ishaan Kumar,2025-06-10,Mumbai,West,Clothing,T-Shirt,3,699.77,0.0,2099.31,398.62,Net Banking,Same Day,3.5
1129,ORD104103,CUST1310,Diya Gupta,2025-08-13,Kolkata,East,Books,Programming Book,1,1180.01,0.0,1180.01,282.76,UPI,Express,3.5
1130,ORD104984,CUST1765,Aditi Malhotra,2025-01-22,Hyderabad,South,Sports,Football,4,1094.84,0.1,3941.42,1263.59,Credit Card,Express,3.6
1131,ORD103738,CUST2145,Aarav Sharma,2025-02-05,Delhi,North,Clothing,Hoodie,5,1423.96,0.15,6051.83,721.81,Net Banking,Express,2.8
1132,ORD100111,CUST1573,Arjun Singh,2025-02-06,Mumbai,West,Beauty,Face Wash,1,419.23,0.2,335.38,56.86,Net Banking,Standard,3.7
1133,ORD101943,CUST1944,Aarav Sharma,2025-07-18,Lucknow,North,Books,Data Science Book,3,895.91,0.15,2284.57,248.36,Cash on Delivery,Express,2.9
1134,ORD100220,CUST1102,Rahul Tiwari,2025-01-28,Noida,North,Electronics,Keyboard,1,1203.53,0.2,962.82,235.95,UPI,Express,3.9
1135,ORD101149,CUST2085,Aditi Malhotra,2025-05-02,Bengaluru,South,Sports,Yoga Mat,1,932.68,0.0,932.68,285.81,UPI,Same Day,3.7
1136,ORD100627,CUST2141,Rahul Tiwari,2025-03-14,Chandigarh,North,Clothing,Hoodie,1,1617.64,0.05,1536.76,493.5,UPI,Standard,3.8
1137,ORD104587,CUST1740,Diya Gupta,2025-10-27,Delhi,North,Beauty,Face Wash,2,374.22,0.05,711.02,220.56,Credit Card,Same Day,4.3
1138,ORD103396,CUST1618,Ishaan Kumar,2025-09-20,Hyderabad,South,Beauty,Sunscreen,1,694.73,0.0,694.73,164.55,UPI,Express,4.6
1139,ORD102450,CUST2128,Rohan Patel,2025-05-07,Delhi,North,Books,Data Science Book,1,829.44,0.1,746.5,240.24,Net Banking,Express,3.5
1140,ORD100790,CUST2160,Aditi Malhotra,2025-11-18,Chennai,South,Sports,Football,1,989.37,0.05,939.9,243.89,Debit Card,Same Day,3.8
1141,ORD102121,CUST1860,Aarav Sharma,2025-01-14,Chandigarh,North,Clothing,Hoodie,3,1362.77,0.15,3475.06,455.64,UPI,Same Day,3.8
1142,ORD100461,CUST1978,Rohan Patel,2025-01-23,Kolkata,East,Sports,Football,2,929.69,0.05,1766.41,472.56,Net Banking,Same Day,4.7
1143,ORD104421,CUST1193,Ishaan Kumar,2025-09-24,Kolkata,East,Beauty,Face Wash,5,421.0,0.1,1894.5,620.37,UPI,Same Day,4.7
1144,ORD100551,CUST2153,Ishaan Kumar,2025-03-10,Hyderabad,South,Clothing,Jeans,2,1668.79,0.05,3170.7,340.72,Net Banking,Same Day,4.4
1145,ORD103668,CUST1268,Diya Gupta,2025-08-21,Mumbai,West,Electronics,Keyboard,3,1324.84,0.15,3378.34,1045.15,Net Banking,Same Day,3.2
1146,ORD104279,CUST1144,Diya Gupta,2025-07-10,Delhi,North,Home & Kitchen,Table Lamp,2,853.0,0.1,1535.4,228.98,Cash on Delivery,Standard,3.2
1147,ORD100198,CUST1071,Priya Saxena,2025-03-13,Mumbai,West,Clothing,T-Shirt,1,637.2,0.25,477.9,95.92,UPI,Same Day,3.5
1148,ORD102622,CUST1835,Rohan Patel,2025-02-02,Chandigarh,North,Sports,Yoga Mat,3,917.97,0.15,2340.82,349.48,Debit Card,Express,4.3
1149,ORD101849,CUST2195,Meera Mishra,2025-11-23,Mumbai,West,Electronics,Keyboard,2,1272.25,0.1,2290.05,416.81,UPI,Standard,3.4
1150,ORD100402,CUST1538,Aditi Malhotra,2025-07-09,Delhi,North,Clothing,T-Shirt,1,643.07,0.0,643.07,85.62,Credit Card,Standard,4.5
1151,ORD103091,CUST1134,Arjun Singh,2025-12-20,Ahmedabad,West,Home & Kitchen,Coffee Maker,1,3587.73,0.05,3408.34,859.07,Net Banking,Standard,3.8
1152,ORD103542,CUST1756,Aditi Malhotra,2025-10-21,Hyderabad,South,Sports,Running Shoes,1,2863.48,0.15,2433.96,795.11,Credit Card,Same Day,3.4
1153,ORD104783,CUST1817,Sneha Agarwal,2025-01-01,Chandigarh,North,Electronics,Smart Watch,2,3756.96,0.2,6011.14,1911.02,Debit Card,Standard,3.5
1154,ORD104154,CUST1514,Priya Saxena,2025-05-31,Noida,North,Beauty,Face Wash,5,424.59,0.2,1698.36,308.79,UPI,Standard,5.0
1155,ORD104092,CUST1399,Diya Gupta,2025-05-26,Delhi,North,Home & Kitchen,Bedsheet,3,1010.01,0.05,2878.53,341.83,Net Banking,Standard,3.6
1156,ORD104481,CUST1116,Rahul Tiwari,2025-09-10,Noida,North,Electronics,Headphones,5,2039.76,0.2,8159.04,1080.38,Cash on Delivery,Same Day,3.4
1157,ORD100650,CUST1521,Ananya Verma,2025-02-14,Bengaluru,South,Clothing,Sneakers,1,2760.5,0.1,2484.45,309.79,Debit Card,Express,4.7
1158,ORD100708,CUST2156,Rahul Tiwari,2025-06-03,Chandigarh,North,Beauty,Face Wash,4,360.31,0.0,1441.24,214.48,UPI,Same Day,4.2
1159,ORD103264,CUST1236,Sneha Agarwal,2025-08-16,Hyderabad,South,Clothing,Sneakers,1,3105.6,0.1,2795.04,395.21,Net Banking,Standard,4.1
1160,ORD104780,CUST1766,Sneha Agarwal,2025-01-23,Jaipur,North,Clothing,Sneakers,4,2711.08,0.1,9759.89,1621.44,UPI,Same Day,5.0
1161,ORD104400,CUST1219,Ananya Verma,2025-08-20,Delhi,North,Beauty,Face Wash,5,417.26,0.1,1877.67,217.5,Net Banking,Same Day,3.5
1162,ORD101870,CUST2082,Ishaan Kumar,2025-04-21,Delhi,North,Sports,Yoga Mat,1,954.15,0.1,858.74,122.71,Credit Card,Same Day,3.7
1163,ORD101807,CUST1623,Karan Mehta,2025-03-30,Noida,North,Clothing,Jeans,1,1789.24,0.2,1431.39,180.03,UPI,Express,3.8
1164,ORD100314,CUST1521,Arjun Singh,2025-07-25,Delhi,North,Clothing,Sneakers,2,2919.88,0.15,4963.8,1628.38,Net Banking,Same Day,4.4
1165,ORD103101,CUST1377,Karan Mehta,2025-12-27,Pune,West,Home & Kitchen,Bedsheet,1,1077.13,0.0,1077.13,231.7,Debit Card,Standard,4.0
1166,ORD104772,CUST1507,Arjun Singh,2025-02-23,Chandigarh,North,Books,Programming Book,4,1260.0,0.0,5040.0,1384.96,Credit Card,Express,3.3
1167,ORD100113,CUST1126,Aditi Malhotra,2025-04-18,Bengaluru,South,Clothing,T-Shirt,1,736.02,0.2,588.82,191.61,Cash on Delivery,Same Day,3.2
1168,ORD100960,CUST1315,Diya Gupta,2025-09-01,Hyderabad,South,Books,Novel,1,492.5,0.15,418.62,86.44,Credit Card,Standard,4.3
1170,ORD102284,CUST1087,Ishaan Kumar,2025-08-28,Hyderabad,South,Clothing,Sneakers,2,2942.62,0.1,5296.72,897.56,UPI,Standard,3.7
1171,ORD101684,CUST1797,Arjun Singh,2025-05-15,Ahmedabad,West,Clothing,Jeans,2,1751.81,0.15,2978.08,677.71,UPI,Same Day,2.8
1172,ORD103362,CUST1458,Arjun Singh,2025-08-13,Hyderabad,South,Clothing,T-Shirt,2,720.89,0.1,1297.6,258.71,Net Banking,Standard,3.5
1174,ORD101630,CUST2113,Rohan Patel,2025-06-29,Chennai,South,Books,Programming Book,1,1266.55,0.15,1076.57,375.11,Debit Card,Express,3.6
1175,ORD103712,CUST1214,Priya Saxena,2025-06-01,Kolkata,East,Clothing,Sneakers,2,3152.69,0.0,6305.38,1105.39,Net Banking,Standard,4.4
1176,ORD102525,CUST1342,Diya Gupta,2025-03-14,Pune,West,Home & Kitchen,Cookware Set,2,2715.43,0.15,4616.23,593.61,Credit Card,Same Day,4.3
1177,ORD103454,CUST2031,Kavya Srivastava,2025-11-02,Chennai,South,Sports,Yoga Mat,4,965.86,0.05,3670.27,933.73,Credit Card,Standard,3.8
1178,ORD104547,CUST1035,Aarav Sharma,2025-12-05,Chennai,South,Books,Data Science Book,2,852.98,0.0,1705.96,414.49,Debit Card,Standard,4.0
1179,ORD104593,CUST2140,Ananya Verma,2025-05-31,Noida,North,Electronics,Headphones,2,2092.14,0.0,4184.28,1394.17,UPI,Same Day,4.8
1180,ORD101961,CUST1761,Meera Mishra,2025-05-07,Ahmedabad,West,Sports,Running Shoes,4,3276.87,0.0,13107.48,2929.42,Net Banking,Express,3.9
1181,ORD104334,CUST1472,Diya Gupta,2025-11-06,Noida,North,Books,Novel,2,462.91,0.05,879.53,287.08,Cash on Delivery,Standard,4.6
1182,ORD104078,CUST1101,Arjun Singh,2025-08-02,Jaipur,North,Books,Data Science Book,3,933.46,0.1,2520.34,699.68,Debit Card,Express,3.980060240963855
1183,ORD102029,CUST1363,Meera Mishra,2025-06-21,Bengaluru,South,Clothing,Sneakers,4,3134.9,0.15,10658.66,2299.82,Credit Card,Standard,4.0
1184,ORD104209,CUST2151,Rahul Tiwari,2025-08-13,Chennai,South,Home & Kitchen,Table Lamp,2,829.28,0.15,1409.78,459.62,UPI,Same Day,4.0
1185,ORD103158,CUST1754,Karan Mehta,2025-11-26,Kolkata,East,Electronics,Keyboard,2,1304.63,0.25,1956.95,410.03,Cash on Delivery,Same Day,4.8
1186,ORD104974,CUST2058,Karan Mehta,2025-05-03,Delhi,North,Clothing,Sneakers,3,3233.37,0.0,9700.11,2400.03,Net Banking,Standard,4.2
1187,ORD104865,CUST1687,Ananya Verma,2025-10-20,Pune,West,Home & Kitchen,Cookware Set,4,2392.56,0.0,9570.24,1142.19,Cash on Delivery,Express,4.4
1188,ORD103795,CUST1828,Kavya Srivastava,2025-08-06,Chandigarh,North,Home & Kitchen,Table Lamp,1,921.79,0.1,829.61,132.58,Net Banking,Same Day,4.2
1190,ORD103365,CUST2135,Rohan Patel,2025-10-11,Lucknow,North,Clothing,Sneakers,3,3219.67,0.1,8693.11,1687.69,Net Banking,Express,5.0
1191,ORD104294,CUST2087,Rahul Tiwari,2025-09-27,Mumbai,West,Clothing,T-Shirt,5,723.68,0.05,3437.48,1112.86,Net Banking,Express,3.2
1192,ORD104445,CUST1241,Rohan Patel,2025-12-02,Noida,North,Beauty,Face Wash,5,379.37,0.15,1612.32,362.65,Net Banking,Express,3.5
1194,ORD100789,CUST1552,Arjun Singh,2025-09-30,Pune,West,Home & Kitchen,Cookware Set,4,2438.55,0.1,8778.78,1617.38,Debit Card,Same Day,3.0
1195,ORD102292,CUST1325,Karan Mehta,2025-10-31,Ahmedabad,West,Home & Kitchen,Bedsheet,2,918.77,0.05,1745.66,268.48,Cash on Delivery,Express,4.4
1196,ORD103658,CUST1068,Aarav Sharma,2025-07-20,Kolkata,East,Electronics,Smart Watch,4,3712.8,0.0,14851.2,3115.39,UPI,Standard,3.8
1197,ORD104769,CUST1978,Arjun Singh,2025-04-22,Jaipur,North,Sports,Football,1,1057.19,0.05,1004.33,284.62,Debit Card,Standard,5.0
1198,ORD100871,CUST1632,Kavya Srivastava,2025-07-09,Chennai,South,Beauty,Perfume,1,1376.13,0.2,1100.9,312.36,Net Banking,Same Day,2.6
1199,ORD102367,CUST1922,Karan Mehta,2025-07-12,Jaipur,North,Sports,Yoga Mat,2,917.49,0.15,1559.73,316.93,UPI,Express,3.1
1200,ORD102052,CUST2122,Rahul Tiwari,2025-12-27,Kolkata,East,Clothing,T-Shirt,4,679.36,0.05,2581.57,502.25,Debit Card,Standard,3.1
1201,ORD102964,CUST1417,Arjun Singh,2025-03-13,Chandigarh,North,Books,Programming Book,2,1169.69,0.15,1988.47,214.67,Debit Card,Same Day,4.5
1202,ORD100073,CUST1170,Aditya Joshi,2025-01-10,Mumbai,West,Clothing,Hoodie,1,1627.15,0.1,1464.44,259.04,Debit Card,Standard,4.2
1203,ORD102059,CUST2004,Ananya Verma,2025-01-23,Ahmedabad,West,Clothing,T-Shirt,5,696.5,0.1,3134.25,468.25,Cash on Delivery,Standard,3.4
1204,ORD101779,CUST1721,Arjun Singh,2025-12-30,Chennai,South,Home & Kitchen,Table Lamp,1,881.65,0.15,749.4,203.85,Net Banking,Express,5.0
1205,ORD101371,CUST1958,Rahul Tiwari,2025-10-21,Chennai,South,Electronics,Smart Watch,1,3177.79,0.2,2542.23,869.8,Credit Card,Standard,4.5
1206,ORD103897,CUST1564,Kavya Srivastava,2025-05-12,Jaipur,North,Home & Kitchen,Bedsheet,2,1027.52,0.1,1849.54,281.51,Debit Card,Standard,4.1
1207,ORD103213,CUST1411,Meera Mishra,2025-09-08,Bengaluru,South,Home & Kitchen,Cookware Set,5,2649.04,0.05,12582.94,1496.6,Debit Card,Same Day,3.7
1208,ORD104594,CUST1565,Sneha Agarwal,2025-03-08,Mumbai,West,Home & Kitchen,Table Lamp,3,959.61,0.0,2878.83,370.13,Credit Card,Standard,4.4
1209,ORD103852,CUST1610,Kavya Srivastava,2025-01-11,Chennai,South,Sports,Running Shoes,2,3226.03,0.15,5484.25,1611.71,Credit Card,Standard,4.2
1210,ORD103545,CUST2148,Sneha Agarwal,2025-09-28,Chennai,South,Electronics,Keyboard,5,1223.54,0.05,5811.81,1391.29,Net Banking,Same Day,4.7
1211,ORD103221,CUST1847,Kavya Srivastava,2025-09-01,Bengaluru,South,Home & Kitchen,Cookware Set,1,2586.87,0.1,2328.18,539.49,UPI,Express,4.0
1212,ORD104382,CUST1281,Aditya Joshi,2025-02-15,Chandigarh,North,Clothing,Sneakers,2,3212.81,0.15,5461.78,938.02,Debit Card,Same Day,3.6
1213,ORD100494,CUST1860,Arjun Singh,2025-02-22,Pune,West,Electronics,Smart Watch,1,3816.6,0.0,3816.6,879.62,Debit Card,Standard,4.9
1214,ORD103167,CUST1258,Priya Saxena,2025-05-17,Chennai,South,Electronics,Headphones,2,2091.33,0.1,3764.39,739.25,Debit Card,Same Day,4.1
1215,ORD102630,CUST2052,Arjun Singh,2025-08-28,Chennai,South,Clothing,Jeans,5,1656.95,0.1,7456.28,1110.7,Net Banking,Same Day,3.7
1216,ORD102197,CUST1521,Karan Mehta,2025-10-16,Noida,North,Electronics,Keyboard,1,1313.71,0.2,1050.97,152.14,Credit Card,Same Day,3.6
1217,ORD101164,CUST1000,Kavya Srivastava,2025-11-02,Lucknow,North,Beauty,Sunscreen,2,657.09,0.15,1117.05,272.85,Credit Card,Same Day,3.3
1219,ORD102607,CUST1731,Kavya Srivastava,2025-05-09,Hyderabad,South,Beauty,Sunscreen,1,746.64,0.0,746.64,109.6,Debit Card,Express,4.0
1220,ORD101526,CUST1635,Sneha Agarwal,2025-10-28,Jaipur,North,Electronics,Headphones,4,2143.03,0.1,7714.91,1779.82,Debit Card,Express,4.5
1221,ORD104876,CUST1099,Arjun Singh,2025-12-14,Chennai,South,Books,Novel,1,507.11,0.15,431.04,140.66,Credit Card,Standard,4.2
1222,ORD101739,CUST1997,Aditi Malhotra,2025-11-27,Pune,West,Beauty,Sunscreen,1,739.29,0.2,591.43,182.36,Credit Card,Express,2.8
1223,ORD100618,CUST1023,Ishaan Kumar,2025-03-30,Pune,West,Electronics,Keyboard,2,1230.32,0.0,2460.64,473.95,Debit Card,Standard,3.5
1224,ORD102820,CUST1258,Rohan Patel,2025-04-03,Lucknow,North,Beauty,Perfume,5,1170.1,0.1,5265.45,1153.65,Credit Card,Standard,3.7
1225,ORD102755,CUST1053,Priya Saxena,2025-01-29,Chennai,South,Clothing,Hoodie,3,1627.56,0.15,4150.28,587.87,Net Banking,Express,4.3
1226,ORD102304,CUST1629,Karan Mehta,2025-03-21,Chennai,South,Electronics,Wireless Mouse,3,809.05,0.0,2427.15,418.23,Credit Card,Standard,3.8
1227,ORD104196,CUST1287,Meera Mishra,2025-06-07,Chennai,South,Electronics,Keyboard,4,1304.01,0.15,4433.63,1233.54,Net Banking,Same Day,4.1
1228,ORD102099,CUST1470,Ananya Verma,2025-08-28,Bengaluru,South,Beauty,Perfume,2,1380.63,0.0,2761.26,451.98,Cash on Delivery,Standard,3.7
1229,ORD103450,CUST1419,Karan Mehta,2025-12-07,Chandigarh,North,Beauty,Perfume,1,1330.99,0.05,1264.44,249.96,Cash on Delivery,Express,4.3
1230,ORD100869,CUST1051,Aditi Malhotra,2025-03-13,Ahmedabad,West,Books,Programming Book,4,1267.59,0.15,4309.81,1474.83,Debit Card,Standard,4.2
1231,ORD102753,CUST1263,Priya Saxena,2025-06-18,Pune,West,Clothing,T-Shirt,1,675.42,0.0,675.42,101.21,UPI,Express,3.4
1232,ORD101042,CUST1373,Ananya Verma,2025-12-25,Jaipur,North,Clothing,Sneakers,5,2770.85,0.15,11776.11,2161.88,Credit Card,Express,3.5
1233,ORD103103,CUST2173,Ishaan Kumar,2025-03-07,Lucknow,North,Beauty,Perfume,2,1361.72,0.15,2314.92,747.56,Debit Card,Express,4.2
1234,ORD100356,CUST2001,Ananya Verma,2025-07-11,Hyderabad,South,Sports,Football,3,962.58,0.0,2887.74,588.27,Net Banking,Express,3.3
1235,ORD101162,CUST1056,Aditya Joshi,2025-07-09,Jaipur,North,Beauty,Face Wash,2,363.84,0.0,727.68,182.13,Debit Card,Standard,4.0
1236,ORD103837,CUST1380,Karan Mehta,2025-12-07,Noida,North,Home & Kitchen,Coffee Maker,3,3222.6,0.05,9184.41,1401.57,UPI,Standard,4.0
1237,ORD101258,CUST1540,Aditi Malhotra,2025-01-14,Chandigarh,North,Clothing,Hoodie,4,1640.04,0.0,6560.16,1037.43,Cash on Delivery,Same Day,3.2
1238,ORD101293,CUST1549,Sneha Agarwal,2025-07-26,Ahmedabad,West,Sports,Yoga Mat,3,854.96,0.1,2308.39,239.47,Debit Card,Express,4.1
1240,ORD104813,CUST2053,Aditya Joshi,2025-12-09,Bengaluru,South,Clothing,Jeans,1,1771.76,0.0,1771.76,399.75,Debit Card,Standard,5.0
1241,ORD103718,CUST2147,Diya Gupta,2025-02-22,Chandigarh,North,Electronics,Headphones,2,2130.67,0.15,3622.14,815.01,UPI,Same Day,4.8
1242,ORD103682,CUST2119,Karan Mehta,2025-11-04,Chandigarh,North,Electronics,Keyboard,1,1278.24,0.25,958.68,241.38,Debit Card,Standard,4.6
1243,ORD104878,CUST1006,Priya Saxena,2025-05-22,Hyderabad,South,Home & Kitchen,Cookware Set,3,2594.88,0.1,7006.18,1011.81,Credit Card,Standard,5.0
1244,ORD103703,CUST1346,Meera Mishra,2025-01-12,Lucknow,North,Electronics,Headphones,5,2007.61,0.0,10038.05,3007.33,Debit Card,Standard,4.6
1245,ORD100332,CUST1342,Kavya Srivastava,2025-07-29,Lucknow,North,Books,Novel,3,495.73,0.1,1338.47,283.51,Debit Card,Express,3.5
1246,ORD101966,CUST1662,Aarav Sharma,2025-01-27,Chennai,South,Clothing,Jeans,1,1975.16,0.1,1777.64,353.3,UPI ,Express,2.6
1247,ORD102771,CUST1135,Aditya Joshi,2025-12-04,Lucknow,North,Home & Kitchen,Cookware Set,1,2627.69,0.1,2364.92,744.32,Credit Card,Express,3.8
1248,ORD103732,CUST1075,Aarav Sharma,2025-10-02,Lucknow,North,Electronics,Wireless Mouse,2,806.84,0.2,1290.94,315.55,Credit Card,Same Day,4.8
1249,ORD103710,CUST1770,Ishaan Kumar,2025-12-15,Noida,North,Home & Kitchen,Table Lamp,5,821.15,0.1,3695.18,1143.82,Net Banking,Express,3.9
1250,ORD103011,CUST2092,Aditya Joshi,2025-04-21,Chennai,South,Clothing,Hoodie,2,1387.96,0.15,2359.53,366.12,Credit Card,Same Day,3.8
1251,ORD101116,CUST2174,Kavya Srivastava,2025-08-26,Kolkata,East,Clothing,T-Shirt,4,629.44,0.1,2265.98,364.69,Credit Card,Same Day,3.5
1252,ORD101891,CUST2130,Diya Gupta,2025-05-20,Kolkata,East,Beauty,Face Wash,3,426.61,0.0,1279.83,413.8,Debit Card,Standard,3.6
1253,ORD103595,CUST1114,Aarav Sharma,2025-06-25,Noida,North,Sports,Running Shoes,2,2827.14,0.3,3958.0,1229.03,Net Banking,Standard,3.980060240963855
1254,ORD104050,CUST1156,Priya Saxena,2025-02-13,Bengaluru,South,Books,Programming Book,1,1170.31,0.0,1170.31,336.9,Debit Card,Standard,4.8
1255,ORD102497,CUST2160,Arjun Singh,2025-09-21,Bengaluru,South,Home & Kitchen,Coffee Maker,3,3472.39,0.1,9375.45,1780.21,UPI,Standard,3.9
1256,ORD104867,CUST1160,Arjun Singh,2025-01-28,Pune,West,Sports,Yoga Mat,5,981.7,0.25,3681.38,665.2,Net Banking,Standard,4.6
1257,ORD101406,CUST1834,Karan Mehta,2025-02-03,Bengaluru,South,Sports,Yoga Mat,4,917.75,0.1,3303.9,394.07,Cash on Delivery,Standard,3.7
1258,ORD100445,CUST1054,Rahul Tiwari,2025-10-27,Hyderabad,South,Books,Novel,1,474.72,0.15,403.51,47.79,Cash on Delivery,Same Day,3.8
1259,ORD103298,CUST1833,Rohan Patel,2025-07-16,Chennai,South,Books,Programming Book,2,1297.64,0.05,2465.52,263.4,UPI,Standard,4.6
1261,ORD104978,CUST1297,Aditya Joshi,2025-07-20,Kolkata,East,Clothing,Sneakers,1,3202.17,0.25,2401.63,794.98,UPI,Same Day,4.3
1262,ORD104453,CUST1978,Karan Mehta,2025-10-19,Lucknow,North,Beauty,Perfume,5,1205.37,0.0,6026.85,1137.07,Cash on Delivery,Standard,4.1
1263,ORD102990,CUST1465,Sneha Agarwal,2025-10-24,Hyderabad,South,Sports,Football,4,944.21,0.1,3399.16,978.6,UPI,Express,2.9
1264,ORD100014,CUST1591,Rahul Tiwari,2025-07-31,Bengaluru,South,Beauty,Face Wash,4,373.21,0.2,1194.27,345.9,Cash on Delivery,Express,4.0
1265,ORD102658,CUST1102,Kavya Srivastava,2025-10-16,Pune,West,Electronics,Keyboard,4,1326.69,0.15,4510.75,1025.99,Net Banking,Same Day,5.0
1266,ORD100945,CUST2106,Priya Saxena,2025-08-14,Noida,North,Books,Novel,3,492.95,0.05,1404.91,458.61,UPI,Same Day,2.1
1267,ORD100247,CUST1650,Arjun Singh,2025-12-05,Chandigarh,North,Books,Novel,2,474.84,0.15,807.23,279.97,Debit Card,Standard,3.5
1269,ORD100360,CUST1484,Arjun Singh,2025-08-11,Chandigarh,North,Home & Kitchen,Table Lamp,3,986.51,0.0,2959.53,1016.97,Net Banking,Express,4.3
1270,ORD104676,CUST1075,Diya Gupta,2025-09-27,Hyderabad,South,Clothing,T-Shirt,3,644.65,0.2,1547.16,264.46,Net Banking,Standard,4.1
1271,ORD102024,CUST2153,Ananya Verma,2025-01-06,Chennai,South,home & kitchen,Table Lamp,1,856.72,0.05,813.88,190.22,Debit Card,Express,4.8
1272,ORD103458,CUST2153,Rahul Tiwari,2025-11-10,Chennai,South,Beauty,Sunscreen,4,679.72,0.05,2582.94,845.85,Cash on Delivery,Express,4.3
1273,ORD102331,CUST1862,Diya Gupta,2025-04-09,Noida,North,Sports,Yoga Mat,2,827.75,0.1,1489.95,352.64,Debit Card,Same Day,3.8
1274,ORD104862,CUST1667,Ishaan Kumar,2025-12-17,Noida,North,Electronics,Keyboard,1,1257.88,0.0,1257.88,258.09,Debit Card,Express,5.0
1275,ORD103206,CUST2044,Aarav Sharma,2025-08-24,Kolkata,East,Sports,Yoga Mat,5,851.06,0.05,4042.53,1004.95,Cash on Delivery,Same Day,4.3
1276,ORD101786,CUST1770,Aarav Sharma,2025-03-13,Noida,North,Beauty,Perfume,5,1229.56,0.1,5533.02,660.32,Net Banking,Standard,3.3
1277,ORD104137,CUST1241,Aarav Sharma,2025-04-25,Chennai,South,Beauty,Perfume,2,1293.21,0.15,2198.46,518.48,Cash on Delivery,Standard,3.7
1278,ORD102486,CUST2175,Priya Saxena,2025-09-03,Chandigarh,North,Books,Data Science Book,2,819.44,0.05,1556.94,507.11,Credit Card,Express,3.7
1279,ORD104904,CUST1970,Aditi Malhotra,2025-02-22,Jaipur,North,Sports,Running Shoes,2,3176.58,0.15,5400.19,1121.22,Cash on Delivery,Express,4.4
1280,ORD104982,CUST1371,Kavya Srivastava,2025-12-22,Chandigarh,North,Clothing,T-Shirt,2,732.99,0.15,1246.08,429.19,Net Banking,Standard,2.6
1281,ORD100490,CUST1431,Ananya Verma,2025-05-06,Bengaluru,South,Electronics,Keyboard,19,1337.74,0.1,22875.35,296.91,Net Banking,Standard,3.5
1282,ORD100862,CUST1267,Arjun Singh,2025-10-16,Ahmedabad,West,Books,Novel,1,491.03,0.1,441.93,81.08,Credit Card,Standard,4.3
1283,ORD101876,CUST1087,Karan Mehta,2025-11-06,Noida,North,Sports,Football,2,1068.23,0.1,1922.81,463.54,Cash on Delivery,Same Day,3.4
1284,ORD103926,CUST1402,Ishaan Kumar,2025-05-29,Noida,North,Books,Programming Book,4,1298.02,0.15,4413.27,846.54,Credit Card,Same Day,3.3
1285,ORD101918,CUST1106,Priya Saxena,2025-11-08,Bengaluru,South,Clothing,Jeans,1,1818.61,0.05,1727.68,572.93,Credit Card,Standard,4.4
1286,ORD103375,CUST1612,Aditi Malhotra,2025-10-27,Ahmedabad,West,Electronics,Headphones,4,1994.39,0.0,7977.56,1464.0,Net Banking,Same Day,4.2
1287,ORD101658,CUST1009,Aditi Malhotra,2025-12-19,Chennai,South,Home & Kitchen,Cookware Set,5,2694.27,0.15,11450.65,1734.1,Net Banking,Standard,3.9
1288,ORD100506,CUST1923,Kavya Srivastava,2025-04-13,Ahmedabad,West,Electronics,Headphones,3,2077.05,0.2,4984.92,724.07,Debit Card,Express,4.5
1289,ORD102883,CUST1800,Sneha Agarwal,2025-04-08,Hyderabad,South,Sports,Running Shoes,3,2872.37,0.15,7324.54,2109.19,Debit Card,Same Day,4.2
1290,ORD102031,CUST1090,Kavya Srivastava,2025-05-29,Mumbai,West,Clothing,Jeans,5,1687.54,0.15,7172.05,1499.19,Cash on Delivery,Same Day,4.0
1291,ORD102741,CUST1470,Aarav Sharma,2025-01-29,Jaipur,North,Electronics,Smart Watch,1,3191.0,0.0,3191.0,853.12,Cash on Delivery,Same Day,4.0
1292,ORD101222,CUST1810,Aditya Joshi,2025-06-10,Lucknow,North,Clothing,T-Shirt,1,736.43,0.05,699.61,136.7,Cash on Delivery,Standard,3.5
1293,ORD101113,CUST2034,Aarav Sharma,2025-12-17,Delhi,North,Electronics,Wireless Mouse,2,848.46,0.25,1272.69,196.58,Debit Card,Express,4.5
1294,ORD102605,CUST1790,Rahul Tiwari,2025-01-06,Chandigarh,North,Sports,Yoga Mat,2,904.98,0.1,1628.96,201.92,Cash on Delivery,Standard,4.2
1295,ORD103463,CUST1861,Karan Mehta,2025-01-01,Jaipur,North,Sports,Yoga Mat,1,850.85,0.0,850.85,158.58,Debit Card,Same Day,4.5
1296,ORD102341,CUST1745,Aarav Sharma,2025-01-21,Mumbai,West,Home & Kitchen,Table Lamp,3,862.38,0.0,2587.14,708.57,UPI,Same Day,4.6
1297,ORD104692,CUST1285,Meera Mishra,2025-08-10,Ahmedabad,West,Home & Kitchen,Table Lamp,1,887.63,0.0,887.63,180.38,Net Banking,Same Day,4.9
1298,ORD100433,CUST1656,Sneha Agarwal,2025-06-11,Jaipur,North,Clothing,Hoodie,1,1560.53,0.2,1248.42,300.55,UPI,Same Day,3.980060240963855
1299,ORD102092,CUST1712,Meera Mishra,2025-01-11,Hyderabad,South,Home & Kitchen,Bedsheet,1,1047.67,0.05,995.29,259.91,UPI,Express,4.6
1300,ORD103192,CUST1041,Rahul Tiwari,2025-10-09,Lucknow,North,Books,Novel,5,526.15,0.05,2499.21,506.0,Cash on Delivery,Same Day,4.8
1301,ORD104435,CUST2138,Aditya Joshi,2025-10-23,Hyderabad,South,Beauty,Sunscreen,2,644.27,0.05,1224.11,187.67,UPI,Same Day,3.2
1302,ORD102118,CUST1107,Ananya Verma,2025-10-03,Noida,North,Electronics,Smart Watch,4,3289.83,0.1,11843.39,2945.89,UPI,Standard,5.0
1303,ORD101551,CUST1572,Aditya Joshi,2025-03-24,Pune,West,Home & Kitchen,Cookware Set,4,2489.22,0.0,9956.88,2656.03,Debit Card,Same Day,3.1
1304,ORD103200,CUST1273,Ananya Verma,2025-09-13,Pune,West,Clothing,Sneakers,1,3124.93,0.2,2499.94,573.81,UPI,Same Day,3.2
1305,ORD104303,CUST1900,Kavya Srivastava,2025-02-18,Noida,North,Beauty,Perfume,5,1242.97,0.2,4971.88,1125.72,UPI,Express,5.0
1306,ORD101438,CUST1781,Aarav Sharma,2025-03-01,Pune,West,Home & Kitchen,Bedsheet,1,1056.91,0.15,898.37,278.98,Credit Card,Express,5.0
1307,ORD102952,CUST1703,Aditi Malhotra,2025-07-17,Lucknow,North,Home & Kitchen,Table Lamp,3,876.92,0.15,2236.15,346.88,Credit card,Standard,4.5
1308,ORD101102,CUST1210,Aditi Malhotra,2025-08-06,Ahmedabad,West,Clothing,Hoodie,1,1591.74,0.1,1432.57,428.81,Credit Card,Express,3.8
1309,ORD104384,CUST1643,Aarav Sharma,2025-07-19,Chennai,South,Home & Kitchen,Bedsheet,1,961.76,0.15,817.5,183.11,Credit Card,Express,3.3
1310,ORD101487,CUST2003,Karan Mehta,2025-10-15,Chennai,South,Electronics,Keyboard,2,1323.95,0.0,2647.9,685.45,Credit Card,Express,3.9
1311,ORD104404,CUST1744,Aditi Malhotra,2025-07-06,Hyderabad,South,Home & Kitchen,Table Lamp,1,844.02,0.15,717.42,152.32,Cash on Delivery,Standard,4.1
1312,ORD103886,CUST1775,Aarav Sharma,2025-03-11,Pune,West,Home & Kitchen,Cookware Set,2,2498.36,0.1,4497.05,1562.19,Credit Card,Standard,3.0
1313,ORD100156,CUST1124,Priya Saxena,2025-08-15,Delhi,North,Electronics,Keyboard,2,1200.79,0.2,1921.26,554.41,Cash on Delivery,Express,4.5
1314,ORD103014,CUST1977,Diya Gupta,2025-12-30,Chandigarh,North,Electronics,Headphones,1,2059.41,0.3,1441.59,352.11,Net Banking,Same Day,4.2
1315,ORD102420,CUST1427,Karan Mehta,2025-06-23,Kolkata,East,Books,Novel,1,478.79,0.05,454.85,142.9,Cash on Delivery,Same Day,4.3
1316,ORD100615,CUST1754,Aditi Malhotra,2025-03-10,Chandigarh,North,Sports,Football,2,1070.6,0.0,2141.2,532.74,Net Banking,Express,4.5
1317,ORD100643,CUST1357,Rahul Tiwari,2025-06-01,Delhi,North,Home & Kitchen,Bedsheet,19,1028.74,0.15,16614.15,670.14,Credit Card,Standard,3.3
1318,ORD101477,CUST1863,Karan Mehta,2025-01-22,Mumbai,West,Clothing,T-Shirt,1,646.74,0.05,614.4,117.92,UPI,Standard,5.0
1319,ORD101672,CUST2088,Diya Gupta,2025-03-27,Bengaluru,South,Sports,Running Shoes,3,2878.53,0.2,6908.47,1376.8,Credit Card,Express,4.0
1320,ORD101068,CUST1761,Diya Gupta,2025-05-27,Ahmedabad,West,Sports,Running Shoes,2,3269.4,0.1,5884.92,621.71,Credit Card,Express,3.9
1321,ORD103323,CUST1719,Meera Mishra,2025-04-25,Hyderabad,South,Clothing,Jeans,1,1976.47,0.05,1877.65,577.1,Cash on Delivery,Same Day,5.0
1322,ORD103936,CUST1643,Ishaan Kumar,2025-05-20,Chandigarh,North,Home & Kitchen,Coffee Maker,4,3613.46,0.25,10840.38,1266.92,UPI,Standard,3.6
1323,ORD104258,CUST1262,Rahul Tiwari,2025-08-07,Mumbai,West,Electronics,Smart Watch,2,3573.25,0.2,5717.2,1317.58,Cash on Delivery,Same Day,4.0
1324,ORD101392,CUST2105,Priya Saxena,2025-09-23,Chennai,South,Electronics,Wireless Mouse,1,845.01,0.0,845.01,234.19,Net Banking,Same Day,3.2
1325,ORD100330,CUST1250,Kavya Srivastava,2025-10-25,Pune,West,Electronics,Smart Watch,1,3670.16,0.1,3303.14,1095.77,Debit Card,Express,4.7
1326,ORD104372,CUST1312,Ananya Verma,2025-05-28,Delhi,North,Clothing,T-Shirt,5,734.53,0.05,3489.02,767.08,Net Banking,Same Day,4.6
1327,ORD102680,CUST1130,Ananya Verma,2025-05-31,Bengaluru,South,Electronics,Keyboard,2,1348.65,0.15,2292.7,441.09,Debit Card,Express,4.0
1328,ORD102218,CUST1696,Priya Saxena,2025-05-14,Noida,North,Clothing,T-Shirt,1,634.8,0.15,539.58,132.13,Cash on Delivery,Express,2.6
1329,ORD100622,CUST1678,Aditya Joshi,2025-03-23,Chandigarh,North,Books,Data Science Book,1,839.38,0.1,755.44,142.25,Credit Card,Standard,3.6
1330,ORD101632,CUST1168,Aarav Sharma,2025-06-29,Kolkata,East,Home & Kitchen,Cookware Set,5,2629.43,0.1,11832.43,2767.72,Cash on Delivery,Standard,4.3
1331,ORD104741,CUST1354,Meera Mishra,2025-10-22,Jaipur,North,Home & Kitchen,Cookware Set,1,2708.04,0.05,2572.64,703.07,Debit Card,Express,3.1
1332,ORD103459,CUST1356,Priya Saxena,2025-09-30,Chennai,South,Sports,Football,1,982.38,0.1,884.14,110.17,Cash on Delivery,Same Day,2.8
1333,ORD102937,CUST1449,Aarav Sharma,2025-05-18,Ahmedabad,West,Clothing,T-Shirt,4,642.86,0.2,2057.15,215.0,Debit Card,Express,4.6
1334,ORD101962,CUST1336,Meera Mishra,2025-01-29,Chandigarh,North,Sports,Yoga Mat,2,841.44,0.1,1514.59,414.45,Credit Card,Express,3.4
1335,ORD101595,CUST1313,Aditya Joshi,2025-08-19,Mumbai,West,Sports,Yoga Mat,1,966.31,0.0,966.31,231.56,Credit Card,Same Day,3.7
1336,ORD104641,CUST1842,Aditi Malhotra,2025-04-28,Kolkata,East,Electronics,Wireless Mouse,1,756.31,0.1,680.68,209.8,Debit Card,Standard,3.8
1337,ORD100755,CUST1369,Rohan Patel,2025-02-26,Hyderabad,South,Sports,Yoga Mat,1,881.28,0.05,837.22,265.82,Cash on Delivery,Standard,3.3
1338,ORD100518,CUST1855,Aarav Sharma,2025-11-10,Bengaluru,South,Books,Data Science Book,2,880.37,0.15,1496.63,242.78,Net Banking,Express,3.9
1339,ORD103846,CUST1102,Diya Gupta,2025-12-25,Chennai,South,Clothing,Jeans,1,1899.03,0.0,1899.03,548.68,Credit Card,Same Day,4.8
1341,ORD103676,CUST1756,Priya Saxena,2025-03-12,Lucknow,North,Clothing,Sneakers,2,3155.93,0.05,5996.27,2087.7,Net Banking,Same Day,4.9
1342,ORD101157,CUST2123,Kavya Srivastava,2025-11-15,Delhi,North,Electronics,Smart Watch,2,3541.36,0.1,6374.45,764.19,UPI,Same Day,3.5
1343,ORD100744,CUST2002,Arjun Singh,2025-12-20,Noida,North,Home & Kitchen,Cookware Set,1,2359.57,0.15,2005.63,373.52,UPI,Express,4.0
1344,ORD101432,CUST2170,Arjun Singh,2025-09-26,Mumbai,West,Home & Kitchen,Cookware Set,1,2301.12,0.0,2301.12,246.32,Debit Card,Same Day,3.4
1345,ORD103062,CUST2001,Aditya Joshi,2025-08-08,Mumbai,West,Clothing,Jeans,2,1921.34,0.15,3266.28,364.69,Cash on Delivery,Express,4.2
1346,ORD104245,CUST1287,Aditya Joshi,2025-04-20,Mumbai,West,Clothing,Sneakers,1,3041.65,0.0,3041.65,988.21,Debit Card,Express,3.1
1347,ORD103671,CUST1379,Aditya Joshi,2025-12-30,Chandigarh,North,Home & Kitchen,Table Lamp,5,875.13,0.05,4156.87,709.51,Cash on Delivery,Standard,3.980060240963855
1348,ORD100783,CUST1600,Rahul Tiwari,2025-07-04,Jaipur,North,Clothing,T-Shirt,4,764.5,0.05,2905.1,937.46,Net Banking,Same Day,4.2
1349,ORD104430,CUST1263,Sneha Agarwal,2025-12-09,Kolkata,East,Clothing,Jeans,2,1661.22,0.15,2824.07,516.64,Credit Card,Standard,2.4
1350,ORD104711,CUST1851,Aditi Malhotra,2025-12-31,Bengaluru,South,Beauty,Perfume,5,1223.23,0.05,5810.34,824.93,UPI,Express,2.9
1351,ORD100229,CUST1482,Aditya Joshi,2025-07-28,Lucknow,North,Books,Programming Book,1,1116.1,0.25,837.07,118.73,UPI,Standard,3.8
1352,ORD100857,CUST1876,Aditi Malhotra,2025-08-27,Lucknow,North,Sports,Football,5,978.58,0.15,4158.97,1390.46,Net Banking,Express,4.2
1353,ORD102423,CUST1587,Ananya Verma,2025-01-11,Mumbai,West,Clothing,Sneakers,5,2791.55,0.05,13259.86,3118.47,Debit Card,Express,4.1
1354,ORD104844,CUST1489,Kavya Srivastava,2025-01-31,Bengaluru,South,Sports,Football,1,1089.64,0.15,926.19,313.06,Net Banking,Same Day,4.3
1355,ORD100408,CUST1192,Arjun Singh,2025-08-31,Delhi,North,Sports,Football,3,905.82,0.05,2581.59,318.97,Net Banking,Express,4.0
1357,ORD100540,CUST1819,Meera Mishra,2025-07-06,Lucknow,North,Sports,Football,4,1061.26,0.0,4245.04,556.75,UPI,Standard,3.3
1358,ORD104882,CUST1303,Aditi Malhotra,2025-04-03,Mumbai,West,Sports,Yoga Mat,2,922.73,0.15,1568.64,316.66,Debit Card,Standard,4.3
1359,ORD104065,CUST1954,Rahul Tiwari,2025-03-20,Jaipur,North,Books,Data Science Book,1,983.28,0.1,884.95,143.73,Debit Card,Express,2.5
1360,ORD102598,CUST1742,Sneha Agarwal,2025-03-26,Delhi,North,Books,Programming Book,3,1236.8,0.1,3339.36,905.81,Cash on Delivery,Express,4.4
1361,ORD100613,CUST1787,Rohan Patel,2025-11-18,Bengaluru,South,Beauty,Face Wash,2,396.96,0.05,754.22,116.17,Credit Card,Same Day,3.6
1362,ORD103535,CUST1294,Rohan Patel,2025-05-06,Hyderabad,South,Books,Novel,2,486.42,0.1,875.56,183.07,UPI,Same Day,3.8
1363,ORD104395,CUST1605,Ananya Verma,2025-04-21,Hyderabad,South,Sports,Football,1,929.91,0.1,836.92,152.1,Net Banking,Same Day,2.6
1364,ORD103478,CUST1645,Meera Mishra,2025-07-03,Hyderabad,South,Sports,Football,2,1045.66,0.15,1777.62,449.42,Debit Card,Standard,3.2
1365,ORD101161,CUST1521,Ananya Verma,2025-10-11,Hyderabad,South,Beauty,Perfume,5,1193.91,0.15,5074.12,865.72,Credit Card,Same Day,4.6
1366,ORD102086,CUST1761,Aditya Joshi,2025-10-26,Chennai,South,Sports,Football,4,1044.08,0.15,3549.87,1142.05,Cash on Delivery,Standard,3.0
1367,ORD104346,CUST1727,Kavya Srivastava,2025-07-18,Chennai,South,Clothing,T-Shirt,3,658.98,0.1,1779.25,222.1,Debit Card,Express,4.0
1368,ORD103694,CUST2056,Rahul Tiwari,2025-10-10,Lucknow,North,Beauty,Sunscreen,5,732.34,0.05,3478.62,354.22,UPI,Standard,3.3
1369,ORD101647,CUST1432,Aditya Joshi,2025-10-30,Hyderabad,South,Books,Data Science Book,1,842.83,0.25,632.12,154.94,Cash on Delivery,Express,4.5
1370,ORD101485,CUST2004,Aditi Malhotra,2025-12-26,Bengaluru,South,Clothing,T-Shirt,1,743.23,0.15,631.75,168.61,Debit Card,Express,2.0
1371,ORD102225,CUST1282,Aditya Joshi,2025-03-24,Mumbai,West,Books,Data Science Book,3,943.79,0.05,2689.8,758.05,Debit Card,Standard,2.8
1372,ORD100564,CUST1602,Meera Mishra,2025-10-09,Jaipur,North,Sports,Football,3,962.46,0.15,2454.27,540.85,UPI,Standard,4.4
1373,ORD103613,CUST1260,Karan Mehta,2025-08-24,Noida,North,Electronics,Keyboard,2,1211.78,0.05,2302.38,621.63,UPI,Standard,4.6
1374,ORD104266,CUST1593,Ishaan Kumar,2025-05-21,Hyderabad,South,Clothing,Jeans,1,1791.95,0.1,1612.76,317.22,UPI,Standard,4.3
1375,ORD104157,CUST1185,Kavya Srivastava,2025-11-12,Kolkata,East,Electronics,Smart Watch,3,3318.87,0.25,7467.46,2452.34,UPI,Same Day,3.9
1376,ORD101503,CUST1269,Sneha Agarwal,2025-05-22,Chennai,South,Beauty,Perfume,5,1301.38,0.0,6506.9,1850.24,Credit Card,Same Day,4.2
1377,ORD101879,CUST1923,Aditya Joshi,2025-07-28,Chandigarh,North,Beauty,Sunscreen,1,716.55,0.1,644.89,179.86,Cash on Delivery,Standard,2.3
1378,ORD102480,CUST1836,Aditi Malhotra,2025-01-22,Jaipur,North,Sports,Running Shoes,2,2873.06,0.05,5458.81,1084.95,Credit Card,Standard,4.1
1379,ORD104948,CUST1462,Sneha Agarwal,2025-11-12,Pune,West,Beauty,Face Wash,5,434.15,0.05,2062.21,611.36,Debit Card,Same Day,4.8
1380,ORD103516,CUST1791,Rohan Patel,2025-04-03,Delhi,North,Books,Novel,1,548.17,0.25,411.13,93.29,UPI,Standard,3.8
1381,ORD101566,CUST1938,Ishaan Kumar,2025-12-10,Kolkata,East,Sports,Yoga Mat,1,872.1,0.05,828.5,169.97,Credit Card,Same Day,5.0
1382,ORD102528,CUST2016,Priya Saxena,2025-09-10,Jaipur,North,Electronics,Keyboard,3,1184.06,0.15,3019.35,554.1,Cash on Delivery,Same Day,4.3
1383,ORD104748,CUST2111,Rahul Tiwari,2025-07-29,Chennai,South,Home & Kitchen,Coffee Maker,4,3686.97,0.1,13273.09,4448.28,UPI,Standard,3.4
1384,ORD101769,CUST1280,Ishaan Kumar,2025-11-23,Kolkata,East,Clothing,Sneakers,2,3239.19,0.15,5506.62,812.51,UPI,Same Day,4.7
1385,ORD101172,CUST1796,Ishaan Kumar,2025-06-28,Chandigarh,North,Clothing,Hoodie,4,1387.07,0.15,4716.04,1233.24,Cash on Delivery,Express,5.0
1386,ORD101456,CUST1409,Priya Saxena,2025-06-14,Hyderabad,South,Sports,Running Shoes,5,3219.62,0.25,12073.57,3755.38,Net Banking,Standard,4.1
1387,ORD100325,CUST1359,Arjun Singh,2025-06-29,Ahmedabad,West,Sports,Running Shoes,2,3162.68,0.05,6009.09,1343.42,Credit Card,Same Day,5.0
1388,ORD101051,CUST1814,Ishaan Kumar,2025-10-19,Pune,West,Clothing,Jeans,2,1956.42,0.0,3912.84,1138.77,UPI,Standard,4.3
1389,ORD104534,CUST1235,Rahul Tiwari,2025-03-24,Pune,West,Books,Data Science Book,1,874.63,0.15,743.44,141.88,Net Banking,Same Day,4.6
1390,ORD103333,CUST1278,Sneha Agarwal,2025-09-13,Pune,West,Beauty,Face Wash,1,381.17,0.15,323.99,89.8,Cash on Delivery,Same Day,3.2
1391,ORD102921,CUST1075,Ananya Verma,2025-12-03,Lucknow,North,Books,Data Science Book,2,906.35,0.15,1540.8,204.51,Credit Card,Express,3.8
1392,ORD101907,CUST1792,Aditya Joshi,2025-03-23,Mumbai,West,Books,Programming Book,1,1240.32,0.1,1116.29,344.79,UPI,Standard,4.7
1393,ORD102088,CUST2081,Priya Saxena,2025-07-02,Chandigarh,North,Home & Kitchen,Cookware Set,1,2375.42,0.1,2137.88,460.55,Cash on Delivery,Same Day,4.0
1394,ORD101196,CUST1278,Sneha Agarwal,2025-09-23,Hyderabad,South,Beauty,Sunscreen,3,704.72,0.1,1902.74,283.15,Net Banking,Express,3.5
1395,ORD100620,CUST1959,Arjun Singh,2025-11-30,Ahmedabad,West,Beauty,Perfume,1,1405.69,0.05,1335.41,237.28,Credit Card,Standard,3.4
1396,ORD102232,CUST1073,Aditi Malhotra,2025-12-04,Ahmedabad,West,Home & Kitchen,Coffee Maker,2,3676.63,0.15,6250.27,1021.59,UPI,Express,4.3
1397,ORD102915,CUST1814,Kavya Srivastava,2025-12-11,Lucknow,North,Books,Programming Book,2,1089.71,0.15,1852.51,334.3,Net Banking,Same Day,4.4
1398,ORD101189,CUST1350,Sneha Agarwal,2025-06-11,Noida,North,Sports,Yoga Mat,1,903.3,0.1,812.97,137.2,Net Banking,Same Day,4.1
1399,ORD100328,CUST1855,Rahul Tiwari,2025-06-19,Pune,West,Electronics,Smart Watch,1,3295.55,0.2,2636.44,394.4,Net Banking,Same Day,4.2
1400,ORD100648,CUST1400,Aditi Malhotra,2025-06-17,Mumbai,West,Beauty,Sunscreen,1,652.88,0.0,652.88,73.79,UPI,Standard,3.3
1401,ORD100897,CUST2197,Kavya Srivastava,2025-05-06,Hyderabad,South,Electronics,Keyboard,1,1170.57,0.3,819.4,206.18,Cash on Delivery,Express,4.4
1402,ORD104874,CUST1626,Sneha Agarwal,2025-10-31,Lucknow,North,Books,Data Science Book,2,961.76,0.15,1634.99,309.21,Debit Card,Express,4.3
1403,ORD101123,CUST1108,Kavya Srivastava,2025-04-20,Chennai,South,Electronics,Keyboard,1,1422.2,0.2,1137.76,298.84,Cash on Delivery,Same Day,4.3
1404,ORD101934,CUST1398,Aditya Joshi,2025-02-02,Ahmedabad,West,Home & Kitchen,Table Lamp,2,921.12,0.1,1658.02,218.52,Cash on Delivery,Same Day,4.5
1405,ORD104663,CUST1428,Sneha Agarwal,2025-08-20,Lucknow,North,Books,Data Science Book,2,927.41,0.15,1576.6,299.68,UPI,Standard,2.4
1406,ORD103034,CUST1606,Karan Mehta,2025-11-07,Jaipur,North,Books,Data Science Book,3,900.21,0.25,2025.47,226.75,UPI,Same Day,4.2
1408,ORD104198,CUST1596,Arjun Singh,2025-08-16,Bengaluru,South,Sports,Yoga Mat,5,847.48,0.0,4237.4,1153.55,UPI,Same Day,4.4
1409,ORD104648,CUST2194,Priya Saxena,2025-04-10,Chennai,South,Beauty,Face Wash,5,372.54,0.1,1676.43,181.61,Cash on Delivery,Standard,4.1
1410,ORD103351,CUST1543,Aarav Sharma,2025-10-01,Jaipur,North,Home & Kitchen,Table Lamp,1,945.3,0.05,898.03,168.55,UPI,Standard,4.2
1411,ORD102174,CUST1324,Ishaan Kumar,2025-05-30,Ahmedabad,West,Beauty,Sunscreen,3,677.57,0.05,1931.07,467.36,Cash on Delivery,Standard,3.9
1413,ORD104525,CUST1610,Meera Mishra,2025-05-19,Lucknow,North,Electronics,Headphones,2,1958.18,0.1,3524.72,1005.19,Debit Card,Same Day,3.2
1414,ORD101023,CUST1196,Aditya Joshi,2025-08-10,Kolkata,East,Beauty,Face Wash,4,378.02,0.0,1512.08,473.26,UPI,Express,3.7
1415,ORD102015,CUST2090,Rahul Tiwari,2025-01-29,Ahmedabad,West,Sports,Football,4,980.48,0.0,3921.92,1289.52,UPI,Same Day,4.7
1416,ORD103979,CUST1806,Meera Mishra,2025-12-06,Lucknow,North,Sports,Football,2,952.64,0.05,1810.02,232.97,Debit Card,Same Day,5.0
1417,ORD103813,CUST2045,Rohan Patel,2025-09-24,Bengaluru,South,Home & Kitchen,Bedsheet,3,1003.77,0.05,2860.74,451.13,Credit Card,Express,3.9
1418,ORD104302,CUST1719,Aarav Sharma,2025-11-12,Delhi,North,Home & Kitchen,Table Lamp,1,924.37,0.0,924.37,97.87,Credit Card,Standard,4.3
1419,ORD103877,CUST1943,Sneha Agarwal,2025-09-12,Hyderabad,South,Beauty,Sunscreen,2,706.99,0.1,1272.58,297.88,Net Banking,Same Day,3.980060240963855
1420,ORD100809,CUST1808,Karan Mehta,2025-06-11,Lucknow,North,Electronics,Keyboard,3,1291.74,0.05,3681.46,907.83,UPI,Standard,4.9
1421,ORD102886,CUST2005,Aarav Sharma,2025-05-29,Noida,North,Beauty,Face Wash,4,429.15,0.15,1459.11,460.18,Debit Card,Express,4.1
1422,ORD100978,CUST1350,Diya Gupta,2025-06-26,Jaipur,North,Electronics,Smart Watch,5,3331.93,0.15,14160.7,2113.03,Cash on Delivery,Same Day,4.9
1423,ORD103827,CUST1551,Priya Saxena,2025-10-02,Delhi,North,Sports,Yoga Mat,1,883.25,0.25,662.44,141.5,Debit Card,Standard,4.2
1424,ORD104415,CUST1715,Rahul Tiwari,2025-10-14,Pune,West,Clothing,Sneakers,4,2910.13,0.25,8730.39,1034.91,Net Banking,Same Day,3.6
1425,ORD104897,CUST1192,Ananya Verma,2025-07-12,Hyderabad,South,Clothing,Jeans,1,1848.13,0.0,1848.13,229.18,Cash on Delivery,Express,4.1
1426,ORD102521,CUST1977,Ananya Verma,2025-10-12,Ahmedabad,West,Books,Programming Book,2,1269.57,0.05,2412.18,486.37,Cash on Delivery,Same Day,3.8
1427,ORD101436,CUST1027,Priya Saxena,2025-01-21,Hyderabad,South,Electronics,Keyboard,3,1392.77,0.0,4178.31,1356.37,Net Banking,Standard,4.2
1428,ORD102432,CUST2074,Aarav Sharma,2025-06-03,Hyderabad,South,Sports,Yoga Mat,5,962.32,0.05,4571.02,743.7,Cash on Delivery,Standard,3.7
1429,ORD103822,CUST2126,Rahul Tiwari,2025-08-18,Noida,North,Books,Novel,3,527.78,0.05,1504.17,365.63,Net Banking,Express,3.5
1430,ORD104703,CUST2084,Arjun Singh,2025-11-25,Chennai,South,Electronics,Wireless Mouse,2,725.92,0.0,1451.84,345.32,Debit Card,Standard,3.9
1431,ORD103503,CUST1450,Meera Mishra,2025-05-16,Chandigarh,North,Beauty,Sunscreen,1,688.05,0.05,653.65,138.56,Net Banking,Standard,4.8
1432,ORD100174,CUST1206,Aditi Malhotra,2025-07-27,Chennai,South,Electronics,Keyboard,4,1272.3,0.1,4580.28,530.3,Credit Card,Standard,3.7
1433,ORD101588,CUST1752,Aditya Joshi,2025-09-19,Hyderabad,South,Home & Kitchen,Coffee Maker,3,3766.84,0.0,11300.52,1711.01,Net Banking,Same Day,3.9
1436,ORD104480,CUST1175,Aarav Sharma,2025-07-30,Delhi,North,Home & Kitchen,Coffee Maker,1,3802.61,0.0,3802.61,712.73,UPI,Same Day,4.2
1437,ORD100217,CUST2113,Meera Mishra,2025-12-16,Lucknow,North,Home & Kitchen,Coffee Maker,1,3645.97,0.15,3099.07,886.33,UPI,Express,3.7
1438,ORD103958,CUST1512,Sneha Agarwal,2025-09-07,Noida,North,Books,Programming Book,4,1126.2,0.3,3153.36,517.69,UPI,Same Day,4.8
1440,ORD100690,CUST1049,Meera Mishra,2025-12-18,Lucknow,North,Beauty,Face Wash,1,402.96,0.1,362.66,90.66,Debit Card,Standard,5.0
1441,ORD102610,CUST1808,Rahul Tiwari,2025-04-06,Jaipur,North,Beauty,Perfume,4,1378.34,0.1,4962.02,1674.28,Cash on Delivery,Same Day,4.4
1442,ORD102633,CUST1089,Aarav Sharma,2025-11-04,Noida,North,Sports,Football,1,1049.27,0.1,944.34,195.69,Credit Card,Same Day,4.5
1443,ORD103621,CUST1781,Aditya Joshi,2025-02-14,Mumbai,West,Beauty,Face Wash,1,391.64,0.25,293.73,80.76,Net Banking,Express,4.5
1444,ORD101106,CUST1332,Aditi Malhotra,2025-09-10,Chennai,South,Sports,Football,1,933.46,0.1,840.11,235.63,Net Banking,Express,3.9
1445,ORD104686,CUST1750,Sneha Agarwal,2025-05-13,Chandigarh,North,Beauty,Perfume,4,1419.57,0.15,4826.54,1356.6,Cash on Delivery,Standard,3.1
1446,ORD102459,CUST1765,Aditya Joshi,2025-08-14,Kolkata,East,Clothing,Hoodie,2,1414.76,0.05,2688.04,911.99,UPI,Express,3.9
1447,ORD103403,CUST1277,Aditya Joshi,2025-06-01,Hyderabad,South,Home & Kitchen,Bedsheet,5,949.23,0.1,4271.53,1032.25,Cash on Delivery,Same Day,3.7
1448,ORD100611,CUST1958,Ananya Verma,2025-11-17,Jaipur,North,Sports,Football,1,923.41,0.15,784.9,121.01,Credit Card,Express,3.9
1449,ORD103929,CUST1472,Diya Gupta,2025-07-31,Hyderabad,South,Electronics,Keyboard,4,1388.91,0.1,5000.08,843.09,Net Banking,Express,4.2
1450,ORD103754,CUST1663,Karan Mehta,2025-11-16,Chandigarh,North,Sports,Football,4,1074.39,0.05,4082.68,594.45,Credit Card,Same Day,3.2
1451,ORD100576,CUST1438,Diya Gupta,2025-11-07,Chandigarh,North,Books,Data Science Book,1,868.6,0.05,825.17,137.19,UPI,Express,3.2
1452,ORD104291,CUST1520,Diya Gupta,2025-10-06,Kolkata,East,Clothing,T-Shirt,5,713.15,0.2,2852.6,448.29,Cash on Delivery,Express,4.5
1453,ORD104454,CUST1412,Ishaan Kumar,2025-02-04,Bengaluru,South,Beauty,Face Wash,2,366.49,0.2,586.38,160.56,Credit Card,Standard,3.7
1454,ORD101180,CUST2098,Kavya Srivastava,2025-09-02,Mumbai,West,Books,Novel,2,458.78,0.0,917.56,110.66,Credit Card,Same Day,4.4
1455,ORD100888,CUST2181,Kavya Srivastava,2025-04-22,Chennai,South,Beauty,Sunscreen,2,692.09,0.15,1176.55,156.03,UPI,Standard,3.5
1456,ORD103165,CUST1567,Rahul Tiwari,2025-08-16,Pune,West,Home & Kitchen,Table Lamp,1,961.87,0.15,817.59,257.91,Debit Card,Same Day,4.1
1457,ORD101770,CUST1234,Ananya Verma,2025-12-01,Jaipur,North,Home & Kitchen,Table Lamp,3,966.28,0.15,2464.01,789.87,Net Banking,Same Day,3.2
1458,ORD102697,CUST1009,Diya Gupta,2025-09-28,Delhi,North,Clothing,Sneakers,5,3230.44,0.1,14536.98,4261.92,Credit Card,Express,3.5
1459,ORD100817,CUST1717,Rohan Patel,2025-06-15,Mumbai,West,Books,Data Science Book,1,872.52,0.0,872.52,293.23,Net Banking,Same Day,3.3
1460,ORD103316,CUST1512,Rahul Tiwari,2025-06-19,Pune,West,Sports,Yoga Mat,1,930.04,0.05,883.54,309.22,Debit Card,Express,3.7
1461,ORD101902,CUST2198,Aarav Sharma,2025-03-04,Bengaluru,South,Home & Kitchen,Table Lamp,2,812.5,0.05,1543.75,196.85,UPI,Standard,3.3
1462,ORD100208,CUST1146,Rahul Tiwari,2025-04-22,Chennai,South,Sports,Yoga Mat,2,920.38,0.15,1564.65,206.65,UPI,Same Day,2.8
1463,ORD100293,CUST1033,Meera Mishra,2025-07-20,Mumbai,West,Beauty,Face Wash,2,393.11,0.15,668.29,148.51,Net Banking,Same Day,4.2
1464,ORD101119,CUST2171,Rahul Tiwari,2025-07-27,Jaipur,North,Beauty,Perfume,4,1335.03,0.2,4272.1,1064.7,Debit Card,Standard,3.2
1465,ORD102240,CUST1800,Aditi Malhotra,2025-11-17,Bengaluru,South,Beauty,Perfume,2,1408.19,0.2,2253.1,564.13,Credit Card,Same Day,4.9
1466,ORD103783,CUST1522,Aditya Joshi,2025-12-23,Pune,West,Electronics,Smart Watch,2,3748.22,0.15,6371.97,1868.87,Credit Card,Same Day,3.1
1467,ORD101264,CUST1498,Kavya Srivastava,2025-07-09,Delhi,North,Sports,Yoga Mat,3,974.67,0.0,2924.01,333.44,Cash on Delivery,Same Day,2.8
1468,ORD100990,CUST1040,Aarav Sharma,2025-11-27,Bengaluru,South,Sports,Yoga Mat,2,926.92,0.1,1668.46,536.72,Cash on Delivery,Same Day,4.3
1469,ORD103398,CUST1544,Rahul Tiwari,2025-10-25,Jaipur,North,Beauty,Sunscreen,3,703.9,0.3,1478.19,236.93,Debit Card,Express,4.0
1470,ORD104215,CUST1783,Meera Mishra,2025-01-13,Noida,North,Electronics,Wireless Mouse,1,859.4,0.1,773.46,121.22,Cash on Delivery,Express,3.4
1471,ORD101543,CUST2187,Ishaan Kumar,2025-04-03,Ahmedabad,West,Clothing,Hoodie,2,1583.92,0.1,2851.06,837.87,Credit Card,Express,4.1
1472,ORD100353,CUST1228,Priya Saxena,2025-08-26,Chandigarh,North,Clothing,Sneakers,5,2861.33,0.05,13591.32,1514.28,Credit Card,Express,3.3
1473,ORD101894,CUST1331,Ananya Verma,2025-12-09,Ahmedabad,West,Beauty,Sunscreen,4,642.25,0.0,2569.0,635.73,Net Banking,Express,5.0
1474,ORD102154,CUST1154,Meera Mishra,2025-03-05,Chennai,South,Electronics,Wireless Mouse,2,808.81,0.15,1374.98,260.92,Net Banking,Express,3.6
1475,ORD103078,CUST1536,Sneha Agarwal,2025-09-30,Kolkata,East,Books,Novel,1,472.87,0.0,472.87,55.9,Net Banking,Standard,3.2
1477,ORD103084,CUST1753,Priya Saxena,2025-07-07,Lucknow,North,Books,Programming Book,1,1149.06,0.1,1034.15,131.81,Credit Card,Express,4.6
1478,ORD101228,CUST1128,Arjun Singh,2025-08-29,Delhi,North,Home & Kitchen,Table Lamp,5,919.25,0.1,4136.62,931.08,Debit Card,Express,3.5
1479,ORD100259,CUST1447,Diya Gupta,2025-03-15,Hyderabad,South,Home & Kitchen,Coffee Maker,2,3624.99,0.05,6887.48,1850.69,Debit Card,Express,4.5
1480,ORD102835,CUST1058,Kavya Srivastava,2025-12-04,Ahmedabad,West,Clothing,Hoodie,4,1502.53,0.1,5409.11,1306.42,Net Banking,Standard,3.3
1481,ORD101815,CUST1102,Meera Mishra,2025-12-06,Jaipur,North,Home & Kitchen,Bedsheet,3,1098.53,0.15,2801.25,790.87,UPI,Express,3.9
1482,ORD104759,CUST2133,Ishaan Kumar,2025-08-18,Bengaluru,South,Electronics,Keyboard,2,1264.5,0.15,2149.65,718.77,Debit Card,Same Day,2.7
1483,ORD101808,CUST2021,Karan Mehta,2025-09-03,Chandigarh,North,Electronics,Smart Watch,4,3690.04,0.0,14760.16,3792.51,Credit Card,Same Day,4.3
1485,ORD100052,CUST2176,Priya Saxena,2025-01-14,Chandigarh,North,Clothing,Hoodie,5,1350.73,0.0,6753.65,1698.42,Net Banking,Standard,2.4
1486,ORD102223,CUST1061,Kavya Srivastava,2025-06-16,Lucknow,North,Home & Kitchen,Table Lamp,2,897.69,0.15,1526.07,181.11,Debit Card,Same Day,4.1
1487,ORD103263,CUST1047,Sneha Agarwal,2025-05-12,Kolkata,East,Clothing,Hoodie,3,1546.17,0.25,3478.88,1012.36,UPI,Standard,3.0
1488,ORD102220,CUST1302,Diya Gupta,2025-06-06,Pune,West,Books,Novel,3,532.31,0.1,1437.24,366.95,Net Banking,Express,3.0
1489,ORD102437,CUST1547,Aarav Sharma,2025-07-31,Lucknow,North,Clothing,T-Shirt,1,652.76,0.05,620.12,98.17,Net Banking,Same Day,3.5
1490,ORD102822,CUST1873,Meera Mishra,2025-11-06,Ahmedabad,West,Clothing,Jeans,1,1764.06,0.1,1587.65,538.57,Debit Card,Same Day,4.1
1491,ORD102372,CUST2007,Sneha Agarwal,2025-10-05,Chandigarh,North,Home & Kitchen,Coffee Maker,2,3649.47,0.2,5839.15,2024.68,Cash on Delivery,Standard,4.8
1492,ORD101479,CUST2036,Diya Gupta,2025-07-31,Hyderabad,South,Beauty,Face Wash,3,387.15,0.15,987.23,141.13,Net Banking,Standard,3.1
1493,ORD101033,CUST1054,Diya Gupta,2025-01-04,Pune,West,Electronics,Headphones,3,2074.22,0.1,5600.39,1503.21,Net Banking,Standard,5.0
1494,ORD101097,CUST2112,Karan Mehta,2025-07-20,Ahmedabad,West,Home & Kitchen,Coffee Maker,1,3165.65,0.15,2690.8,880.88,Net Banking,Same Day,3.2
1495,ORD101469,CUST1181,Arjun Singh,2025-01-03,Chandigarh,North,Home & Kitchen,Coffee Maker,1,3591.27,0.05,3411.71,1000.37,Debit Card,Same Day,4.0
1496,ORD100543,CUST1463,Rohan Patel,2025-08-29,Jaipur,North,Beauty,Face Wash,5,437.21,0.15,1858.14,240.69,Cash on Delivery,Express,3.7
1497,ORD101046,CUST1739,Arjun Singh,2025-10-04,Jaipur,North,Books,Data Science Book,3,985.78,0.15,2513.74,567.97,Cash on Delivery,Express,4.3
1498,ORD101937,CUST2102,Rahul Tiwari,2025-10-20,Jaipur,North,Home & Kitchen,Coffee Maker,4,3299.74,0.1,11879.06,2241.11,Cash on Delivery,Same Day,4.5
1499,ORD103552,CUST1418,Sneha Agarwal,2025-04-15,Mumbai,West,Beauty,Face Wash,2,385.3,0.05,732.07,209.8,Cash on Delivery,Same Day,3.9
1500,ORD100030,CUST2119,Karan Mehta,2025-10-18,Ahmedabad,West,Clothing,Hoodie,1,1418.85,0.1,1276.96,321.16,Cash on Delivery,Express,3.6
1501,ORD100725,CUST1568,Sneha Agarwal,2025-09-21,Chennai,South,Clothing,Hoodie,2,1401.26,0.05,2662.39,371.68,Cash on Delivery,Standard,3.8
1502,ORD102463,CUST1510,Kavya Srivastava,2025-07-27,Jaipur,North,Beauty,Perfume,4,1392.08,0.1,5011.49,1622.53,Cash on Delivery,Standard,4.4
1504,ORD103947,CUST1347,Aarav Sharma,2025-10-31,Mumbai,West,Clothing,Jeans,1,1840.01,0.0,1840.01,580.85,Net Banking,Standard,3.5
1505,ORD101426,CUST1494,Diya Gupta,2025-04-28,Chennai,South,Sports,Yoga Mat,1,858.33,0.05,815.41,91.86,Debit Card,Standard,3.8
1506,ORD102527,CUST1695,Ananya Verma,2025-10-12,Mumbai,West,Clothing,Jeans,1,1664.49,0.05,1581.27,230.82,UPI,Same Day,3.3
1507,ORD100436,CUST1733,Sneha Agarwal,2025-09-20,Chandigarh,North,Books,Novel,5,505.7,0.1,2275.65,688.35,Debit Card,Standard,5.0
1508,ORD102803,CUST1833,Rahul Tiwari,2025-09-23,Chandigarh,North,Beauty,Perfume,2,1368.82,0.15,2326.99,234.71,Debit Card,Express,3.6
1509,ORD100912,CUST1651,Ishaan Kumar,2025-01-14,Lucknow,North,Clothing,T-Shirt,3,684.02,0.25,1539.05,435.05,UPI,Same Day,4.3
1510,ORD104240,CUST2183,Diya Gupta,2025-11-19,Noida,North,Sports,Football,2,925.0,0.1,1665.0,499.57,UPI,Express,3.3
1511,ORD104182,CUST1524,Aditi Malhotra,2025-05-17,Ahmedabad,West,Electronics,Headphones,2,1885.0,0.1,3393.0,708.38,UPI,Standard,4.5
1512,ORD104531,CUST1001,Arjun Singh,2025-06-02,Noida,North,Clothing,T-Shirt,1,633.29,0.2,506.63,85.44,UPI,Same Day,3.0
1513,ORD103370,CUST1070,Rohan Patel,2025-03-15,Kolkata,East,Home & Kitchen,Coffee Maker,2,3525.98,0.1,6346.76,1861.78,UPI,Express,5.0
1514,ORD103885,CUST2177,Aarav Sharma,2025-02-05,Mumbai,West,Home & Kitchen,Coffee Maker,1,3156.56,0.0,3156.56,630.23,Credit Card,Express,4.6
1515,ORD101620,CUST1282,Kavya Srivastava,2025-11-20,Hyderabad,South,Home & Kitchen,Coffee Maker,4,3397.3,0.2,10871.36,2566.91,UPI,Same Day,3.8
1516,ORD101238,CUST1742,Karan Mehta,2025-04-14,Bengaluru,South,Electronics,Headphones,1,1908.15,0.15,1621.93,448.51,Net Banking,Standard,4.6
1517,ORD100903,CUST1427,Aditya Joshi,2025-08-08,Ahmedabad,West,Beauty,Sunscreen,5,703.87,0.1,3167.41,992.52,Cash on Delivery,Express,3.8
1518,ORD102619,CUST1569,Ishaan Kumar,2025-12-04,Chandigarh,North,Books,Novel,1,535.8,0.05,509.01,163.48,UPI,Express,2.2
1519,ORD103181,CUST1757,Diya Gupta,2025-03-13,Bengaluru,South,Sports,Football,1,961.73,0.2,769.38,267.32,Credit Card,Standard,5.0
1521,ORD100507,CUST1070,Arjun Singh,2025-01-11,Mumbai,West,Sports,Football,1,980.34,0.15,833.29,202.9,Net Banking,Express,3.2
1522,ORD103260,CUST1048,Arjun Singh,2025-02-10,Hyderabad,South,Books,Novel,1,459.86,0.15,390.88,136.76,Cash on Delivery,Standard,3.7
1523,ORD100183,CUST1637,Meera Mishra,2025-12-08,Mumbai,West,Sports,Yoga Mat,3,842.89,0.0,2528.67,567.46,UPI,Express,3.7
1524,ORD103871,CUST1265,Priya Saxena,2025-01-23,Mumbai,West,Sports,Football,4,989.7,0.15,3364.98,340.07,Debit Card,Same Day,4.3
1525,ORD101497,CUST1600,Kavya Srivastava,2025-12-15,Pune,West,Electronics,Keyboard,3,1182.81,0.2,2838.74,326.76,Debit Card,Standard,5.0
1526,ORD102802,CUST1818,Aditya Joshi,2025-11-25,Pune,West,Books,Data Science Book,5,880.31,0.15,3741.32,1154.16,Cash on Delivery,Standard,5.0
1527,ORD100321,CUST1866,Arjun Singh,2025-12-05,Delhi,North,Sports,Running Shoes,1,2714.71,0.2,2171.77,258.84,Credit Card,Standard,3.7
1528,ORD102221,CUST1465,Karan Mehta,2025-03-13,Chandigarh,North,Books,Novel,5,489.59,0.2,1958.36,463.37,Credit Card,Standard,3.3
1529,ORD103609,CUST1260,Aditya Joshi,2025-05-27,Chandigarh,North,Electronics,Headphones,3,1810.38,0.0,5431.14,1076.23,Cash on Delivery,Standard,3.1
1530,ORD104822,CUST1928,Sneha Agarwal,2025-05-30,Jaipur,North,Beauty,Perfume,1,1383.28,0.25,1037.46,242.19,UPI,Standard,3.1
1531,ORD104262,CUST1979,Karan Mehta,2025-11-10,Lucknow,North,Home & Kitchen,Cookware Set,2,2489.42,0.1,4480.96,700.27,UPI,Same Day,4.1
1532,ORD101818,CUST1154,Rohan Patel,2025-04-23,Ahmedabad,West,Home & Kitchen,Cookware Set,2,2614.44,0.05,4967.44,1297.08,Cash on Delivery,Same Day,5.0
1533,ORD102531,CUST2031,Aarav Sharma,2025-03-18,Chandigarh,North,Books,Data Science Book,1,853.05,0.2,682.44,104.93,Cash on Delivery,Standard,2.6
1534,ORD104899,CUST1821,Priya Saxena,2025-10-05,Jaipur,North,Sports,Football,5,918.45,0.15,3903.41,1328.81,Cash on Delivery,Same Day,3.6
1536,ORD101146,CUST1894,Rohan Patel,2025-04-18,Mumbai,West,Clothing,Jeans,1,1798.65,0.0,1798.65,612.61,Credit Card,Express,3.7
1537,ORD102095,CUST1889,Sneha Agarwal,2025-12-08,Noida,North,Books,Novel,1,533.52,0.1,480.17,158.36,UPI,Same Day,4.5
1538,ORD100044,CUST1282,Aditya Joshi,2025-07-10,Pune,West,Home & Kitchen,Cookware Set,3,2630.91,0.15,6708.82,1496.32,UPI,Same Day,4.4
1539,ORD103614,CUST1510,Aditya Joshi,2025-06-04,Mumbai,West,Books,Data Science Book,5,947.27,0.1,4262.72,978.6,Credit Card,Express,3.4
1540,ORD103361,CUST1227,Priya Saxena,2025-08-29,Hyderabad,South,Beauty,Face Wash,1,421.02,0.1,378.92,120.23,Credit Card,Express,4.4
1541,ORD101864,CUST1572,Karan Mehta,2025-09-23,Bengaluru,South,Electronics,Keyboard,5,1264.95,0.0,6324.75,1139.82,Cash on Delivery,Standard,4.7
1542,ORD101378,CUST1056,Kavya Srivastava,2025-03-20,Kolkata,East,Sports,Running Shoes,1,2852.82,0.25,2139.62,257.6,Credit Card,Express,3.1
1543,ORD101803,CUST2039,Aditi Malhotra,2025-08-31,Ahmedabad,West,Electronics,Wireless Mouse,5,739.98,0.05,3514.9,615.96,Credit Card,Standard,4.2
1544,ORD103048,CUST2192,Rahul Tiwari,2025-12-06,Noida,North,Beauty,Face Wash,1,425.53,0.05,404.25,58.04,UPI,Same Day,3.3
1545,ORD100413,CUST1660,Aditya Joshi,2025-01-05,Bengaluru,South,Beauty,Perfume,1,1281.86,0.15,1089.58,327.24,Credit Card,Same Day,4.1
1546,ORD104293,CUST1223,Diya Gupta,2025-06-25,Lucknow,North,Beauty,Sunscreen,4,743.33,0.05,2824.65,730.9,Net Banking,Express,4.7
1547,ORD101407,CUST2021,Arjun Singh,2025-06-08,Noida,North,Beauty,Perfume,5,1228.48,0.2,4913.92,935.22,Cash on Delivery,Express,5.0
1548,ORD103945,CUST1516,Rahul Tiwari,2025-08-06,Hyderabad,South,Electronics,Keyboard,4,1226.04,0.25,3678.12,838.74,Net Banking,Standard,2.6
1549,ORD100801,CUST1144,Meera Mishra,2025-02-09,Pune,West,Books,Novel,1,540.58,0.1,486.52,95.91,Net Banking,Standard,5.0
1550,ORD101288,CUST1537,Rahul Tiwari,2025-08-09,Noida,North,Books,Data Science Book,2,976.23,0.05,1854.84,517.76,Debit Card,Same Day,4.2
1551,ORD102275,CUST1305,Meera Mishra,2025-03-16,Jaipur,North,Electronics,Smart Watch,3,3757.15,0.05,10707.88,2385.0,Net Banking,Standard,4.6
1552,ORD102471,CUST1883,Sneha Agarwal,2025-12-24,Jaipur,North,Electronics,Smart Watch,1,3279.56,0.05,3115.58,987.33,Credit Card,Same Day,4.1
1553,ORD101583,CUST1529,Sneha Agarwal,2025-07-17,Ahmedabad,West,Sports,Yoga Mat,5,905.48,0.15,3848.29,1056.02,Debit Card,Express,3.2
1554,ORD102346,CUST2017,Kavya Srivastava,2025-07-11,Chennai,South,Electronics,Wireless Mouse,1,750.13,0.1,675.12,166.76,UPI,Same Day,3.7
1555,ORD100256,CUST2182,Diya Gupta,2025-06-23,Noida,North,Electronics,Smart Watch,1,3240.72,0.0,3240.72,1090.03,Cash on Delivery,Express,3.5
1556,ORD101833,CUST1774,Sneha Agarwal,2025-01-10,Mumbai,West,Books,Novel,2,482.36,0.05,916.48,213.16,Net Banking,Standard,5.0
1557,ORD103586,CUST1128,Aditya Joshi,2025-11-02,Chandigarh,North,Books,Data Science Book,2,824.65,0.1,1484.37,371.54,Credit Card,Express,2.6
1558,ORD101151,CUST1673,Aarav Sharma,2025-10-15,Kolkata,East,Clothing,T-Shirt,1,763.45,0.05,725.28,162.03,Cash on Delivery,Standard,5.0
1559,ORD102329,CUST1767,Ishaan Kumar,2025-09-20,Lucknow,North,Sports,Running Shoes,1,3000.5,0.0,3000.5,510.02,Credit Card,Same Day,3.2
1560,ORD100647,CUST1250,Meera Mishra,2025-12-22,Chennai,South,Electronics,Headphones,1,1976.23,0.05,1877.42,541.31,Net Banking,Standard,4.6
1561,ORD102944,CUST1588,Diya Gupta,2025-08-07,Chennai,South,Beauty,Face Wash,5,418.2,0.05,1986.45,276.82,Credit Card,Express,4.4
1562,ORD101740,CUST1724,Karan Mehta,2025-10-02,Hyderabad,South,Clothing,T-Shirt,1,651.04,0.25,488.28,73.89,Credit Card,Express,3.980060240963855
1563,ORD101924,CUST1494,Karan Mehta,2025-04-25,Chandigarh,North,Sports,Football,4,1087.22,0.15,3696.55,615.55,Net Banking,Express,3.9
1564,ORD103811,CUST2129,Meera Mishra,2025-02-24,Mumbai,West,Beauty,Face Wash,5,377.81,0.15,1605.69,412.41,Net Banking,Express,4.1
1565,ORD101315,CUST1245,Kavya Srivastava,2025-12-05,Mumbai,West,Clothing,T-Shirt,1,633.48,0.15,538.46,177.65,Debit Card,Standard,3.3
1566,ORD102045,CUST1761,Sneha Agarwal,2025-10-05,Delhi,North,Clothing,T-Shirt,1,721.84,0.25,541.38,125.79,Debit Card,Express,4.8
1567,ORD102298,CUST1959,Meera Mishra,2025-03-02,Mumbai,West,Electronics,Wireless Mouse,3,878.43,0.05,2503.53,313.0,Debit Card,Same Day,4.7
1568,ORD102495,CUST1285,Diya Gupta,2025-09-18,Hyderabad,South,Home & Kitchen,Cookware Set,1,2554.92,0.2,2043.94,641.17,Credit Card,Standard,5.0
1569,ORD101738,CUST1947,Priya Saxena,2025-09-15,Hyderabad,South,Home & Kitchen,Cookware Set,2,2352.55,0.0,4705.1,1401.39,Cash on Delivery,Standard,3.7
1570,ORD101350,CUST2134,Ishaan Kumar,2025-04-25,Lucknow,North,Home & Kitchen,Cookware Set,1,2591.18,0.05,2461.62,294.49,UPI,Same Day,3.4
1571,ORD102653,CUST1488,Meera Mishra,2025-02-16,Ahmedabad,West,Home & Kitchen,Table Lamp,2,940.86,0.1,1693.55,281.4,Debit Card,Same Day,2.9
1572,ORD100112,CUST1293,Sneha Agarwal,2025-04-05,Pune,West,Electronics,Keyboard,2,1180.84,0.1,2125.51,722.32,Cash on Delivery,Express,2.6
1573,ORD103418,CUST2138,Karan Mehta,2025-03-23,Bengaluru,South,Sports,Running Shoes,5,3263.46,0.1,14685.57,4921.72,Net Banking,Express,3.9
1575,ORD101393,CUST1232,Diya Gupta,2025-06-05,Jaipur,North,Clothing,Sneakers,25,3119.73,0.25,58494.94,2339.22,Net Banking,Standard,3.3
1576,ORD101921,CUST2183,Sneha Agarwal,2025-06-06,Delhi,North,Clothing,Jeans,4,1917.38,0.05,7286.04,746.02,Debit Card,Standard,3.6
1577,ORD101186,CUST2026,Aarav Sharma,2025-04-22,Hyderabad,South,Home & Kitchen,Coffee Maker,1,3245.31,0.2,2596.25,666.93,Net Banking,Express,3.7
1578,ORD102380,CUST1931,Diya Gupta,2025-06-27,Mumbai,West,Electronics,Headphones,1,1986.42,0.1,1787.78,192.64,UPI,Standard,3.4
1579,ORD100056,CUST1710,Rohan Patel,2025-03-05,Kolkata,East,Home & Kitchen,Cookware Set,2,2294.94,0.05,4360.39,1504.36,Debit Card,Same Day,3.9
1580,ORD101309,CUST1426,Aarav Sharma,2025-10-10,Chandigarh,North,Beauty,Perfume,4,1365.52,0.1,4915.87,595.75,Debit Card,Same Day,4.3
1581,ORD100695,CUST1886,Rahul Tiwari,2025-09-12,Ahmedabad,West,Beauty,Face Wash,2,389.79,0.05,740.6,206.8,Debit Card,Same Day,3.5
1582,ORD104221,CUST2138,Aditi Malhotra,2025-05-03,Jaipur,North,Home & Kitchen,Bedsheet,1,1030.42,0.0,1030.42,159.6,cash on delivery,Express,4.1
1583,ORD104017,CUST1324,Rahul Tiwari,2025-07-18,Ahmedabad,West,Clothing,Sneakers,1,2747.78,0.15,2335.61,496.98,UPI,Express,3.5
1584,ORD102647,CUST1328,Aditya Joshi,2025-07-01,Hyderabad,South,Beauty,Perfume,1,1277.66,0.25,958.25,112.03,UPI,Standard,4.0
1586,ORD103665,CUST1450,Karan Mehta,2025-08-01,Mumbai,West,Electronics,Smart Watch,1,3842.95,0.25,2882.21,730.5,Cash on Delivery,Same Day,3.5
1587,ORD100319,CUST1871,Ananya Verma,2025-07-08,Kolkata,East,Electronics,Headphones,1,2040.56,0.1,1836.5,202.59,Debit Card,Express,4.6
1588,ORD102314,CUST1354,Aditya Joshi,2025-04-08,Chandigarh,North,Sports,Football,5,1061.15,0.1,4775.18,1387.65,Credit Card,Express,4.6
1589,ORD101589,CUST1210,Ananya Verma,2025-05-06,Chennai,South,Books,Programming Book,5,1176.51,0.05,5588.42,1832.28,Debit Card,Express,3.7
1590,ORD100682,CUST1790,Aditi Malhotra,2025-02-16,Kolkata,East,Sports,Running Shoes,1,2824.82,0.1,2542.34,618.49,Cash on Delivery,Standard,4.0
1591,ORD103819,CUST1840,Aditya Joshi,2025-05-08,Pune,West,Books,Programming Book,3,1296.77,0.1,3501.28,453.21,Credit Card,Express,4.5
1592,ORD103252,CUST1863,Ananya Verma,2025-06-22,Chandigarh,North,Electronics,Keyboard,1,1233.36,0.25,925.02,160.85,Credit Card,Standard,3.2
1593,ORD103935,CUST1177,Ananya Verma,2025-11-10,Jaipur,North,Books,Programming Book,1,1249.72,0.05,1187.23,285.46,Credit Card,Express,4.6
1594,ORD103548,CUST1176,Priya Saxena,2025-03-04,Bengaluru,South,Beauty,Sunscreen,1,662.61,0.0,662.61,109.52,Debit Card,Standard,4.4
1595,ORD102984,CUST1932,Aarav Sharma,2025-09-30,Bengaluru,South,Home & Kitchen,Table Lamp,4,872.77,0.1,3141.97,972.14,Net Banking,Standard,3.5
1596,ORD100286,CUST1375,Rahul Tiwari,2025-01-16,Kolkata,East,Electronics,Keyboard,2,1170.36,0.15,1989.61,670.93,Credit Card,Express,2.3
1597,ORD102277,CUST1483,Kavya Srivastava,2025-09-06,Delhi,North,Clothing,Sneakers,1,2745.24,0.3,1921.67,261.22,Net Banking,Standard,3.8
1598,ORD104903,CUST1494,Rohan Patel,2025-04-27,Jaipur,North,Clothing,T-Shirt,4,728.79,0.05,2769.4,451.89,Net Banking,Standard,2.8
1599,ORD104412,CUST2072,Priya Saxena,2025-02-12,Hyderabad,South,Books,Data Science Book,2,812.92,0.1,1463.26,214.11,Debit Card,Same Day,3.0
1600,ORD103950,CUST1698,Rohan Patel,2025-08-23,Hyderabad,South,Books,Data Science Book,3,816.1,0.15,2081.06,363.96,Debit Card,Same Day,3.1
1601,ORD102796,CUST1364,Diya Gupta,2025-11-08,Pune,West,Electronics,Wireless Mouse,2,862.25,0.15,1465.83,304.54,Cash on Delivery,Standard,4.1
1602,ORD103540,CUST2167,Sneha Agarwal,2025-09-09,Pune,West,ELECTRONICS,Table Lamp,2,841.41,0.2,1346.26,275.04,Net Banking,Express,3.0
1603,ORD101598,CUST1761,Aditya Joshi,2025-07-13,Bengaluru,South,Beauty,Perfume,5,1219.05,0.05,5790.49,673.15,Debit Card,Express,4.7
1604,ORD102312,CUST1860,Priya Saxena,2025-05-03,Kolkata,East,Electronics,Smart Watch,1,3262.25,0.15,2772.91,865.86,Cash on Delivery,Express,5.0
1605,ORD103720,CUST2152,Kavya Srivastava,2025-12-10,Lucknow,North,Beauty,Sunscreen,1,661.12,0.05,628.06,194.79,Cash on Delivery,Express,4.2
1606,ORD100736,CUST1751,Diya Gupta,2025-12-17,Delhi,North,Beauty,Perfume,3,1196.33,0.1,3230.09,543.11,Debit Card,Express,3.6
1607,ORD103534,CUST1388,Ananya Verma,2025-09-05,Jaipur,North,Sports,Football,5,1049.7,0.1,4723.65,1352.31,Cash on Delivery,Standard,3.8
1608,ORD100336,CUST1671,Sneha Agarwal,2025-09-09,Chennai,South,Sports,Running Shoes,4,3018.64,0.1,10867.1,3293.54,UPI,Express,3.9
1610,ORD104019,CUST2066,Rohan Patel,2025-02-10,Chandigarh,North,Electronics,Keyboard,2,1210.54,0.0,2421.08,343.1,UPI,Standard,3.8
1611,ORD104879,CUST1782,Aarav Sharma,2025-08-23,Chennai,South,Sports,Football,2,985.34,0.1,1773.61,258.61,Net Banking,Same Day,4.6
1612,ORD104423,CUST1372,Meera Mishra,2025-10-01,Mumbai,West,Beauty,Face Wash,1,384.85,0.0,384.85,79.36,UPI,Express,3.7
1613,ORD101071,CUST1914,Aarav Sharma,2025-08-26,Chandigarh,North,Sports,Football,4,984.4,0.1,3543.84,829.56,Credit Card,Standard,3.2
1614,ORD102318,CUST1962,Sneha Agarwal,2025-05-14,Delhi,North,Beauty,Face Wash,2,432.69,0.05,822.11,116.82,Credit Card,Express,3.5
1615,ORD104004,CUST1513,Ananya Verma,2025-08-17,Jaipur,North,Books,Data Science Book,2,855.51,0.0,1711.02,567.05,Debit Card,Standard,4.3
1616,ORD102319,CUST1346,Sneha Agarwal,2025-09-19,Ahmedabad,West,Sports,Running Shoes,2,3285.28,0.25,4927.92,1212.57,Debit Card,Express,3.8
1617,ORD102313,CUST1291,Aarav Sharma,2025-10-03,Bengaluru,South,Clothing,T-Shirt,1,686.54,0.15,583.56,103.5,UPI,Express,5.0
1618,ORD104699,CUST1592,Aditya Joshi,2025-05-29,Chandigarh,North,Beauty,Perfume,2,1172.44,0.05,2227.64,692.94,Credit card,Express,3.8
1619,ORD104596,CUST1115,Rahul Tiwari,2025-05-03,Ahmedabad,West,Home & Kitchen,Bedsheet,3,935.94,0.1,2527.04,691.36,Cash on Delivery,Standard,4.0
1620,ORD103406,CUST1732,Ishaan Kumar,2025-03-24,Noida,North,Books,Programming Book,5,1197.83,0.2,4791.32,1302.44,Net Banking,Same Day,2.7
1621,ORD101488,CUST1445,Diya Gupta,2025-05-12,Noida,North,Sports,Yoga Mat,2,939.15,0.1,1690.47,361.33,Debit Card,Standard,3.7
1622,ORD100498,CUST1680,Arjun Singh,2025-05-11,Kolkata,East,Books,Data Science Book,1,962.27,0.05,914.16,214.46,UPI,Express,3.8
1623,ORD104401,CUST1113,Aditi Malhotra,2025-09-08,Bengaluru,South,Sports,Football,5,1057.31,0.2,4229.24,840.76,Cash on Delivery,Standard,4.8
1624,ORD101954,CUST1264,Ananya Verma,2025-08-26,Kolkata,East,Beauty,Sunscreen,1,686.35,0.0,686.35,206.21,Debit Card,Standard,3.3
1625,ORD102588,CUST1606,Priya Saxena,2025-04-02,Chennai,South,Home & Kitchen,Cookware Set,1,2702.42,0.0,2702.42,934.99,UPI,Standard,5.0
1626,ORD103199,CUST1197,Sneha Agarwal,2025-04-23,Pune,West,Home & Kitchen,Table Lamp,4,946.92,0.0,3787.68,1115.71,Net Banking,Same Day,4.4
1627,ORD102957,CUST1025,Aditya Joshi,2025-04-21,Noida,North,Electronics,Smart Watch,1,3513.97,0.25,2635.48,396.21,Net Banking,Standard,3.9
1628,ORD104963,CUST1720,Ananya Verma,2025-03-10,Chennai,South,Sports,Running Shoes,1,2961.99,0.2,2369.59,293.26,Cash on Delivery,Express,3.2
1629,ORD104305,CUST1278,Arjun Singh,2025-10-02,Chandigarh,North,Electronics,Smart Watch,4,3164.85,0.05,12026.43,4045.17,Net Banking,Same Day,4.0
1630,ORD101610,CUST2158,Meera Mishra,2025-07-03,Noida,North,Clothing,T-Shirt,1,746.29,0.05,708.98,183.26,UPI,Same Day,3.5
1631,ORD102182,CUST1756,Ishaan Kumar,2025-02-03,Ahmedabad,West,Clothing,T-Shirt,3,743.48,0.05,2118.92,524.21,UPI,Express,3.9
1632,ORD103617,CUST1660,Priya Saxena,2025-11-19,Chennai,South,Electronics,Smart Watch,4,3841.39,0.1,13829.0,3154.73,Credit Card,Standard,4.4
1633,ORD102067,CUST1881,Sneha Agarwal,2025-12-31,Kolkata,East,Clothing,Hoodie,1,1588.08,0.1,1429.27,459.09,Credit Card,Standard,4.3
1634,ORD101022,CUST1346,Aditi Malhotra,2025-05-16,Bengaluru,South,Sports,Running Shoes,5,2937.68,0.05,13953.98,3618.96,Cash on Delivery,Express,4.8
1635,ORD102671,CUST1652,Diya Gupta,2025-02-04,Noida,North,Clothing,Sneakers,5,3137.91,0.2,12551.64,1598.78,Cash on Delivery,Express,3.2
1636,ORD104906,CUST1609,Aarav Sharma,2025-10-20,Mumbai,West,Clothing,Sneakers,1,3224.71,0.0,3224.71,726.64,Net Banking,Express,4.8
1637,ORD103755,CUST1335,Aarav Sharma,2025-12-18,Pune,West,Home & Kitchen,Table Lamp,1,831.16,0.1,748.04,167.7,Net Banking,Standard,4.6
1638,ORD103100,CUST1592,Diya Gupta,2025-04-29,Chandigarh,North,Clothing,Jeans,4,1675.1,0.05,6365.38,1068.89,Debit Card,Same Day,3.4
1639,ORD103922,CUST1397,Karan Mehta,2025-08-18,Chandigarh,North,Home & Kitchen,Coffee Maker,4,3573.2,0.3,10004.96,2786.19,Net Banking,Same Day,5.0
1640,ORD100665,CUST1850,Aditya Joshi,2025-04-12,Ahmedabad,West,Clothing,Jeans,1,1741.32,0.0,1741.32,552.32,Net Banking,Standard,4.6
1641,ORD103976,CUST1371,Meera Mishra,2025-03-22,Chandigarh,North,Books,Novel,1,546.57,0.15,464.58,73.66,Credit Card,Same Day,4.7
1642,ORD102672,CUST1113,Aditya Joshi,2025-02-19,Pune,West,Electronics,Smart Watch,1,3328.51,0.1,2995.66,328.97,Net Banking,Standard,3.8
1643,ORD101942,CUST1617,Ananya Verma,2025-10-20,Delhi,North,Electronics,Smart Watch,1,3586.52,0.0,3586.52,615.82,Cash on Delivery,Same Day,3.6
1644,ORD104284,CUST1907,Aditi Malhotra,2025-09-12,Bengaluru,South,Beauty,Face Wash,2,415.89,0.1,748.6,161.28,Credit Card,Standard,4.1
1645,ORD104197,CUST1909,Sneha Agarwal,2025-06-05,Lucknow,North,Books,Novel,3,464.85,0.05,1324.82,182.19,Cash on Delivery,Express,5.0
1646,ORD101017,CUST1192,Kavya Srivastava,2025-09-03,Hyderabad,South,Sports,Running Shoes,2,3111.84,0.25,4667.76,702.98,Net Banking,Same Day,3.6
1647,ORD100557,CUST1775,Priya Saxena,2025-06-30,Lucknow,North,Electronics,Keyboard,5,1339.16,0.1,6026.22,960.93,Debit Card,Same Day,2.9
1648,ORD104607,CUST1005,Meera Mishra,2025-01-31,Hyderabad,South,Sports,Yoga Mat,2,845.8,0.05,1607.02,382.2,UPI,Express,4.7
1649,ORD101207,CUST1503,Rahul Tiwari,2025-02-04,Chennai,South,Beauty,Face Wash,2,371.25,0.1,668.25,97.85,Cash on Delivery,Standard,3.3
1650,ORD104806,CUST1122,Priya Saxena,2025-10-23,Hyderabad,South,Clothing,T-Shirt,4,720.06,0.15,2448.2,782.06,Net Banking,Same Day,3.6
1651,ORD104915,CUST1909,Priya Saxena,2025-12-19,Lucknow,North,Home & Kitchen,Coffee Maker,4,3711.12,0.0,14844.48,4505.25,Cash on Delivery,Same Day,4.0
1652,ORD102764,CUST1154,Ananya Verma,2025-01-11,Chennai,South,Electronics,Wireless Mouse,2,724.4,0.0,1448.8,436.23,Net Banking,Standard,5.0
1654,ORD102696,CUST1370,Aditya Joshi,2025-02-12,Jaipur,North,Beauty,Sunscreen,2,645.16,0.0,1290.32,380.89,Credit Card,Standard,3.7
1655,ORD100245,CUST1028,Kavya Srivastava,2025-07-06,Pune,West,Home & Kitchen,Table Lamp,3,865.24,0.25,1946.79,551.49,Net Banking,Standard,2.8
1656,ORD101163,CUST1001,Aditya Joshi,2025-08-28,Chandigarh,North,Electronics,Wireless Mouse,2,851.46,0.1,1532.63,363.33,Cash on Delivery,Standard,3.6
1657,ORD102366,CUST1978,Ishaan Kumar,2025-01-01,Lucknow,North,Home & Kitchen,Cookware Set,1,2657.56,0.1,2391.8,281.82,Net Banking,Express,4.1
1658,ORD100266,CUST1203,Rohan Patel,2025-10-10,Bengaluru,South,Sports,Running Shoes,1,3157.8,0.2,2526.24,818.19,UPI,Same Day,4.5
1660,ORD101114,CUST1595,Sneha Agarwal,2025-02-12,Delhi,North,Books,Data Science Book,1,821.5,0.15,698.27,207.02,Net Banking,Standard,5.0
1661,ORD100063,CUST1093,Diya Gupta,2025-02-12,Pune,West,Home & Kitchen,Coffee Maker,1,3199.53,0.2,2559.62,291.52,Debit Card,Express,3.8
1662,ORD104918,CUST1933,Aditya Joshi,2025-07-04,Delhi,North,Books,Data Science Book,5,857.67,0.0,4288.35,1265.08,Credit Card,Express,2.4
1663,ORD102195,CUST1665,Diya Gupta,2025-08-09,Bengaluru,South,Clothing,Sneakers,2,2908.62,0.15,4944.65,1629.88,Cash on Delivery,Same Day,4.6
1664,ORD102792,CUST2146,Aditya Joshi,2025-04-09,Jaipur,North,Clothing,T-Shirt,3,690.24,0.1,1863.65,496.56,UPI,Express,4.0
1665,ORD103047,CUST1287,Priya Saxena,2025-03-02,Mumbai,West,Sports,Football,1,1005.7,0.15,854.85,189.6,Net Banking,Same Day,4.3
1666,ORD103113,CUST1952,Kavya Srivastava,2025-06-26,Bengaluru,South,Home & Kitchen,Table Lamp,1,864.51,0.2,691.61,135.35,Net Banking,Same Day,5.0
1667,ORD104318,CUST1199,Priya Saxena,2025-04-27,Jaipur,North,Beauty,Perfume,1,1291.79,0.1,1162.61,251.18,Cash on Delivery,Same Day,3.7
1668,ORD102850,CUST1806,Sneha Agarwal,2025-05-16,Lucknow,North,Clothing,Hoodie,3,1486.21,0.15,3789.84,980.44,Credit Card,Same Day,4.6
1669,ORD104339,CUST1786,Rohan Patel,2025-09-14,Bengaluru,South,Books,Programming Book,1,1305.68,0.15,1109.83,182.99,UPI,Express,4.6
1670,ORD103536,CUST2159,Ishaan Kumar,2025-01-01,Hyderabad,South,Sports,Football,1,904.74,0.1,814.27,259.75,Cash on Delivery,Express,4.5
1671,ORD101699,CUST1549,Rahul Tiwari,2025-03-02,Pune,West,Home & Kitchen,Table Lamp,5,962.72,0.25,3610.2,450.84,Debit Card,Standard,3.9
1672,ORD101237,CUST1484,Rohan Patel,2025-10-17,Lucknow,North,Books,Programming Book,1,1201.05,0.0,1201.05,324.51,UPI,Standard,4.0
1673,ORD100103,CUST1901,Sneha Agarwal,2025-04-03,Chennai,South,Beauty,Sunscreen,4,714.49,0.1,2572.16,511.97,Debit Card,Same Day,4.8
1674,ORD102677,CUST1552,Rahul Tiwari,2025-02-16,Kolkata,East,Home & Kitchen,Table Lamp,4,988.9,0.0,3955.6,1073.29,Cash on Delivery,Standard,4.0
1675,ORD100272,CUST1199,Aditi Malhotra,2025-03-04,Jaipur,North,Sports,Running Shoes,2,3189.87,0.1,5741.77,952.34,Net Banking,Standard,4.3
1676,ORD100508,CUST1356,Meera Mishra,2025-09-24,Bengaluru,South,Clothing,Sneakers,1,2884.83,0.1,2596.35,858.89,UPI,Express,4.4
1677,ORD104754,CUST1639,Sneha Agarwal,2025-06-02,Chennai,South,Beauty,Sunscreen,1,734.49,0.2,587.59,96.2,Cash on Delivery,Same Day,3.0
1678,ORD104953,CUST2188,Sneha Agarwal,2025-02-19,Mumbai,West,Books,Novel,1,507.52,0.15,431.39,64.69,Net Banking,Same Day,3.8
1679,ORD102354,CUST1797,Aditya Joshi,2025-02-28,Jaipur,North,Home & Kitchen,Bedsheet,2,1036.22,0.15,1761.57,205.17,Credit Card,Same Day,2.2
1680,ORD100865,CUST2004,Karan Mehta,2025-10-10,Hyderabad,South,Sports,Football,4,1043.66,0.15,3548.44,989.4,Net Banking,Express,5.0
1681,ORD102462,CUST1064,Sneha Agarwal,2025-05-31,Chennai,South,Electronics,Smart Watch,5,3598.58,0.0,17992.9,2941.32,Credit Card,Express,4.2
1682,ORD100908,CUST1956,Arjun Singh,2025-03-10,Jaipur,North,Clothing,Hoodie,4,1459.54,0.05,5546.25,1703.99,Debit Card,Express,3.2
1683,ORD103214,CUST1892,Ananya Verma,2025-11-15,Bengaluru,South,Home & Kitchen,Bedsheet,2,1082.07,0.15,1839.52,187.45,Cash on Delivery,Same Day,5.0
1684,ORD102893,CUST2037,Meera Mishra,2025-12-12,Chennai,South,Electronics,Keyboard,1,1382.39,0.1,1244.15,314.67,UPI,Standard,4.5
1685,ORD103940,CUST1091,Aditi Malhotra,2025-11-10,Mumbai,West,Home & Kitchen,Coffee Maker,1,3553.71,0.2,2842.97,334.16,UPI,Standard,2.9
1686,ORD101627,CUST1960,Aarav Sharma,2025-02-22,Ahmedabad,West,Clothing,Hoodie,1,1464.01,0.05,1390.81,223.73,Credit Card,Express,3.9
1687,ORD103208,CUST1479,Diya Gupta,2025-05-20,Chennai,South,Electronics,Smart Watch,4,3704.49,0.05,14077.06,1697.82,UPI,Same Day,3.6
1688,ORD101522,CUST1195,Aarav Sharma,2025-01-21,Ahmedabad,West,Beauty,Face Wash,2,412.94,0.2,660.7,148.23,Cash on Delivery,Express,3.3
1689,ORD100835,CUST1700,Aditya Joshi,2025-06-17,Delhi,North,Electronics,Keyboard,1,1297.48,0.0,1297.48,302.18,Debit Card,Standard,4.5
1690,ORD100358,CUST1233,Ananya Verma,2025-05-27,Bengaluru,South,Electronics,Headphones,1,2010.61,0.0,2010.61,282.43,Credit Card,Express,4.5
1691,ORD100138,CUST2053,Aditi Malhotra,2025-03-12,Noida,North,Home & Kitchen,Cookware Set,1,2326.05,0.1,2093.45,533.66,Credit Card,Same Day,4.2
1692,ORD100299,CUST1244,Diya Gupta,2025-10-17,Chandigarh,North,Books,Novel,1,524.26,0.2,419.41,126.43,Debit Card,Express,4.2
1693,ORD101556,CUST1798,Rohan Patel,2025-10-23,Delhi,North,Beauty,Sunscreen,4,710.8,0.15,2416.72,350.56,Net Banking,Same Day,2.9
1695,ORD100382,CUST1789,Ishaan Kumar,2025-10-25,Noida,North,Home & Kitchen,Table Lamp,1,939.2,0.2,751.36,245.47,UPI,Express,4.7
1696,ORD100941,CUST2058,Karan Mehta,2025-04-20,Noida,North,Sports,Yoga Mat,1,866.92,0.2,693.54,224.25,UPI,Standard,2.7
1697,ORD102342,CUST1868,Aditi Malhotra,2025-12-03,Pune,West,Electronics,Keyboard,2,1332.27,0.3,1865.18,316.29,Net Banking,Standard,3.3
1698,ORD104776,CUST2178,Diya Gupta,2025-12-20,Lucknow,North,Clothing,Hoodie,1,1530.85,0.2,1224.68,361.61,Debit Card,Standard,3.7
1699,ORD100761,CUST1670,Kavya Srivastava,2025-01-31,Chandigarh,North,Sports,Running Shoes,2,2928.62,0.05,5564.38,1880.83,UPI,Same Day,3.9
1700,ORD101743,CUST1572,Aarav Sharma,2025-10-22,Bengaluru,South,Electronics,Smart Watch,1,3640.08,0.25,2730.06,530.49,UPI,Same Day,3.9
1701,ORD102939,CUST1453,Ishaan Kumar,2025-04-20,Delhi,North,Home & Kitchen,Coffee Maker,1,3500.38,0.0,3500.38,570.93,Debit Card,Express,4.0
1702,ORD102581,CUST1673,Karan Mehta,2025-08-29,Chennai,South,Electronics,Smart Watch,1,3229.33,0.25,2422.0,642.4,Debit Card,Express,3.2
1703,ORD102634,CUST1177,Karan Mehta,2025-08-10,Bengaluru,South,Home & Kitchen,Table Lamp,2,944.69,0.1,1700.44,233.63,Cash on Delivery,Standard,5.0
1704,ORD102224,CUST2177,Meera Mishra,2025-05-13,Kolkata,East,Sports,Football,3,1082.93,0.0,3248.79,398.92,Cash on Delivery,Express,3.9
1705,ORD100898,CUST2174,Aditya Joshi,2025-08-16,Mumbai,West,Sports,Yoga Mat,1,901.56,0.15,766.33,202.84,Debit Card,Same Day,3.4
1706,ORD104044,CUST1328,Rahul Tiwari,2025-09-04,Noida,North,Clothing,Jeans,3,1638.8,0.1,4424.76,925.51,UPI,Same Day,4.4
1707,ORD102042,CUST1047,Karan Mehta,2025-05-16,Mumbai,West,Electronics,Wireless Mouse,2,823.17,0.1,1481.71,460.94,UPI,Express,3.1
1708,ORD101402,CUST1394,Diya Gupta,2025-04-02,Pune,West,Beauty,Sunscreen,2,703.02,0.1,1265.44,373.46,Cash on Delivery,Standard,4.3
1709,ORD102077,CUST1080,Karan Mehta,2025-08-25,Kolkata,East,Home & Kitchen,Cookware Set,2,2495.88,0.1,4492.58,1521.63,Cash on Delivery,Standard,2.2
1710,ORD103828,CUST1909,Meera Mishra,2025-03-11,Bengaluru,South,Books,Programming Book,1,1313.32,0.15,1116.32,208.87,UPI,Express,3.8
1711,ORD104405,CUST1698,Aditya Joshi,2025-11-20,Noida,North,Sports,Football,1,995.84,0.0,995.84,201.35,Net Banking,Standard,3.4
1712,ORD102991,CUST1604,Ishaan Kumar,2025-12-05,Jaipur,North,Sports,Football,2,928.03,0.05,1763.26,521.48,Debit Card,Express,3.9
1713,ORD101512,CUST1243,Karan Mehta,2025-07-08,Chennai,South,Books,Data Science Book,1,840.82,0.05,798.78,239.78,UPI,Express,3.5
1714,ORD101188,CUST1290,Sneha Agarwal,2025-12-01,Pune,West,Clothing,Hoodie,1,1455.49,0.2,1164.39,185.09,Credit Card,Standard,5.0
1715,ORD103243,CUST1817,Rohan Patel,2025-10-06,Ahmedabad,West,Sports,Yoga Mat,3,866.58,0.2,2079.79,708.22,Cash on Delivery,Express,5.0
1716,ORD102073,CUST1281,Kavya Srivastava,2025-05-27,Jaipur,North,Beauty,Perfume,1,1423.9,0.15,1210.32,165.44,Cash on Delivery,Express,3.2
1717,ORD103920,CUST1471,Karan Mehta,2025-08-15,Pune,West,Books,Novel,2,483.02,0.05,917.74,263.55,Cash on Delivery,Express,4.9
1718,ORD103477,CUST1025,Arjun Singh,2025-09-18,Delhi,North,Home & Kitchen,Bedsheet,2,1011.45,0.1,1820.61,219.38,Debit Card,Express,3.4
1719,ORD100108,CUST2185,Kavya Srivastava,2025-03-16,Delhi,North,Home & Kitchen,Bedsheet,1,1047.67,0.0,1047.67,361.24,Net Banking,Same Day,3.9
1720,ORD104040,CUST1384,Aditi Malhotra,2025-11-23,Lucknow,North,Home & Kitchen,Table Lamp,2,847.48,0.05,1610.21,371.82,Credit Card,Express,2.9
1722,ORD104348,CUST1493,Priya Saxena,2025-04-01,Lucknow,North,Electronics,Headphones,2,1968.47,0.0,3936.94,1191.51,Net Banking,Express,3.6
1723,ORD100058,CUST2168,Ananya Verma,2025-07-05,Delhi,North,Electronics,Smart Watch,2,3431.84,0.1,6177.31,801.84,Net Banking,Standard,4.8
1724,ORD100076,CUST1764,Ishaan Kumar,2025-12-26,Noida,North,Home & Kitchen,Coffee Maker,1,3350.8,0.15,2848.18,818.84,UPI,Standard,3.1
1725,ORD100796,CUST1552,Priya Saxena,2025-04-27,Chandigarh,North,Home & Kitchen,Table Lamp,5,833.08,0.1,3748.86,1086.22,Debit Card,Standard,3.1
1726,ORD100368,CUST1787,Aditi Malhotra,2025-01-05,Delhi,North,Books,Programming Book,2,1138.56,0.2,1821.7,545.26,Net Banking,Standard,4.7
1727,ORD104925,CUST1759,Rohan Patel,2025-01-20,Ahmedabad,West,Clothing,Jeans,2,1710.39,0.0,3420.78,347.56,Debit Card,Same Day,3.9
1728,ORD100785,CUST1092,Sneha Agarwal,2025-07-10,Pune,West,Sports,Running Shoes,4,2796.17,0.15,9506.98,1161.91,Debit Card,Same Day,5.0
1730,ORD104408,CUST2124,Meera Mishra,2025-11-23,Chandigarh,North,Home & Kitchen,Cookware Set,1,2625.51,0.0,2625.51,454.55,Credit Card,Standard,3.9
1731,ORD103670,CUST1038,Meera Mishra,2025-03-05,Bengaluru,South,Sports,Running Shoes,2,2998.37,0.2,4797.39,858.27,Credit Card,Same Day,3.0
1732,ORD103197,CUST1202,Sneha Agarwal,2025-02-17,Chandigarh,North,Home & Kitchen,Table Lamp,2,906.19,0.1,1631.14,406.14,Net Banking,Express,4.0
1733,ORD103574,CUST2041,Rahul Tiwari,2025-11-23,Ahmedabad,West,Home & Kitchen,Table Lamp,2,942.84,0.1,1697.11,243.14,Debit Card,Express,3.1
1734,ORD101945,CUST1181,Meera Mishra,2025-03-21,Jaipur,North,Beauty,Sunscreen,5,707.99,0.0,3539.95,713.03,Cash on Delivery,Standard,5.0
1735,ORD101741,CUST1987,Priya Saxena,2025-06-04,Noida,North,Home & Kitchen,Table Lamp,4,934.35,0.05,3550.53,1065.86,UPI,Standard,3.9
1736,ORD100121,CUST2165,Kavya Srivastava,2025-12-01,Delhi,North,Clothing,Sneakers,1,2891.96,0.1,2602.76,562.86,Debit Card,Express,4.2
1737,ORD101886,CUST1738,Meera Mishra,2025-10-14,Pune,West,Electronics,Keyboard,2,1184.31,0.15,2013.33,453.38,Credit Card,Express,3.3
1738,ORD102767,CUST1835,Karan Mehta,2025-02-20,Chandigarh,North,Electronics,Wireless Mouse,1,733.88,0.15,623.8,188.86,UPI,Standard,4.1
1739,ORD103685,CUST1289,Priya Saxena,2025-11-07,Jaipur,North,Home & Kitchen,Cookware Set,1,2259.52,0.0,2259.52,565.19,Credit Card,Standard,5.0
1740,ORD100910,CUST1204,Kavya Srivastava,2025-06-15,Jaipur,North,Clothing,Sneakers,4,2742.64,0.15,9324.98,1227.19,Credit Card,Express,3.7
1741,ORD100124,CUST1477,Rohan Patel,2025-01-01,Chandigarh,North,Clothing,Hoodie,4,1646.91,0.05,6258.26,722.93,Cash on Delivery,Standard,3.8
1742,ORD102226,CUST2153,Aditya Joshi,2025-10-26,Chennai,South,Clothing,Jeans,3,1622.29,0.1,4380.18,1438.16,Cash on Delivery,Standard,4.8
1743,ORD101586,CUST1166,Sneha Agarwal,2025-12-22,Lucknow,North,Books,Programming Book,4,1102.22,0.0,4408.88,1400.88,Credit Card,Express,4.2
1744,ORD101257,CUST1208,Arjun Singh,2025-03-01,Ahmedabad,West,Sports,Yoga Mat,3,898.45,0.15,2291.05,288.32,Debit Card,Express,2.7
1745,ORD103481,CUST1321,Ishaan Kumar,2025-11-06,Ahmedabad,West,Books,Novel,4,454.9,0.1,1637.64,181.48,UPI,Same Day,3.4
1746,ORD103706,CUST1357,Ananya Verma,2025-04-13,Hyderabad,South,Electronics,Smart Watch,1,3623.62,0.15,3080.08,1029.8,Net Banking,Express,4.2
1747,ORD103423,CUST1595,Karan Mehta,2025-09-03,Ahmedabad,West,Sports,Football,3,982.99,0.0,2948.97,876.98,UPI,Express,5.0
1748,ORD101178,CUST1927,Aditya Joshi,2025-07-14,Kolkata,East,Home & Kitchen,Cookware Set,1,2317.83,0.05,2201.94,318.72,Credit Card,Same Day,4.0
1749,ORD102754,CUST1547,Aditi Malhotra,2025-05-27,Ahmedabad,West,Books,Programming Book,3,1267.63,0.1,3422.6,587.23,UPI,Same Day,2.3
1750,ORD104847,CUST1226,Kavya Srivastava,2025-02-05,Pune,West,Home & Kitchen,Coffee Maker,1,3532.81,0.0,3532.81,1169.08,Debit Card,Express,4.8
1751,ORD104979,CUST1885,Arjun Singh,2025-09-25,Ahmedabad,West,Clothing,Jeans,1,1683.85,0.15,1431.27,282.81,Debit Card,Standard,3.1
1752,ORD103669,CUST2021,Rahul Tiwari,2025-06-29,Hyderabad,South,Electronics,Headphones,2,2120.91,0.2,3393.46,353.95,Credit Card,Same Day,4.9
1753,ORD100442,CUST2127,Rohan Patel,2025-05-06,Jaipur,North,Books,Data Science Book,1,902.46,0.05,857.34,257.01,Debit Card,Same Day,2.5
1754,ORD101946,CUST1396,Karan Mehta,2025-12-15,Ahmedabad,West,Clothing,Jeans,4,1692.18,0.05,6430.28,1133.06,Credit Card,Express,3.9
1755,ORD102907,CUST1564,Kavya Srivastava,2025-07-04,Bengaluru,South,Electronics,Headphones,1,1900.71,0.0,1900.71,468.12,Cash on Delivery,Express,3.0
1756,ORD100925,CUST2199,Aditi Malhotra,2025-03-10,Kolkata,East,Electronics,Smart Watch,2,3843.76,0.0,7687.52,1920.68,Net Banking,Same Day,3.7
1757,ORD103311,CUST1398,Sneha Agarwal,2025-07-20,Mumbai,West,Beauty,Face Wash,1,398.73,0.15,338.92,106.78,Credit Card,Same Day,3.8
1758,ORD102364,CUST1875,Arjun Singh,2025-07-19,Ahmedabad,West,Sports,Running Shoes,4,3015.96,0.0,12063.84,2552.78,Debit Card,Standard,2.6
1759,ORD104790,CUST2092,Kavya Srivastava,2025-05-26,Bengaluru,South,Home & Kitchen,Bedsheet,1,1076.45,0.15,914.98,249.41,Net Banking,Express,5.0
1760,ORD101411,CUST1788,Arjun Singh,2025-05-09,Mumbai,West,Beauty,Sunscreen,3,675.92,0.1,1824.98,574.78,UPI,Express,4.3
1761,ORD104110,CUST2052,Kavya Srivastava,2025-05-29,Bengaluru,South,Sports,Running Shoes,2,3295.44,0.0,6590.88,831.08,Cash on Delivery,Same Day,4.6
1762,ORD101788,CUST1068,Karan Mehta,2025-05-22,Hyderabad,South,Home & Kitchen,Coffee Maker,5,3156.88,0.2,12627.52,4348.12,Credit Card,Standard,4.0
1763,ORD101509,CUST1947,Rohan Patel,2025-09-12,Chandigarh,North,Sports,Football,1,919.75,0.05,873.76,91.17,UPI,Express,2.5
1764,ORD101227,CUST1729,Kavya Srivastava,2025-05-19,Hyderabad,South,Home & Kitchen,Bedsheet,2,906.32,0.05,1722.01,472.77,Cash on Delivery,Standard,4.8
1765,ORD104217,CUST2105,Rohan Patel,2025-12-21,Lucknow,North,Sports,Yoga Mat,3,932.45,0.2,2237.88,523.85,Debit Card,Same Day,4.4
1766,ORD103625,CUST1512,Priya Saxena,2025-12-06,Bengaluru,South,Home & Kitchen,Coffee Maker,2,3721.48,0.2,5954.37,684.3,Debit Card,Express,4.2
1767,ORD103553,CUST1297,Sneha Agarwal,2025-01-25,Hyderabad,South,Home & Kitchen,Coffee Maker,4,3705.02,0.0,14820.08,2598.94,UPI,Same Day,3.1
1768,ORD103906,CUST1437,Aditi Malhotra,2025-02-18,Pune,West,Home & Kitchen,Cookware Set,1,2568.15,0.15,2182.93,442.26,UPI,Standard,5.0
1769,ORD103319,CUST1681,Priya Saxena,2025-08-09,Kolkata,East,Beauty,Perfume,1,1271.63,0.3,890.14,284.83,cash on delivery,Standard,2.7
1770,ORD100324,CUST1943,Sneha Agarwal,2025-01-12,Ahmedabad,West,Books,Programming Book,2,1113.67,0.1,2004.61,317.01,UPI,Express,3.9
1771,ORD103116,CUST2187,Arjun Singh,2025-03-02,Lucknow,North,Sports,Yoga Mat,3,810.85,0.1,2189.3,522.62,Credit Card,Express,3.3
1772,ORD101965,CUST2080,Sneha Agarwal,2025-06-22,Chennai,South,Home & Kitchen,Bedsheet,5,1042.93,0.25,3910.99,393.87,Net Banking,Standard,4.7
1773,ORD102127,CUST1495,Diya Gupta,2025-03-04,Lucknow,North,Books,Programming Book,1,1317.6,0.05,1251.72,131.4,Debit Card,Express,4.2
1774,ORD103337,CUST1894,Aditya Joshi,2025-08-12,Chennai,South,Books,Novel,1,466.26,0.15,396.32,105.63,Credit Card,Standard,4.3
1775,ORD103071,CUST1704,Karan Mehta,2025-05-26,Chennai,South,Beauty,Perfume,5,1189.6,0.05,5650.6,1195.62,Debit Card,Express,4.3
1776,ORD101498,CUST1721,Ishaan Kumar,2025-08-02,Chennai,South,Electronics,Wireless Mouse,2,753.91,0.05,1432.43,304.23,Cash on Delivery,Standard,4.2
1777,ORD101502,CUST2125,Karan Mehta,2025-07-04,Kolkata,East,Books,Novel,2,463.09,0.0,926.18,194.23,Cash on Delivery,Express,3.2
1778,ORD101006,CUST1831,Aditya Joshi,2025-03-30,Lucknow,North,Beauty,Face Wash,4,437.18,0.3,1224.1,186.83,Credit Card,Standard,4.4
1779,ORD104244,CUST1110,Kavya Srivastava,2025-04-30,Hyderabad,South,Books,Data Science Book,2,821.85,0.1,1479.33,167.3,UPI,Same Day,4.5
1780,ORD102751,CUST1410,Rahul Tiwari,2025-03-21,Delhi,North,Home & Kitchen,Cookware Set,3,2454.34,0.0,7363.02,2005.38,Net Banking,Same Day,3.4
1781,ORD103557,CUST1092,Ishaan Kumar,2025-03-31,Pune,West,Sports,Football,2,1051.37,0.0,2102.74,498.35,Debit Card,Standard,4.0
1782,ORD101467,CUST2054,Sneha Agarwal,2025-03-23,Lucknow,North,Books,Programming Book,2,1169.52,0.1,2105.14,390.29,Debit Card,Standard,4.3
1784,ORD102021,CUST1239,Priya Saxena,2025-07-28,Chandigarh,North,Books,Novel,2,472.94,0.1,851.29,194.65,Debit Card,Express,4.5
1785,ORD104646,CUST1968,Diya Gupta,2025-09-22,Mumbai,West,Sports,Running Shoes,5,3182.64,0.05,15117.54,3993.94,Net Banking,Same Day,4.3
1787,ORD101216,CUST2122,Rohan Patel,2025-11-19,Mumbai,West,Beauty,Face Wash,2,362.11,0.15,615.59,106.49,UPI,Express,4.0
1788,ORD104698,CUST1621,Diya Gupta,2025-01-06,Chandigarh,North,Beauty,Perfume,3,1322.8,0.1,3571.56,1068.38,Credit Card,Same Day,3.9
1789,ORD103539,CUST1919,Ishaan Kumar,2025-08-13,Hyderabad,South,Electronics,Headphones,4,2139.81,0.1,7703.32,2168.64,Cash on Delivery,Express,5.0
1790,ORD100420,CUST1039,Ishaan Kumar,2025-01-04,Pune,West,Beauty,Face Wash,2,432.15,0.1,777.87,263.36,UPI,Same Day,4.4
1791,ORD104024,CUST1188,Priya Saxena,2025-01-17,Lucknow,North,Sports,Running Shoes,1,2728.98,0.25,2046.74,557.16,Debit Card,Same Day,3.980060240963855
1792,ORD100006,CUST1936,Sneha Agarwal,2025-02-21,Kolkata,East,Clothing,Jeans,3,1691.03,0.0,5073.09,1505.34,Debit Card,Same Day,3.8
1793,ORD100932,CUST1562,Arjun Singh,2025-04-18,Ahmedabad,West,Electronics,Smart Watch,2,3702.23,0.05,7034.24,737.8,UPI,Standard,2.7
1794,ORD101691,CUST1135,Ishaan Kumar,2025-06-04,Kolkata,East,Sports,Football,1,927.75,0.1,834.98,265.33,UPI,Standard,3.5
1795,ORD100439,CUST1031,Rohan Patel,2025-11-02,Delhi,North,Sports,Running Shoes,2,2989.63,0.0,5979.26,622.58,UPI,Standard,5.0
1796,ORD101313,CUST1625,Karan Mehta,2025-09-09,Hyderabad,South,Sports,Football,1,1054.05,0.1,948.64,321.79,Credit Card,Express,3.4
1797,ORD100678,CUST1483,Ishaan Kumar,2025-09-27,Ahmedabad,West,Electronics,Smart Watch,1,3821.28,0.05,3630.22,1113.25,Cash on Delivery,Express,3.4
1798,ORD103257,CUST1097,Meera Mishra,2025-12-08,Hyderabad,South,Beauty,Sunscreen,1,686.06,0.15,583.15,86.77,UPI,Standard,4.1
1799,ORD104630,CUST1396,Ishaan Kumar,2025-11-30,Kolkata,East,Beauty,Face Wash,1,368.46,0.2,294.77,94.85,Debit Card,Same Day,3.8
1800,ORD102333,CUST1903,Priya Saxena,2025-02-28,Mumbai,West,Electronics,Smart Watch,1,3805.89,0.15,3235.01,990.53,Credit Card,Standard,3.1
1801,ORD102295,CUST1190,Ananya Verma,2025-07-02,Lucknow,North,Books,Novel,1,475.69,0.15,404.34,120.62,UPI,Same Day,3.5
1802,ORD104653,CUST1598,Rahul Tiwari,2025-07-22,Chandigarh,North,Clothing,Hoodie,1,1452.05,0.15,1234.24,400.98,Credit Card,Standard,4.1
1803,ORD102882,CUST1007,Sneha Agarwal,2025-12-17,delhi,West,Sports,Running Shoes,1,2912.62,0.0,2912.62,820.52,Debit Card,Standard,4.5
1804,ORD103792,CUST1948,Ishaan Kumar,2025-11-04,Lucknow,North,Clothing,Jeans,2,1871.27,0.0,3742.54,1010.48,Net Banking,Standard,3.1
1805,ORD102823,CUST1318,Sneha Agarwal,2025-03-25,Bengaluru,South,Electronics,Smart Watch,1,3260.41,0.15,2771.35,489.74,Cash on Delivery,Express,3.3
1806,ORD104082,CUST1562,Karan Mehta,2025-06-18,Lucknow,North,Sports,Yoga Mat,2,921.26,0.15,1566.14,295.99,Debit Card,Same Day,3.0
1807,ORD103277,CUST2010,Rohan Patel,2025-10-26,Lucknow,North,Home & Kitchen,Table Lamp,1,935.67,0.0,935.67,127.95,Net Banking,Standard,5.0
1808,ORD104263,CUST1300,Rohan Patel,2025-12-25,Mumbai,West,Beauty,Sunscreen,5,753.87,0.1,3392.41,870.49,Cash on Delivery,Standard,3.7
1809,ORD102812,CUST1762,Aditya Joshi,2025-10-03,mumbai,North,Clothing,T-Shirt,3,696.89,0.1,1881.6,249.05,Net Banking,Standard,4.4
1810,ORD103576,CUST2159,Priya Saxena,2025-12-20,Chennai,South,Beauty,Perfume,4,1181.83,0.1,4254.59,743.74,UPI,Express,3.4
1811,ORD100194,CUST1529,Karan Mehta,2025-08-23,Pune,West,Clothing,Sneakers,3,3219.23,0.3,6760.38,1712.94,Net Banking,Same Day,3.7
1812,ORD101474,CUST1751,Ananya Verma,2025-04-15,Kolkata,East,Electronics,Keyboard,3,1291.22,0.05,3679.98,594.85,UPI,Standard,3.6
1813,ORD102167,CUST1999,Aarav Sharma,2025-12-23,Chandigarh,North,Electronics,Keyboard,3,1310.8,0.05,3735.78,901.23,Credit Card,Express,4.2
1814,ORD101211,CUST1369,Aditya Joshi,2025-09-24,Lucknow,North,Electronics,Keyboard,1,1425.83,0.1,1283.25,247.42,Net Banking,Same Day,5.0
1815,ORD102867,CUST1689,Ananya Verma,2025-11-17,Kolkata,East,Electronics,Keyboard,5,1178.01,0.05,5595.55,725.87,UPI,Same Day,4.7
1816,ORD101657,CUST1984,Meera Mishra,2025-01-05,Mumbai,West,Clothing,Jeans,1,1711.49,0.1,1540.34,241.85,Debit Card,Express,3.7
1817,ORD102876,CUST1292,Priya Saxena,2025-05-10,Noida,North,Clothing,Hoodie,2,1468.79,0.0,2937.58,1016.86,Debit Card,Same Day,5.0
1818,ORD103055,CUST1489,Sneha Agarwal,2025-10-11,Chennai,South,Books,Novel,5,463.98,0.2,1855.92,409.0,Credit Card,Same Day,3.8
1819,ORD104955,CUST1319,Rahul Tiwari,2025-07-06,Delhi,North,Books,Novel,1,535.16,0.1,481.64,109.36,UPI,Same Day,4.7
1820,ORD102291,CUST1603,Diya Gupta,2025-01-30,Delhi,North,Books,Data Science Book,1,865.25,0.1,778.73,194.99,Cash on Delivery,Same Day,3.4
1821,ORD101888,CUST1675,Aarav Sharma,2025-12-14,Delhi,North,Electronics,Smart Watch,1,3821.93,0.05,3630.83,1222.42,Credit Card,Same Day,3.5
1822,ORD101893,CUST1953,Ishaan Kumar,2025-03-22,Ahmedabad,West,Sports,Football,3,934.31,0.0,2802.93,510.06,Net Banking,Standard,3.6
1823,ORD101130,CUST1155,Sneha Agarwal,2025-05-07,lucknow ,East,Books,Programming Book,1,1130.95,0.05,1074.4,285.78,UPI,Same Day,4.0
1824,ORD101461,CUST1902,Aarav Sharma,2025-07-19,Delhi,North,Electronics,Keyboard,1,1323.04,0.05,1256.89,140.44,Cash on Delivery,Express,4.4
1825,ORD100276,CUST1819,Rohan Patel,2025-12-06,Delhi,North,Sports,Yoga Mat,2,979.46,0.05,1860.97,351.33,Cash on Delivery,Express,3.1
1826,ORD104634,CUST1130,Arjun Singh,2025-07-03,Pune,West,Electronics,Keyboard,2,1213.3,0.2,1941.28,414.57,Credit Card,Same Day,4.4
1827,ORD102418,CUST1194,Meera Mishra,2025-08-28,Pune,West,Clothing,Hoodie,3,1627.88,0.15,4151.09,974.26,Credit Card,Same Day,2.9
1828,ORD103288,CUST1235,Rahul Tiwari,2025-07-17,Delhi,North,Home & Kitchen,Bedsheet,4,899.63,0.15,3058.74,998.27,Debit Card,Standard,5.0
1829,ORD102570,CUST1002,Aditya Joshi,2025-11-16,Noida,North,Clothing,T-Shirt,5,698.32,0.05,3317.02,838.95,Debit Card,Same Day,4.4
1830,ORD101302,CUST1388,Priya Saxena,2025-01-18,Delhi,North,Sports,Running Shoes,1,2863.96,0.1,2577.56,834.67,Credit Card,Standard,2.9
1831,ORD102547,CUST1098,Kavya Srivastava,2025-05-21,Chennai,South,Electronics,Keyboard,3,1300.23,0.2,3120.55,906.54,Debit Card,Standard,3.9
1832,ORD100222,CUST2143,Sneha Agarwal,2025-02-26,Bengaluru,South,Beauty,Perfume,2,1233.1,0.2,1972.96,360.16,Cash on Delivery,Same Day,3.6
1833,ORD104660,CUST1828,Aditya Joshi,2025-09-22,Ahmedabad,West,Books,Programming Book,5,1253.78,0.05,5955.45,1373.83,UPI,Express,3.4
1834,ORD103589,CUST1804,Ishaan Kumar,2025-06-10,Ahmedabad,West,Home & Kitchen,Coffee Maker,5,3305.05,0.15,14046.46,2976.68,Cash on Delivery,Standard,4.5
1835,ORD100573,CUST2125,Karan Mehta,2025-12-27,Noida,North,Clothing,Sneakers,3,3089.99,0.15,7879.47,1421.91,Net Banking,Standard,4.6
1836,ORD101236,CUST1119,Ananya Verma,2025-03-16,Chennai,South,Beauty,Perfume,2,1307.85,0.1,2354.13,259.4,UPI,Same Day,4.3
1837,ORD103585,CUST1312,Kavya Srivastava,2025-11-03,Pune,West,Clothing,Jeans,4,1698.93,0.05,6455.93,1818.98,Cash on Delivery,Express,3.4
1838,ORD102602,CUST2175,Diya Gupta,2025-05-27,Jaipur,North,Electronics,Wireless Mouse,1,862.42,0.25,646.81,179.98,Cash on Delivery,Express,4.7
1839,ORD102307,CUST1986,Rahul Tiwari,2025-07-05,Jaipur,North,Home & Kitchen,Coffee Maker,2,3839.7,0.05,7295.43,1455.32,Credit Card,Same Day,2.8
1841,ORD102487,CUST1082,Aarav Sharma,2025-09-21,Noida,North,Electronics,Headphones,2,2179.96,0.0,4359.92,667.23,Cash on Delivery,Same Day,3.4
1842,ORD100418,CUST1150,Ishaan Kumar,2025-04-27,Kolkata,East,Electronics,Smart Watch,4,3391.38,0.1,12208.97,3041.35,Cash on Delivery,Standard,3.3
1843,ORD100267,CUST1043,Ananya Verma,2025-12-06,Bengaluru,South,Beauty,Perfume,1,1193.61,0.3,835.53,244.41,Credit Card,Express,4.5
1844,ORD101104,CUST1607,Rohan Patel,2025-05-22,Mumbai,West,Home & Kitchen,Table Lamp,4,962.51,0.1,3465.04,405.02,Credit Card,Standard,4.2
1845,ORD100257,CUST2057,Meera Mishra,2025-12-06,Pune,West,Home & Kitchen,Table Lamp,1,899.43,0.25,674.57,111.11,Cash on Delivery,Same Day,3.0
1846,ORD100295,CUST1918,Diya Gupta,2025-07-10,Hyderabad,South,Electronics,Keyboard,1,1289.19,0.05,1224.73,216.01,Net Banking,Express,4.4
1847,ORD102389,CUST1252,Rahul Tiwari,2025-06-25,Chennai,South,Electronics,Headphones,1,2137.44,0.1,1923.7,568.79,Net Banking,Standard,3.6
1848,ORD100386,CUST1526,Arjun Singh,2025-08-22,Ahmedabad,West,Books,Programming Book,1,1241.21,0.05,1179.15,308.47,UPI,Same Day,4.1
1849,ORD103347,CUST1168,Aditi Malhotra,2025-10-31,Ahmedabad,West,Electronics,Keyboard,5,1278.49,0.1,5753.2,855.88,Credit Card,Standard,4.8
1850,ORD103127,CUST1248,Arjun Singh,2025-08-07,Lucknow,North,Beauty,Sunscreen,2,738.49,0.15,1255.43,372.77,Debit Card,Same Day,2.9
1851,ORD102402,CUST1976,Aarav Sharma,2025-09-27,Lucknow,North,Books,Data Science Book,1,849.96,0.05,807.46,82.43,Cash on Delivery,Express,4.6
1852,ORD102274,CUST1084,Ishaan Kumar,2025-10-14,Mumbai,West,Books,Data Science Book,5,935.72,0.1,4210.74,1395.76,Cash on Delivery,Standard,4.6
1853,ORD104354,CUST1266,Kavya Srivastava,2025-03-27,Bengaluru,South,Books,Programming Book,1,1184.59,0.15,1006.9,130.05,UPI,Standard,4.1
1854,ORD104985,CUST1683,Priya Saxena,2025-01-13,Chennai,South,Sports,Yoga Mat,2,896.7,0.05,1703.73,491.0,Credit Card,Express,3.9
1855,ORD101881,CUST1668,Aditya Joshi,2025-04-27,Jaipur,North,Electronics,Smart Watch,2,3595.11,0.05,6830.71,2041.37,UPI,Same Day,5.0
1856,ORD104403,CUST1757,Kavya Srivastava,2025-02-12,Kolkata,East,Electronics,Headphones,5,1902.36,0.05,9036.21,2683.64,UPI,Express,2.5
1857,ORD101563,CUST1601,Meera Mishra,2025-08-31,Chennai,South,Clothing,T-Shirt,1,674.22,0.1,606.8,73.27,Credit Card,Express,3.9
1858,ORD101935,CUST1135,Ananya Verma,2025-07-05,Ahmedabad,West,Electronics,Wireless Mouse,1,764.76,0.25,573.57,192.73,Net Banking,Same Day,4.2
1859,ORD101400,CUST2095,Rohan Patel,2025-01-20,Noida,North,Clothing,Hoodie,2,1596.66,0.15,2714.32,672.99,UPI,Same Day,2.5
1860,ORD100712,CUST1882,Rahul Tiwari,2025-10-29,Mumbai,West,Home & Kitchen,Coffee Maker,2,3846.63,0.0,7693.26,962.29,Credit Card,Standard,4.5
1861,ORD102377,CUST1362,Aarav Sharma,2025-12-11,Pune,West,Sports,Football,3,1085.65,0.3,2279.87,317.17,Cash on Delivery,Express,4.9
1863,ORD100209,CUST1193,Rahul Tiwari,2025-11-16,Pune,West,Sports,Football,1,1004.49,0.15,853.82,260.52,Cash on Delivery,Standard,4.5
1864,ORD104770,CUST1541,Kavya Srivastava,2025-11-07,Bengaluru,South,Clothing,Jeans,1,1673.23,0.0,1673.23,524.33,Credit Card,Express,4.7
1865,ORD101289,CUST1799,Kavya Srivastava,2025-05-23,Noida,North,Sports,Football,1,1066.53,0.1,959.88,231.49,Credit Card,Same Day,3.9
1866,ORD102758,CUST2190,Priya Saxena,2025-03-11,Pune,West,Sports,Football,2,915.73,0.05,1739.89,439.6,Debit Card,Same Day,3.7
1867,ORD102025,CUST1633,Ananya Verma,2025-09-13,Mumbai,West,Sports,Running Shoes,4,2975.21,0.0,11900.84,1717.81,Cash on Delivery,Express,2.9
1868,ORD100449,CUST1621,Aditya Joshi,2025-03-14,Mumbai,West,ELECTRONICS,Jeans,2,1700.34,0.15,2890.58,525.73,UPI,Same Day,5.0
1869,ORD104111,CUST1172,Priya Saxena,2025-06-02,Lucknow,North,Home & Kitchen,Coffee Maker,3,3591.58,0.0,10774.74,3244.78,Cash on Delivery,Express,3.8
1870,ORD102600,CUST1455,Ananya Verma,2025-02-21,Mumbai,West,Clothing,Sneakers,3,2737.49,0.05,7801.85,2316.62,Net Banking,Standard,4.8
1871,ORD101820,CUST1891,Priya Saxena,2025-11-14,Kolkata,East,Sports,Running Shoes,5,3034.55,0.25,11379.56,3663.9,Cash on Delivery,Standard,3.7
1872,ORD100958,CUST1804,Priya Saxena,2025-03-24,Hyderabad,South,Home & Kitchen,Bedsheet,5,948.52,0.1,4268.34,765.92,Credit Card,Standard,3.2
1873,ORD101793,CUST2025,Aarav Sharma,2025-08-23,Lucknow,North,Sports,Football,1,1005.97,0.1,905.37,166.13,Cash on Delivery,Same Day,3.6
1874,ORD102268,CUST1690,Ishaan Kumar,2025-01-25,Lucknow,North,Electronics,Smart Watch,2,3735.79,0.0,7471.58,2286.44,Net Banking,Standard,4.4
1875,ORD100654,CUST1704,Karan Mehta,2025-01-23,Pune,West,Electronics,Keyboard,3,1236.16,0.15,3152.21,907.62,Net Banking,Express,3.6
1876,ORD104981,CUST2150,Sneha Agarwal,2025-03-11,Bengaluru,South,Beauty,Perfume,3,1208.81,0.0,3626.43,1015.24,Credit Card,Standard,4.4
1877,ORD103896,CUST1916,Ishaan Kumar,2025-06-13,Chandigarh,North,Home & Kitchen,Table Lamp,2,984.34,0.0,1968.68,234.62,Cash on Delivery,Standard,2.8
1879,ORD101760,CUST1591,Aditi Malhotra,2025-04-13,Pune,West,Sports,Yoga Mat,1,881.03,0.1,792.93,206.34,Net Banking,Standard,2.8
1880,ORD103185,CUST1438,Aarav Sharma,2025-05-31,Kolkata,East,Books,Novel,2,525.99,0.0,1051.98,263.88,UPI,Standard,5.0
1881,ORD102776,CUST1359,Arjun Singh,2025-05-28,Pune,West,Beauty,Face Wash,2,372.3,0.05,707.37,121.16,Net Banking,Standard,3.8
1882,ORD102650,CUST1655,Rohan Patel,2025-05-17,Jaipur,North,Clothing,T-Shirt,2,642.71,0.05,1221.15,272.76,Net Banking,Same Day,4.6
1883,ORD100411,CUST1565,Aditya Joshi,2025-09-20,Noida,North,Sports,Yoga Mat,1,817.62,0.0,817.62,86.97,Credit Card,Standard,4.6
1884,ORD101774,CUST1781,Aditya Joshi,2025-03-15,Ahmedabad,West,Home & Kitchen,Coffee Maker,2,3287.03,0.1,5916.65,1989.39,Credit Card,Express,3.9
1885,ORD102191,CUST1794,Aditi Malhotra,2025-12-24,Mumbai,West,Electronics,Headphones,1,1960.54,0.05,1862.51,264.95,Net Banking,Same Day,3.7
1887,ORD102407,CUST1915,Meera Mishra,2025-10-13,Ahmedabad,West,Books,Data Science Book,1,922.1,0.1,829.89,114.87,Net Banking,Standard,5.0
1888,ORD104472,CUST1172,Meera Mishra,2025-01-18,Chandigarh,North,Books,Novel,1,538.86,0.05,511.92,106.07,Cash on Delivery,Same Day,3.6
1889,ORD104530,CUST1606,Sneha Agarwal,2025-02-05,Ahmedabad,West,Books,Novel,5,478.3,0.1,2152.35,217.02,Credit Card,Standard,2.3
1890,ORD104794,CUST1546,Ananya Verma,2025-03-10,Jaipur,North,Clothing,Jeans,1,1624.85,0.1,1462.37,363.41,Credit Card,Express,3.6
1891,ORD103745,CUST2110,Aditi Malhotra,2025-09-21,Chennai,South,Electronics,Headphones,2,2082.91,0.1,3749.24,447.88,Cash on Delivery,Standard,5.0
1892,ORD103917,CUST2150,Aarav Sharma,2025-03-04,MUMBAI,North,Beauty,Perfume,1,1260.45,0.0,1260.45,299.62,Net Banking,Same Day,3.6
1893,ORD102700,CUST1850,Arjun Singh,2025-12-21,Pune,West,Home & Kitchen,Coffee Maker,1,3566.08,0.1,3209.47,461.59,Cash on Delivery,Express,4.8
1894,ORD103599,CUST1771,Karan Mehta,2025-04-04,Jaipur,North,Beauty,Perfume,1,1306.14,0.1,1175.53,388.11,Net Banking,Express,3.1
1895,ORD101973,CUST1232,Ananya Verma,2025-12-08,Hyderabad,South,Electronics,Keyboard,4,1325.86,0.0,5303.44,1504.01,UPI,Same Day,4.9
1896,ORD103407,CUST1810,Aditya Joshi,2025-12-20,Kolkata,East,Electronics,Keyboard,5,1428.25,0.1,6427.12,894.35,Debit Card,Express,3.8
1897,ORD101971,CUST1166,Rahul Tiwari,2025-06-25,Ahmedabad,West,Home & Kitchen,Cookware Set,2,2458.43,0.0,4916.86,1386.31,Debit Card,Standard,3.9
1898,ORD103611,CUST1411,Diya Gupta,2025-11-10,Lucknow,North,Home & Kitchen,Coffee Maker,2,3496.33,0.0,6992.66,1624.35,COD,Express,4.4
1899,ORD100430,CUST1308,Rohan Patel,2025-12-09,Ahmedabad,West,Books,Data Science Book,1,971.33,0.0,971.33,289.42,Debit Card,Same Day,3.9
1900,ORD104633,CUST1328,Ishaan Kumar,2025-08-26,Noida,North,Clothing,Hoodie,2,1633.23,0.1,2939.81,939.92,UPI,Express,4.8
1901,ORD104709,CUST1783,Ananya Verma,2025-04-27,Jaipur,North,Home & Kitchen,Coffee Maker,5,3642.08,0.2,14568.32,1513.38,Cash on Delivery,Same Day,4.7
1902,ORD101366,CUST1956,Meera Mishra,2025-03-21,lucknow ,North,Clothing,Sneakers,1,2811.58,0.25,2108.68,574.19,Cash on Delivery,Standard,4.1
1903,ORD102036,CUST1124,Aarav Sharma,2025-02-06,Jaipur,North,Electronics,Headphones,1,2012.98,0.15,1711.03,307.94,Credit Card,Express,3.7
1904,ORD102887,CUST1255,Ishaan Kumar,2025-04-09,Bengaluru,South,Electronics,Headphones,2,1954.75,0.1,3518.55,909.58,Cash on Delivery,Standard,2.9
1905,ORD101176,CUST1628,Sneha Agarwal,2025-07-08,Ahmedabad,West,Home & Kitchen,Table Lamp,1,841.02,0.1,756.92,255.14,Credit Card,Standard,3.2
1906,ORD103372,CUST1316,Sneha Agarwal,2025-06-19,Hyderabad,South,Home & Kitchen,Cookware Set,4,2592.96,0.1,9334.66,1925.48,UPI,Same Day,3.2
1907,ORD101476,CUST1626,Rohan Patel,2025-11-09,Chennai,South,Books,Novel,1,512.5,0.1,461.25,98.35,Net Banking,Same Day,4.1
1908,ORD103957,CUST1554,Aditya Joshi,2025-12-01,Chandigarh,North,Electronics,Keyboard,1,1171.58,0.1,1054.42,106.33,Net Banking,Express,3.5
1909,ORD102072,CUST1058,Arjun Singh,2025-07-17,Bengaluru,South,Books,Data Science Book,3,829.12,0.0,2487.36,258.14,Credit Card,Standard,4.1
1910,ORD100102,CUST1227,Aarav Sharma,2025-08-06,Lucknow,North,Beauty,Face Wash,2,382.62,0.15,650.45,201.03,UPI,Express,4.7
1912,ORD104009,CUST2098,Aditya Joshi,2025-07-07,Bengaluru,South,Clothing,Sneakers,5,3223.61,0.15,13700.34,3343.32,Debit Card,Standard,4.6
1913,ORD101263,CUST2076,Aarav Sharma,2025-09-26,Mumbai,West,Clothing,Jeans,1,1864.25,0.05,1771.04,197.6,Credit Card,Same Day,3.1
1914,ORD102917,CUST1851,Kavya Srivastava,2025-05-08,Hyderabad,South,Books,Data Science Book,3,968.63,0.0,2905.89,973.21,Debit Card,Express,4.9
1915,ORD104707,CUST1181,Aditi Malhotra,2025-06-04,Mumbai,West,Clothing,Hoodie,1,1515.79,0.1,1364.21,340.12,UPI,Same Day,3.6
1916,ORD102399,CUST1152,Meera Mishra,2025-09-19,Jaipur,North,Electronics,Keyboard,5,1197.38,0.1,5388.21,883.91,Cash on Delivery,Express,4.7
1917,ORD103098,CUST1280,Karan Mehta,2025-11-02,Mumbai,West,Clothing,Sneakers,1,2995.78,0.0,2995.78,569.05,Net Banking,Same Day,5.0
1918,ORD102813,CUST1795,Ananya Verma,2025-12-16,Mumbai,West,Sports,Yoga Mat,5,874.41,0.1,3934.85,762.86,Debit Card,Express,4.2
1919,ORD103338,CUST1424,Diya Gupta,2025-04-19,Jaipur,North,Home & Kitchen,Cookware Set,5,2376.66,0.05,11289.13,2430.25,Cash on Delivery,Express,4.6
1920,ORD103209,CUST1078,Ananya Verma,2025-09-29,Pune,West,Beauty,Sunscreen,1,630.51,0.0,630.51,78.75,Cash on Delivery,Express,3.8
1921,ORD104713,CUST1334,Aditya Joshi,2025-06-07,Lucknow,North,Home & Kitchen,Table Lamp,1,823.66,0.1,741.29,178.06,Debit Card,Same Day,4.3
1922,ORD101643,CUST1129,Aditya Joshi,2025-06-19,Noida,North,Sports,Football,3,1084.68,0.0,3254.04,474.66,UPI,Standard,3.8
1923,ORD104524,CUST1684,Arjun Singh,2025-07-27,Noida,North,Home & Kitchen,Coffee Maker,1,3364.63,0.15,2859.94,385.24,Cash on Delivery,Same Day,4.2
1924,ORD100000,CUST1631,Aditi Malhotra,2025-06-10,Ahmedabad,West,Electronics,Keyboard,3,1392.16,0.15,3550.01,438.58,Cash on Delivery,Same Day,3.8
1925,ORD101580,CUST1627,Aditya Joshi,2025-03-08,Bengaluru,South,Sports,Football,1,917.87,0.15,780.19,123.5,Cash on Delivery,Same Day,4.5
1926,ORD104441,CUST1236,Karan Mehta,2025-03-20,Kolkata,East,Beauty,Sunscreen,1,718.49,0.05,682.57,202.67,Credit Card,Standard,3.6
1927,ORD104498,CUST1759,Karan Mehta,2025-12-28,Lucknow,North,Clothing,Sneakers,5,2895.33,0.1,13028.99,2975.69,Credit Card,Same Day,3.4
1928,ORD101356,CUST1448,Karan Mehta,2025-02-08,Ahmedabad,West,Electronics,Headphones,5,2141.73,0.15,9102.35,2870.34,Net Banking,Standard,3.8
1929,ORD103431,CUST1732,Priya Saxena,2025-02-19,Pune,West,Clothing,Jeans,1,1762.19,0.1,1585.97,527.64,Net Banking,Express,3.3
1930,ORD103648,CUST1753,Aditi Malhotra,2025-03-31,Chennai,South,Clothing,Hoodie,1,1546.63,0.0,1546.63,462.12,Credit Card,Standard,5.0
1931,ORD104340,CUST1108,Karan Mehta,2025-07-11,Delhi,North,Sports,Running Shoes,5,3215.01,0.0,16075.05,4531.48,Net Banking,Same Day,4.7
1932,ORD102063,CUST1747,Aarav Sharma,2025-02-01,Chennai,South,Clothing,T-Shirt,2,658.67,0.1,1185.61,194.91,UPI,Same Day,3.2
1933,ORD102245,CUST1465,Kavya Srivastava,2025-01-22,Pune,West,Electronics,Keyboard,1,1186.43,0.1,1067.79,352.0,Debit Card,Express,4.2
1934,ORD100396,CUST1173,Arjun Singh,2025-01-22,Mumbai,West,Beauty,Sunscreen,1,640.36,0.15,544.31,172.01,Debit Card,Standard,3.5
1935,ORD103501,CUST1208,Arjun Singh,2025-08-24,Hyderabad,South,Electronics,Smart Watch,1,3211.73,0.2,2569.38,878.16,Net Banking,Express,4.4
1936,ORD101064,CUST1632,Meera Mishra,2025-01-03,Mumbai,West,Electronics,Keyboard,2,1250.71,0.25,1876.07,347.97,Net Banking,Same Day,3.6
1937,ORD102388,CUST1926,Ananya Verma,2025-07-02,Delhi,North,Sports,Football,1,1005.38,0.15,854.57,145.83,Cash on Delivery,Same Day,4.8
1938,ORD103258,CUST1437,Rohan Patel,2025-03-04,Pune,West,Sports,Football,4,1090.63,0.15,3708.14,1056.38,UPI,Standard,4.7
1939,ORD100818,CUST2078,Sneha Agarwal,2025-08-14,Jaipur,North,Beauty,Perfume,2,1402.49,0.15,2384.23,555.81,Credit Card,Express,3.5
1940,ORD101812,CUST1306,Aditi Malhotra,2025-12-26,Hyderabad,South,Clothing,Hoodie,2,1634.87,0.15,2779.28,828.01,Net Banking,Express,4.0
1941,ORD102583,CUST1111,Kavya Srivastava,2025-03-23,Pune,West,Sports,Yoga Mat,1,813.94,0.1,732.55,192.18,Cash on Delivery,Express,4.7
1942,ORD101552,CUST2121,Karan Mehta,2025-11-02,Bengaluru,South,Home & Kitchen,Cookware Set,2,2594.46,0.15,4410.58,1023.35,UPI,Standard,4.4
1943,ORD103760,CUST1532,Aditya Joshi,2025-03-20,Mumbai,West,Home & Kitchen,Coffee Maker,2,3173.01,0.15,5394.12,707.79,Credit Card,Standard,4.2
1944,ORD100816,CUST1524,Priya Saxena,2025-11-03,Mumbai,West,Clothing,Sneakers,1,2746.21,0.0,2746.21,536.19,Cash on Delivery,Standard,4.0
1946,ORD104319,CUST2069,Diya Gupta,2025-09-22,Mumbai,West,Home & Kitchen,Cookware Set,1,2361.31,0.2,1889.05,582.21,UPI,Same Day,4.7
1947,ORD101800,CUST2036,Ishaan Kumar,2025-08-24,Mumbai,West,Clothing,Jeans,5,1664.26,0.0,8321.3,2110.41,Cash on Delivery,Same Day,3.6
1948,ORD104306,CUST1128,Aditya Joshi,2025-11-20,Hyderabad,South,Home & Kitchen,Cookware Set,1,2710.27,0.2,2168.22,437.7,UPI,Standard,3.9
1949,ORD100381,CUST1171,Rahul Tiwari,2025-05-17,Chennai,South,Electronics,Smart Watch,1,3461.23,0.1,3115.11,453.2,UPI,Express,3.8
1950,ORD102910,CUST1382,Aarav Sharma,2025-01-05,Kolkata,East,Clothing,Hoodie,1,1616.61,0.0,1616.61,549.96,Cash on Delivery,Standard,3.3
1951,ORD103867,CUST1648,Kavya Srivastava,2025-10-02,Ahmedabad,West,Books,Data Science Book,5,971.35,0.1,4371.07,1479.04,Cash on Delivery,Standard,4.3
1952,ORD103799,CUST2119,Priya Saxena,2025-05-30,Lucknow,North,Books,Programming Book,2,1197.6,0.1,2155.68,566.2,Cash on Delivery,Standard,5.0
1953,ORD103544,CUST1870,Rohan Patel,2025-11-16,Pune,West,Electronics,Keyboard,5,1229.44,0.0,6147.2,1461.76,Net Banking,Standard,5.0
1954,ORD102339,CUST2053,Rohan Patel,2025-11-19,Mumbai,West,Home & Kitchen,Coffee Maker,1,3626.43,0.2,2901.14,634.95,Credit Card,Standard,3.3
1956,ORD103938,CUST2050,Meera Mishra,2025-02-28,Noida,North,Sports,Running Shoes,3,2699.26,0.1,7288.0,985.31,Credit Card,Standard,4.9
1958,ORD102361,CUST1698,Arjun Singh,2025-07-29,Bengaluru,South,Clothing,Hoodie,2,1466.46,0.2,2346.34,634.81,UPI,Express,3.6
1959,ORD100864,CUST2126,Rohan Patel,2025-07-25,Chennai,South,Electronics,Wireless Mouse,5,729.94,0.05,3467.22,960.61,Debit Card,Express,5.0
1960,ORD103384,CUST2114,Rohan Patel,2025-07-09,Lucknow,North,Home & Kitchen,Bedsheet,1,1059.5,0.0,1059.5,312.4,UPI,Same Day,4.1
1961,ORD104986,CUST1139,Arjun Singh,2025-07-29,Jaipur,North,Home & Kitchen,Coffee Maker,2,3593.57,0.25,5390.36,874.75,UPI,Standard,4.3
1962,ORD100554,CUST1395,Meera Mishra,2025-11-04,Lucknow,North,Beauty,Face Wash,1,436.8,0.15,371.28,98.43,Credit Card,Express,4.1
1963,ORD101159,CUST1654,Priya Saxena,2025-03-31,Hyderabad,South,Sports,Yoga Mat,1,911.58,0.0,911.58,197.22,Debit Card,Same Day,3.0
1964,ORD101213,CUST1346,Meera Mishra,2025-01-09,Chandigarh,North,Books,Data Science Book,3,841.54,0.15,2145.93,568.41,Debit Card,Express,3.7
1965,ORD102231,CUST2006,Aarav Sharma,2025-07-02,Pune,West,Beauty,Sunscreen,5,764.48,0.05,3631.28,1064.93,UPI,Express,4.2
1966,ORD103641,CUST1660,Aditya Joshi,2025-08-02,Hyderabad,South,Sports,Football,3,1057.48,0.1,2855.2,995.87,Debit Card,Standard,4.5
1967,ORD100048,CUST1147,Ananya Verma,2025-12-14,Kolkata,East,Electronics,Wireless Mouse,4,738.03,0.2,2361.7,612.31,Debit Card,Express,3.7
1968,ORD102395,CUST1804,Diya Gupta,2025-12-02,Chennai,South,Electronics,Keyboard,2,1350.15,0.25,2025.23,369.03,Net Banking,Standard,4.8
1969,ORD100700,CUST2111,Aarav Sharma,2025-06-11,Lucknow,North,Sports,Football,3,961.39,0.15,2451.54,621.81,Net Banking,Express,4.5
1970,ORD100652,CUST1764,Meera Mishra,2025-08-17,Kolkata,East,Beauty,Face Wash,2,373.79,0.0,747.58,156.55,Credit Card,Standard,3.5
1971,ORD103194,CUST1361,Diya Gupta,2025-09-10,Noida,North,Clothing,Sneakers,2,2841.9,0.0,5683.8,1540.08,Credit Card,Standard,3.4
1972,ORD103105,CUST2047,Meera Mishra,2025-04-07,Ahmedabad,West,Beauty,Perfume,1,1309.72,0.05,1244.23,140.0,Credit Card,Express,3.7
1973,ORD103350,CUST1960,Meera Mishra,2025-08-07,Kolkata,East,Sports,Yoga Mat,2,889.82,0.15,1512.69,210.52,Debit Card,Express,4.2
1974,ORD100748,CUST1463,Rahul Tiwari,2025-08-28,Pune,West,Electronics,Smart Watch,2,3746.83,0.15,6369.61,2002.03,Net Banking,Same Day,4.1
1975,ORD101455,CUST1199,Aditi Malhotra,2025-10-11,Pune,West,Electronics,Headphones,2,1801.2,0.05,3422.28,595.85,Credit Card,Express,2.8
1976,ORD104213,CUST1738,Aditya Joshi,2025-01-17,Hyderabad,South,Clothing,Jeans,4,1901.96,0.05,7227.45,1499.22,Net Banking,Standard,3.2
1977,ORD102111,CUST1412,Aditi Malhotra,2025-01-31,Chennai,South,Beauty,Perfume,3,1392.26,0.1,3759.1,585.42,Debit Card,Same Day,4.9
1978,ORD103270,CUST2161,Arjun Singh,2025-12-23,Delhi,North,Books,Programming Book,4,1125.75,0.0,4503.0,1399.92,Debit Card,Standard,3.7
1979,ORD100866,CUST2163,Meera Mishra,2025-08-19,Delhi,North,Clothing,Sneakers,5,3129.11,0.1,14081.0,2422.67,UPI,Express,3.5
1980,ORD100752,CUST1900,Rahul Tiwari,2025-03-22,Bengaluru,South,Electronics,Smart Watch,3,3447.12,0.1,9307.22,943.75,Net Banking,Same Day,3.6
1981,ORD101644,CUST1875,Arjun Singh,2025-01-28,Delhi,North,Beauty,Face Wash,2,419.2,0.05,796.48,274.47,UPI,Express,3.980060240963855
1982,ORD100092,CUST1329,Rohan Patel,2025-02-10,Lucknow,North,Electronics,Smart Watch,1,3752.86,0.0,3752.86,852.06,UPI,Standard,4.5
1983,ORD102859,CUST2022,Aarav Sharma,2025-05-05,Hyderabad,South,Beauty,Face Wash,4,364.56,0.15,1239.5,137.89,Debit Card,Standard,4.5
1984,ORD103138,CUST1340,Aarav Sharma,2025-02-13,Bengaluru,South,Home & Kitchen,Table Lamp,3,883.29,0.1,2384.88,824.64,Debit Card,Express,3.980060240963855
1985,ORD104760,CUST2024,Sneha Agarwal,2025-07-11,Jaipur,North,Beauty,Perfume,1,1252.06,0.05,1189.46,143.74,UPI,Standard,2.2
1986,ORD102663,CUST1689,Aditi Malhotra,2025-11-10,Chandigarh,North,Clothing,T-Shirt,1,675.72,0.05,641.93,132.47,UPI,Express,4.4
1987,ORD101490,CUST1234,Rahul Tiwari,2025-11-05,Noida,North,Home & Kitchen,Cookware Set,1,2578.99,0.15,2192.14,289.47,Debit Card,Standard,4.7
1988,ORD103410,CUST1310,Arjun Singh,2025-06-27,Noida,North,Sports,Yoga Mat,2,973.48,0.25,1460.22,373.66,Net Banking,Standard,3.3
1989,ORD103674,CUST1779,Aditya Joshi,2025-10-12,Noida,North,Clothing,Jeans,2,1668.89,0.1,3004.0,604.7,UPI,Same Day,4.3
1990,ORD100729,CUST1535,Meera Mishra,2025-01-16,Bengaluru,South,Sports,Football,2,1063.09,0.1,1913.56,437.11,Net Banking,Standard,5.0
1991,ORD104130,CUST1216,Arjun Singh,2025-02-23,Chandigarh,North,Electronics,Wireless Mouse,1,833.7,0.05,792.01,178.59,Credit Card,Standard,4.5
1992,ORD102977,CUST1062,Aditya Joshi,2025-02-18,Delhi,North,Clothing,Jeans,1,1775.86,0.15,1509.48,321.84,Net Banking,Express,4.7
1993,ORD102269,CUST1273,Aarav Sharma,2025-05-10,Lucknow,North,Books,Programming Book,5,1279.42,0.2,5117.68,590.56,UPI,Standard,3.9
1994,ORD101936,CUST1682,Kavya Srivastava,2025-07-09,Delhi,North,Home & Kitchen,Bedsheet,2,906.08,0.1,1630.94,543.59,Debit Card,Express,3.6
1995,ORD101745,CUST2160,Diya Gupta,2025-06-20,Mumbai,West,Electronics,Wireless Mouse,1,811.36,0.15,689.66,185.72,Credit Card,Standard,5.0
1996,ORD102515,CUST1713,Karan Mehta,2025-04-21,Ahmedabad,West,Books,Programming Book,1,1257.59,0.0,1257.59,361.49,Cash on Delivery,Same Day,4.5
1997,ORD103317,CUST1288,Sneha Agarwal,2025-01-04,Noida,North,Clothing,T-Shirt,2,632.29,0.15,1074.89,163.76,Debit Card,Express,4.5
1998,ORD103532,CUST1168,Aditi Malhotra,2025-08-17,Ahmedabad,West,Beauty,Perfume,1,1234.17,0.25,925.63,300.47,Cash on Delivery,Express,4.8
1999,ORD101957,CUST1686,Ishaan Kumar,2025-08-19,Ahmedabad,West,Clothing,T-Shirt,4,643.15,0.1,2315.34,796.51,Credit Card,Standard,4.9
2000,ORD101110,CUST1897,Kavya Srivastava,2025-03-27,Pune,West,Sports,Yoga Mat,3,875.36,0.1,2363.47,603.07,Cash on Delivery,Express,3.8
2001,ORD103377,CUST1955,Aarav Sharma,2025-01-23,Hyderabad,South,Books,Data Science Book,3,864.76,0.15,2205.14,717.76,Cash on Delivery,Standard,2.9
2002,ORD104077,CUST1102,Rahul Tiwari,2025-10-11,Jaipur,North,Home & Kitchen,Cookware Set,4,2564.81,0.15,8720.35,2417.39,Credit Card,Standard,4.0
2003,ORD104490,CUST1347,Karan Mehta,2025-06-18,Mumbai,West,Clothing,T-Shirt,1,641.67,0.1,577.5,177.06,UPI,Express,4.5
2004,ORD104475,CUST2009,Rahul Tiwari,2025-05-03,Mumbai,West,Electronics,Headphones,3,2197.56,0.15,5603.78,947.44,Credit Card,Standard,5.0
2005,ORD100346,CUST1377,Diya Gupta,2025-02-12,Delhi,North,Home & Kitchen,Table Lamp,2,827.68,0.15,1407.06,264.32,Cash on Delivery,Same Day,3.6
2006,ORD101185,CUST1559,Arjun Singh,2025-08-04,Lucknow,North,Electronics,Keyboard,1,1282.44,0.05,1218.32,367.75,Debit Card,Same Day,3.9
2007,ORD104051,CUST1927,Priya Saxena,2025-09-29,Kolkata,East,Home & Kitchen,Coffee Maker,3,3827.51,0.05,10908.4,1763.68,Credit Card,Standard,4.3
2008,ORD101515,CUST1624,Ananya Verma,2025-09-15,Jaipur,North,Home & Kitchen,Cookware Set,3,2301.04,0.2,5522.5,1539.76,UPI,Same Day,3.8
2009,ORD104689,CUST1619,Aarav Sharma,2025-05-11,Kolkata,East,Beauty,Perfume,2,1234.31,0.1,2221.76,322.06,Credit Card,Standard,4.3
2010,ORD100578,CUST1829,Karan Mehta,2025-06-22,Lucknow,North,Electronics,Headphones,1,1814.68,0.05,1723.95,601.14,UPI,Standard,4.2
2011,ORD101964,CUST1663,Kavya Srivastava,2025-04-19,Bengaluru,South,Beauty,Perfume,1,1427.21,0.1,1284.49,292.45,Net Banking,Standard,4.0
2012,ORD100075,CUST1971,Rohan Patel,2025-10-13,Noida,North,Clothing,Jeans,2,1930.98,0.0,3861.96,1093.33,Cash on Delivery,Express,4.2
2013,ORD101429,CUST1373,Rahul Tiwari,2025-09-26,Chennai,South,Books,Programming Book,1,1182.76,0.05,1123.62,341.55,Credit Card,Express,3.0
2014,ORD103633,CUST1384,Ishaan Kumar,2025-08-24,Kolkata,East,Sports,Running Shoes,1,2864.11,0.05,2720.9,876.38,UPI,Express,4.7
2015,ORD104449,CUST1160,Rahul Tiwari,2025-11-24,Delhi,North,Electronics,Keyboard,2,1255.96,0.1,2260.73,601.2,Credit Card,Express,4.0
2016,ORD104570,CUST1660,Aditya Joshi,2025-06-08,Ahmedabad,West,Electronics,Wireless Mouse,2,726.09,0.05,1379.57,443.25,Net Banking,Express,4.6
2017,ORD104972,CUST1950,Sneha Agarwal,2025-04-03,Delhi,North,Electronics,Keyboard,5,1319.78,0.05,6268.95,961.33,Net Banking,Express,5.0
2018,ORD101846,CUST1234,Ananya Verma,2025-12-05,Lucknow,North,Clothing,Sneakers,4,2859.43,0.2,9150.18,942.72,Debit Card,Express,4.1
2019,ORD100131,CUST1889,Arjun Singh,2025-02-20,Bengaluru,South,Sports,Yoga Mat,4,860.08,0.15,2924.27,957.94,Net Banking,Express,2.5
2022,ORD104485,CUST1924,Sneha Agarwal,2025-01-06,Mumbai,West,Electronics,Smart Watch,2,3642.62,0.0,7285.24,1546.61,Debit Card,Standard,4.6
2023,ORD102892,CUST2062,Priya Saxena,2025-06-17,Mumbai,West,Sports,Football,2,1033.51,0.0,2067.02,481.24,UPI,Express,3.7
2024,ORD102552,CUST1400,Rohan Patel,2025-10-29,Chennai,South,Home & Kitchen,Bedsheet,4,1047.77,0.25,3143.31,828.31,UPI,Same Day,4.6
2025,ORD101842,CUST2013,Aditya Joshi,2025-04-01,Ahmedabad,West,Clothing,Jeans,1,1949.4,0.0,1949.4,466.23,upi,Express,3.5
2026,ORD102124,CUST2138,Aarav Sharma,2025-12-30,Kolkata,East,Clothing,Jeans,2,1653.21,0.2,2645.14,519.3,UPI,Express,4.3
2027,ORD102569,CUST1627,Ishaan Kumar,2025-08-16,Noida,North,Beauty,Sunscreen,3,751.21,0.05,2140.95,362.89,Debit Card,Standard,5.0
2028,ORD102809,CUST1626,Diya Gupta,2025-09-11,Pune,West,Clothing,Sneakers,1,2862.29,0.15,2432.95,840.76,UPI,Same Day,2.7
2029,ORD100604,CUST2036,Ananya Verma,2025-03-15,Ahmedabad,West,Beauty,Face Wash,1,417.46,0.15,354.84,46.6,UPI,Same Day,4.6
2030,ORD104471,CUST2116,Rohan Patel,2025-08-20,Noida,North,Sports,Yoga Mat,5,933.55,0.2,3734.2,1161.2,Credit Card,Standard,3.2
2031,ORD100025,CUST1209,Diya Gupta,2025-12-21,Ahmedabad,West,Sports,Football,1,999.15,0.0,999.15,103.4,Credit Card,Standard,4.5
2032,ORD100658,CUST1728,Meera Mishra,2025-05-19,Noida,North,Sports,Football,1,939.0,0.0,939.0,278.17,Net Banking,Standard,2.7
2033,ORD101896,CUST1651,Aarav Sharma,2025-04-11,Kolkata,East,Electronics,Wireless Mouse,1,791.3,0.1,712.17,208.93,Cash on Delivery,Express,4.6
2034,ORD103357,CUST1987,Aarav Sharma,2025-11-05,Bengaluru,South,Clothing,T-Shirt,3,645.2,0.1,1742.04,429.51,Credit Card,Same Day,2.2
2035,ORD102210,CUST1676,Sneha Agarwal,2025-03-01,Ahmedabad,West,Electronics,Wireless Mouse,2,868.2,0.3,1215.48,158.74,Net Banking,Express,3.9
2036,ORD100173,CUST1005,Priya Saxena,2025-12-08,Lucknow,North,Home & Kitchen,Coffee Maker,1,3735.17,0.0,3735.17,429.38,Net Banking,Standard,3.7
2037,ORD101611,CUST2164,Ananya Verma,2025-12-13,Mumbai,West,Electronics,Smart Watch,3,3217.66,0.15,8205.03,944.74,Cash on Delivery,Express,3.5
2038,ORD100437,CUST2099,Aditya Joshi,2025-12-27,Kolkata,East,Books,Novel,1,546.03,0.2,436.82,126.17,Net Banking,Standard,3.5
2039,ORD100331,CUST1219,Rohan Patel,2025-11-03,Mumbai,West,Beauty,Perfume,1,1272.12,0.1,1144.91,184.9,Debit Card,Same Day,3.9
2040,ORD103137,CUST1912,Rahul Tiwari,2025-11-12,Ahmedabad,West,Books,Programming Book,1,1099.87,0.2,879.9,190.51,UPI,Express,3.5
2041,ORD101454,CUST1675,Sneha Agarwal,2025-08-28,Kolkata,East,Electronics,Smart Watch,4,3640.42,0.2,11649.34,2493.82,Debit Card,Express,4.1
2042,ORD100342,CUST1639,Priya Saxena,2025-07-01,Mumbai,West,Beauty,Perfume,4,1177.66,0.05,4475.11,1257.52,UPI,Standard,4.0
2043,ORD103289,CUST1806,Kavya Srivastava,2025-09-06,Chandigarh,North,Electronics,Keyboard,2,1423.05,0.1,2561.49,415.94,Cash on Delivery,Same Day,4.0
2044,ORD102577,CUST1550,Aditya Joshi,2025-07-13,Lucknow,North,Sports,Yoga Mat,2,929.33,0.2,1486.93,388.14,Net Banking,Standard,3.1
2045,ORD101088,CUST1903,Ishaan Kumar,2025-06-25,Hyderabad,South,Books,Novel,3,525.27,0.05,1497.02,350.85,UPI,Same Day,4.1
2046,ORD100479,CUST2125,Kavya Srivastava,2025-03-28,Kolkata,East,Books,Data Science Book,2,860.04,0.1,1548.07,262.28,Net Banking,Express,4.8
2047,ORD100727,CUST1735,Diya Gupta,2025-06-22,Jaipur,North,Sports,Yoga Mat,5,844.78,0.05,4012.7,735.15,Cash on Delivery,Express,4.3
2048,ORD103826,CUST1577,Aditya Joshi,2025-06-18,Chandigarh,North,Sports,Running Shoes,2,2735.47,0.05,5197.39,1719.18,Debit Card,Express,2.3
2049,ORD100976,CUST1480,Diya Gupta,2025-09-20,Bengaluru,South,Clothing,Jeans,1,1885.84,0.05,1791.55,571.61,Cash on Delivery,Standard,3.6
2050,ORD104466,CUST1850,Sneha Agarwal,2025-03-10,Lucknow,North,Home & Kitchen,Coffee Maker,3,3728.82,0.1,10067.81,1998.2,UPI,Standard,3.5
2051,ORD103013,CUST1497,Diya Gupta,2025-05-23,Jaipur,North,Sports,Running Shoes,2,2928.44,0.1,5271.19,669.64,cash on delivery,Standard,3.7
2052,ORD101928,CUST1167,Ishaan Kumar,2025-08-28,Hyderabad,South,Home & Kitchen,Table Lamp,3,969.59,0.1,2617.89,610.29,Net Banking,Same Day,5.0
2053,ORD102646,CUST1038,Kavya Srivastava,2025-04-28,Lucknow,North,Books,Programming Book,5,1109.69,0.05,5271.03,957.4,Debit Card,Express,4.1
2054,ORD103275,CUST1319,Meera Mishra,2025-11-11,Noida,North,Beauty,Face Wash,4,399.19,0.2,1277.41,175.35,Cash on Delivery,Express,4.6
2055,ORD101299,CUST1505,Kavya Srivastava,2025-08-14,Bengaluru,South,Books,Novel,5,497.57,0.0,2487.85,736.86,Net Banking,Express,3.9
2056,ORD103026,CUST1944,Aditi Malhotra,2025-07-03,Pune,West,Books,Novel,1,520.28,0.25,390.21,106.2,Cash on Delivery,Standard,4.8
2057,ORD104619,CUST1940,Diya Gupta,2025-06-12,Mumbai,West,Sports,Football,1,1052.85,0.2,842.28,115.34,Debit Card,Express,3.4
2058,ORD100660,CUST1634,Ishaan Kumar,2025-02-03,Bengaluru,South,Clothing,Hoodie,4,1515.2,0.1,5454.72,1535.45,UPI,Standard,4.0
2060,ORD102422,CUST1686,Aditya Joshi,2025-08-05,Chennai,South,Electronics,Headphones,2,1813.75,0.2,2902.0,843.18,UPI,Express,5.0
2061,ORD102819,CUST1499,Aditya Joshi,2025-06-21,Kolkata,East,Clothing,Sneakers,1,2967.14,0.0,2967.14,741.81,Credit Card,Standard,4.2
2062,ORD103012,CUST2063,Aditi Malhotra,2025-01-23,Bengaluru,South,Electronics,Headphones,4,1926.98,0.1,6937.13,963.91,Net Banking,Same Day,4.6
2063,ORD102217,CUST1704,Ananya Verma,2025-02-13,Chennai,South,Home & Kitchen,Bedsheet,1,1073.63,0.0,1073.63,187.78,Net Banking,Same Day,3.8
2064,ORD104617,CUST1523,Rahul Tiwari,2025-04-19,Lucknow,North,Clothing,T-Shirt,1,657.02,0.05,624.17,151.71,UPI,Same Day,4.4
2065,ORD104101,CUST2033,Aarav Sharma,2025-05-25,Delhi,North,Electronics,Wireless Mouse,1,794.63,0.0,794.63,277.03,Debit Card,Same Day,4.2
2066,ORD103638,CUST1530,Priya Saxena,2025-11-25,Delhi,North,Clothing,T-Shirt,5,668.03,0.05,3173.14,723.18,Credit Card,Express,3.6
2067,ORD103937,CUST1360,Karan Mehta,2025-02-17,Jaipur,North,Clothing,Sneakers,1,3066.28,0.1,2759.65,316.89,Credit Card,Same Day,4.0
2068,ORD101278,CUST1687,Priya Saxena,2025-11-21,Bengaluru,South,Electronics,Smart Watch,1,3436.54,0.05,3264.71,1072.51,UPI,Same Day,3.8
2069,ORD103107,CUST1227,Aarav Sharma,2025-08-05,Lucknow,North,Home & Kitchen,Cookware Set,4,2291.24,0.2,7331.97,2125.25,Debit Card,Express,4.1
2071,ORD103050,CUST1222,Arjun Singh,2025-01-18,Jaipur,North,Clothing,T-Shirt,4,756.77,0.1,2724.37,749.18,Debit Card,Same Day,5.0
2072,ORD103865,CUST1614,Rohan Patel,2025-03-19,Hyderabad,South,Books,Data Science Book,5,896.56,0.05,4258.66,586.92,UPI,Standard,3.0
2073,ORD100067,CUST1603,Rohan Patel,2025-07-22,Noida,North,Sports,Running Shoes,5,3202.37,0.3,11208.29,1517.59,Net Banking,Express,5.0
2074,ORD104960,CUST2185,Aditya Joshi,2025-01-04,Noida,North,Home & Kitchen,Cookware Set,2,2689.9,0.25,4034.85,462.7,Credit Card,Same Day,4.3
2075,ORD104424,CUST1325,Sneha Agarwal,2025-05-12,Pune,West,Beauty,Perfume,1,1285.73,0.0,1285.73,223.59,Debit Card,Standard,4.4
2076,ORD103833,CUST1800,Ishaan Kumar,2025-08-08,Delhi,North,Home & Kitchen,Cookware Set,3,2460.42,0.15,6274.07,764.81,UPI,Standard,4.9
2077,ORD100820,CUST2020,Karan Mehta,2025-06-24,Mumbai,West,Clothing,Jeans,1,1711.68,0.0,1711.68,584.85,Credit Card,Express,4.0
2078,ORD101226,CUST1622,Arjun Singh,2025-08-06,Noida,North,Home & Kitchen,Bedsheet,2,941.48,0.05,1788.81,464.84,Debit Card,Express,3.6
2079,ORD103027,CUST1478,Ishaan Kumar,2025-10-15,Bengaluru,South,Clothing,T-Shirt,2,655.17,0.05,1244.82,252.62,Debit Card,Express,4.2
2080,ORD102173,CUST1878,Diya Gupta,2025-06-06,Pune,West,Home & Kitchen,Cookware Set,1,2321.99,0.2,1857.59,211.22,Cash on Delivery,Express,4.7
2081,ORD102778,CUST1691,Karan Mehta,2025-06-07,Hyderabad,South,Beauty,Perfume,5,1364.14,0.0,6820.7,744.4,Credit Card,Standard,4.6
2082,ORD104476,CUST1620,Karan Mehta,2025-11-24,Mumbai,West,Home & Kitchen,Table Lamp,1,941.28,0.1,847.15,171.08,Cash on Delivery,Standard,4.8
2083,ORD104288,CUST1424,Aarav Sharma,2025-02-24,Chennai,South,Home & Kitchen,Bedsheet,5,944.37,0.1,4249.67,1377.11,Credit Card,Standard,4.8
2084,ORD104068,CUST1465,Karan Mehta,2025-06-03,Mumbai,West,Beauty,Perfume,5,1215.99,0.25,4559.96,654.1,Net Banking,Express,4.3
2085,ORD101143,CUST1692,Rahul Tiwari,2025-11-26,Delhi,North,Clothing,Jeans,2,1978.02,0.1,3560.44,796.98,Credit Card,Standard,4.3
2086,ORD100397,CUST1308,Meera Mishra,2025-07-22,Lucknow,North,Books,Novel,1,518.95,0.15,441.11,86.9,Debit Card,Standard,4.2
2087,ORD102942,CUST1213,Kavya Srivastava,2025-07-24,Chandigarh,North,Clothing,Hoodie,1,1436.62,0.1,1292.96,171.72,Credit Card,Standard,3.4
2088,ORD104320,CUST1523,Ananya Verma,2025-12-17,Lucknow,North,Sports,Yoga Mat,2,945.99,0.1,1702.78,529.23,Debit Card,Same Day,4.2
2089,ORD102794,CUST1079,Ananya Verma,2025-10-01,Mumbai,West,Books,Data Science Book,4,965.6,0.0,3862.4,424.8,Cash on Delivery,Express,3.4
2090,ORD101398,CUST1628,Kavya Srivastava,2025-11-20,Delhi,North,Sports,Running Shoes,1,2925.05,0.1,2632.55,769.16,Credit Card,Express,3.0
2091,ORD101659,CUST1588,Arjun Singh,2025-07-29,Bengaluru,South,Home & Kitchen,Table Lamp,4,931.63,0.0,3726.52,1097.48,UPI,Standard,4.7
2092,ORD100979,CUST1899,Rohan Patel,2025-01-15,Chandigarh,North,Beauty,Face Wash,4,369.26,0.1,1329.34,380.97,Credit Card,Standard,3.6
2093,ORD101298,CUST2163,Arjun Singh,2025-06-22,Noida,North,Books,Novel,5,457.44,0.0,2287.2,643.42,Cash on Delivery,Standard,3.7
2094,ORD102290,CUST1842,Rohan Patel,2025-06-05,Noida,North,Home & Kitchen,Coffee Maker,3,3163.86,0.1,8542.42,2298.32,Net Banking,Same Day,4.3
2095,ORD100082,CUST1539,Rahul Tiwari,2025-11-20,Bengaluru,South,Electronics,Headphones,2,1874.1,0.0,3748.2,695.22,Debit Card,Same Day,5.0
2096,ORD104031,CUST1889,Arjun Singh,2025-01-11,Noida,North,Clothing,Hoodie,2,1405.11,0.15,2388.69,368.39,Debit Card,Express,4.5
2097,ORD102488,CUST1889,Sneha Agarwal,2025-12-22,Mumbai,West,Electronics,Wireless Mouse,1,871.84,0.05,828.25,216.8,Debit Card,Standard,4.3
2098,ORD103782,CUST1190,Ananya Verma,2025-07-14,Kolkata,East,Beauty,Face Wash,4,393.1,0.15,1336.54,239.63,Debit Card,Express,4.1
2099,ORD103824,CUST2172,Ananya Verma,2025-08-14,Noida,North,Electronics,Keyboard,3,1273.18,0.15,3246.61,492.99,Net Banking,Standard,4.9
2100,ORD102316,CUST1736,Aarav Sharma,2025-12-30,Mumbai,West,Electronics,Smart Watch,5,3443.36,0.05,16355.96,1889.38,Cash on Delivery,Standard,4.0
2101,ORD100423,CUST1059,Karan Mehta,2025-01-26,Chandigarh,North,Home & Kitchen,Bedsheet,4,1065.82,0.1,3836.95,1253.91,Net Banking,Same Day,3.8
2102,ORD104358,CUST1028,Diya Gupta,2025-09-22,Jaipur,North,Home & Kitchen,Cookware Set,2,2720.93,0.15,4625.58,1160.22,Credit Card,Standard,4.1
2103,ORD101904,CUST1420,Arjun Singh,2025-10-23,Noida,North,Home & Kitchen,Bedsheet,5,923.83,0.25,3464.36,1052.29,Cash on Delivery,Standard,4.2
2104,ORD104557,CUST1851,Kavya Srivastava,2025-05-15,Hyderabad,South,Beauty,Sunscreen,5,729.89,0.3,2554.61,592.24,Credit Card,Standard,5.0
2105,ORD103392,CUST1121,Kavya Srivastava,2025-04-23,Bengaluru,South,Electronics,Smart Watch,1,3776.69,0.0,3776.69,526.24,Net Banking,Same Day,3.4
2106,ORD103139,CUST1295,Aarav Sharma,2025-05-01,Lucknow,North,Books,Novel,4,491.31,0.1,1768.72,280.1,Net Banking,Standard,3.1
2107,ORD101565,CUST1567,Diya Gupta,2025-05-30,Noida,North,Home & Kitchen,Cookware Set,5,2290.33,0.05,10879.07,2735.8,Debit Card,Standard,4.9
2108,ORD104861,CUST1499,Aditi Malhotra,2025-09-05,Delhi,North,Home & Kitchen,Bedsheet,3,987.98,0.0,2963.94,712.43,Credit Card,Standard,4.3
2109,ORD100839,CUST1347,Aditya Joshi,2025-01-06,Noida,North,Books,Novel,1,508.66,0.15,432.36,79.11,UPI,Express,3.7
2110,ORD100500,CUST2176,Arjun Singh,2025-06-15,Bengaluru,South,Books,Data Science Book,4,824.88,0.15,2804.59,435.9,Debit Card,Standard,4.5
2111,ORD100141,CUST1213,Kavya Srivastava,2025-09-23,Delhi,North,Electronics,Headphones,3,2189.57,0.05,6240.27,1343.54,Credit Card,Standard,4.4
2112,ORD101377,CUST1275,Karan Mehta,2025-05-15,Pune,West,Books,Data Science Book,1,854.67,0.0,854.67,163.44,Credit Card,Express,3.4
2113,ORD103740,CUST1058,Rahul Tiwari,2025-12-19,Hyderabad,South,Sports,Running Shoes,1,2971.97,0.1,2674.77,898.91,Credit Card,Express,5.0
2114,ORD102170,CUST1253,Rahul Tiwari,2025-03-31,Lucknow,North,Home & Kitchen,Table Lamp,2,927.4,0.1,1669.32,214.01,Debit Card,Standard,4.3
2115,ORD101138,CUST1900,Ishaan Kumar,2025-01-10,Chandigarh,North,Electronics,Headphones,1,2077.14,0.1,1869.43,479.16,Net Banking,Standard,3.5
2116,ORD102576,CUST1611,Sneha Agarwal,2025-12-28,Chennai,South,Sports,Running Shoes,5,3277.64,0.05,15568.79,3038.24,Credit Card,Standard,5.0
2117,ORD101787,CUST1867,Ishaan Kumar,2025-10-30,Pune,West,Home & Kitchen,Coffee Maker,2,3388.41,0.1,6099.14,1525.17,Debit Card,Express,4.2
2118,ORD104152,CUST1951,Sneha Agarwal,2025-09-09,Bengaluru,South,Clothing,Jeans,2,1866.38,0.0,3732.76,591.76,Debit Card,Standard,4.6
2119,ORD100550,CUST1617,Aditya Joshi,2025-01-01,Lucknow,North,Sports,Running Shoes,1,3005.39,0.05,2855.12,414.21,Credit Card,Standard,3.5
2120,ORD104431,CUST1319,Meera Mishra,2025-12-15,Kolkata,East,Clothing,Hoodie,2,1499.73,0.2,2399.57,564.14,Net Banking,Standard,4.8
2121,ORD102019,CUST1452,Ishaan Kumar,2025-09-24,Bengaluru,South,Books,Novel,2,505.78,0.1,910.4,307.55,Cash on Delivery,Express,4.0
2122,ORD100948,CUST1408,Ishaan Kumar,2025-09-01,Kolkata,East,Electronics,Keyboard,1,1276.99,0.1,1149.29,347.35,Debit Card,Same Day,5.0
2123,ORD102287,CUST1797,Rohan Patel,2025-04-29,Delhi,North,Books,Data Science Book,1,882.15,0.15,749.83,181.37,Net Banking,Standard,4.0
2124,ORD100532,CUST2076,Ishaan Kumar,2025-03-19,Chennai,South,Books,Programming Book,1,1089.19,0.1,980.27,307.99,Debit Card,Same Day,4.1
2125,ORD101829,CUST1566,Rahul Tiwari,2025-06-18,Jaipur,North,Home & Kitchen,Coffee Maker,1,3815.68,0.0,3815.68,931.72,Net Banking,Standard,3.9
2126,ORD103880,CUST1355,Kavya Srivastava,2025-02-08,Ahmedabad,West,Clothing,T-Shirt,1,758.16,0.15,644.44,210.98,UPI,Express,3.8
2127,ORD104437,CUST1939,Rohan Patel,2025-02-07,Mumbai,West,Books,Novel,2,545.47,0.1,981.85,320.75,UPI,Same Day,4.3
2128,ORD103915,CUST1075,Kavya Srivastava,2025-03-04,Kolkata,East,Books,Data Science Book,5,926.42,0.0,4632.1,1302.59,UPI,Same Day,3.6
2129,ORD101602,CUST1318,Aditya Joshi,2025-12-21,Kolkata,East,Clothing ,Programming Book,1,1114.05,0.05,1058.35,352.55,Credit Card,Standard,3.5
2130,ORD100639,CUST2167,Meera Mishra,2025-03-05,Bengaluru,South,Electronics,Smart Watch,5,3302.71,0.1,14862.19,4735.49,Debit Card,Standard,3.7
2131,ORD104852,CUST1266,Ananya Verma,2025-09-16,Pune,West,Sports,Yoga Mat,1,921.82,0.1,829.64,136.89,Net Banking,Same Day,4.7
2132,ORD100967,CUST2130,Sneha Agarwal,2025-01-02,Chandigarh,North,Home & Kitchen,Bedsheet,1,1044.47,0.05,992.25,341.77,Debit Card,Standard,2.7
2134,ORD102659,CUST1639,Rohan Patel,2025-12-13,Noida,North,Books,Data Science Book,3,967.39,0.2,2321.74,528.81,Debit Card,Same Day,4.4
2135,ORD101683,CUST1175,Ananya Verma,2025-07-26,Bengaluru,South,Books,Novel,3,472.27,0.0,1416.81,376.74,Credit Card,Same Day,3.8
2136,ORD104489,CUST1879,Aditi Malhotra,2025-02-09,Mumbai,West,Clothing,Sneakers,1,2969.93,0.0,2969.93,360.84,UPI,Express,4.3
2137,ORD102370,CUST2158,Diya Gupta,2025-06-30,Mumbai,West,Books,Data Science Book,4,920.21,0.05,3496.8,508.46,Credit Card,Same Day,3.1
2138,ORD100155,CUST1038,Aditi Malhotra,2025-04-07,Hyderabad,South,Home & Kitchen,Table Lamp,1,918.87,0.05,872.93,281.16,UPI ,Standard,3.0
2139,ORD102517,CUST1430,Meera Mishra,2025-07-12,Jaipur,North,Electronics,Wireless Mouse,2,831.88,0.1,1497.38,175.48,Net Banking,Same Day,4.6
2141,ORD101089,CUST1877,Kavya Srivastava,2025-08-29,Lucknow,North,Home & Kitchen,Coffee Maker,3,3268.18,0.15,8333.86,2015.42,Cash on Delivery,Same Day,3.4
2142,ORD102689,CUST1318,Rahul Tiwari,2025-04-05,Ahmedabad,West,Electronics,Headphones,3,2102.78,0.05,5992.92,1319.01,Debit Card,Express,3.4
2143,ORD104259,CUST2002,Karan Mehta,2025-04-30,Kolkata,East,Home & Kitchen,Table Lamp,5,859.1,0.25,3221.62,488.44,UPI,Same Day,4.0
2144,ORD100288,CUST1121,Rahul Tiwari,2025-03-07,Hyderabad,South,Home & Kitchen,Coffee Maker,1,3395.51,0.05,3225.73,463.33,Net Banking,Express,3.7
2145,ORD100930,CUST2186,Priya Saxena,2025-03-07,Mumbai,West,Books,Programming Book,1,1266.46,0.1,1139.81,164.51,Credit Card,Express,3.4
2147,ORD104337,CUST1081,Aarav Sharma,2025-12-31,Chennai,South,Clothing,Hoodie,3,1528.63,0.15,3898.01,779.47,Credit Card,Same Day,4.3
2148,ORD103411,CUST1202,Ananya Verma,2025-07-03,Kolkata,East,Beauty,Face Wash,1,422.93,0.15,359.49,54.25,Net Banking,Same Day,3.4
2150,ORD104462,CUST1748,Priya Saxena,2025-07-06,Chennai,South,Home & Kitchen,Coffee Maker,1,3343.26,0.2,2674.61,677.07,Net Banking,Express,3.5
2151,ORD100942,CUST1159,Karan Mehta,2025-04-18,Pune,West,Electronics,Keyboard,1,1398.73,0.0,1398.73,361.53,Debit Card,Same Day,3.9
2152,ORD103903,CUST1377,Arjun Singh,2025-01-19,Kolkata,East,Home & Kitchen,Bedsheet,2,926.86,0.15,1575.66,252.93,Net Banking,Standard,2.1
2153,ORD104791,CUST1425,Aarav Sharma,2025-07-18,Delhi,North,Electronics,Headphones,1,1823.41,0.15,1549.9,375.24,Cash on Delivery,Express,3.5
2154,ORD101698,CUST2054,Rahul Tiwari,2025-10-14,Jaipur,North,Books,Novel,5,548.15,0.0,2740.75,695.14,Debit Card,Standard,4.2
2155,ORD104728,CUST2115,Kavya Srivastava,2025-12-30,Lucknow,North,Clothing,T-Shirt,4,722.28,0.0,2889.12,846.92,Debit Card,Same Day,5.0
2156,ORD102992,CUST1736,Ananya Verma,2025-03-10,Jaipur,North,Clothing,Hoodie,5,1401.52,0.05,6657.22,1170.03,Debit Card,Same Day,3.8
2157,ORD102536,CUST1450,Priya Saxena,2025-08-10,Chennai,South,Books,Novel,4,547.12,0.05,2079.06,243.76,Net Banking,Express,2.8
2158,ORD102846,CUST1823,Karan Mehta,2025-01-19,Kolkata,East,Sports,Football,1,998.94,0.25,749.21,128.23,Credit Card,Standard,4.1
2159,ORD100985,CUST1519,Karan Mehta,2025-05-13,Jaipur,North,Electronics,Wireless Mouse,1,876.46,0.0,876.46,177.69,Net Banking,Same Day,5.0
2160,ORD102807,CUST1923,Rahul Tiwari,2025-02-28,Hyderabad,South,Sports,Football,3,1096.31,0.15,2795.59,400.85,Net Banking,Express,5.0
2161,ORD102215,CUST1250,Ishaan Kumar,2025-03-25,Chandigarh,North,Home & Kitchen,Table Lamp,4,953.18,0.05,3622.08,887.23,UPI,Standard,3.6
2162,ORD102251,CUST1747,Rahul Tiwari,2025-01-03,Kolkata,East,Clothing,T-Shirt,5,750.13,0.1,3375.59,954.99,Credit Card,Standard,3.9
2163,ORD104797,CUST1739,Karan Mehta,2025-12-28,Chennai,South,Electronics,Keyboard,1,1258.05,0.0,1258.05,147.68,Cash on Delivery,Same Day,4.0
2164,ORD100981,CUST1545,Aarav Sharma,2025-10-11,Chandigarh,North,Electronics,Wireless Mouse,1,874.19,0.25,655.64,110.37,UPI,Standard,4.5
2165,ORD102522,CUST1747,Karan Mehta,2025-03-31,Chandigarh,North,Electronics,Headphones,1,2044.99,0.1,1840.49,641.99,UPI,Express,4.9
2166,ORD102458,CUST1955,Sneha Agarwal,2025-04-27,Ahmedabad,West,Beauty,Face Wash,2,389.83,0.05,740.68,180.05,Credit Card,Standard,3.7
2167,ORD103248,CUST1626,Meera Mishra,2025-04-21,Pune,West,Home & Kitchen,Cookware Set,2,2470.9,0.15,4200.53,504.88,Credit Card,Standard,3.8
2168,ORD102978,CUST2003,Aditya Joshi,2025-07-09,Delhi,North,Books,Data Science Book,1,842.39,0.1,758.15,157.41,Credit Card,Express,4.5
2169,ORD103568,CUST2072,Arjun Singh,2025-05-16,Chandigarh,North,Clothing,Jeans,1,1729.5,0.25,1297.12,409.83,Credit Card,Standard,2.5
2170,ORD103889,CUST1239,Meera Mishra,2025-12-02,Ahmedabad,West,Beauty,Face Wash,4,417.22,0.15,1418.55,161.04,Net Banking,Express,3.4
2171,ORD101457,CUST1721,Diya Gupta,2025-08-28,Chandigarh,North,Clothing,Hoodie,2,1409.87,0.15,2396.78,359.5,UPI,Standard,3.4
2172,ORD101395,CUST1066,Aarav Sharma,2025-08-30,Delhi,North,Books,Novel,4,508.2,0.15,1727.88,436.63,Credit Card,Standard,4.3
2173,ORD100264,CUST1501,Kavya Srivastava,2025-01-12,Bengaluru,South,Clothing,Sneakers,4,2866.66,0.05,10893.31,2120.44,Net Banking,Express,3.4
2174,ORD103678,CUST1313,Arjun Singh,2025-09-04,Noida,North,Sports,Football,1,941.17,0.0,941.17,177.97,UPI,Express,4.4
2175,ORD100929,CUST1709,Karan Mehta,2025-08-27,Delhi,North,Beauty,Sunscreen,1,696.5,0.1,626.85,68.71,Debit Card,Same Day,4.0
2176,ORD103097,CUST1102,Priya Saxena,2025-07-14,Bengaluru,South,Books,Programming Book,1,1216.18,0.15,1033.75,223.83,UPI,Standard,3.8
2177,ORD102726,CUST1086,Priya Saxena,2025-07-02,Bengaluru,South,Beauty,Perfume,1,1376.73,0.25,1032.55,194.16,Debit Card,Standard,3.8
2178,ORD100246,CUST1788,Kavya Srivastava,2025-12-11,Pune,West,Beauty,Face Wash,2,417.68,0.05,793.59,249.89,UPI,Same Day,3.5
2179,ORD103632,CUST1501,Meera Mishra,2025-07-01,Hyderabad,South,Beauty,Perfume,1,1400.06,0.2,1120.05,161.2,Net Banking,Express,3.4
2180,ORD101758,CUST1184,Sneha Agarwal,2025-04-28,Chennai,South,Home & Kitchen,Bedsheet,1,1052.71,0.05,1000.07,196.14,Net Banking,Same Day,3.6
2181,ORD104885,CUST2081,Aditya Joshi,2025-07-10,Lucknow,North,Sports,Yoga Mat,4,874.89,0.15,2974.63,382.87,Credit Card,Same Day,2.8
2182,ORD102845,CUST1763,Rohan Patel,2025-05-09,Noida,North,Clothing,Hoodie,4,1564.2,0.1,5631.12,672.31,Net Banking,Standard,4.3
2183,ORD100923,CUST1192,Aditya Joshi,2025-03-19,Chandigarh,North,Sports,Running Shoes,2,3157.94,0.15,5368.5,664.56,Cash on Delivery,Express,4.8
2184,ORD102373,CUST1152,Rohan Patel,2025-10-09,Chandigarh,North,Clothing,Sneakers,1,3035.93,0.05,2884.13,807.37,Debit Card,Standard,3.4
2185,ORD100268,CUST1902,Diya Gupta,2025-10-19,Ahmedabad,West,Books,Programming Book,3,1223.56,0.2,2936.54,365.51,Net Banking,Express,4.3
2186,ORD100669,CUST1625,Sneha Agarwal,2025-12-30,Delhi,North,Books,Novel,2,452.12,0.1,813.82,213.67,Credit Card,Standard,5.0
2187,ORD102770,CUST1405,Diya Gupta,2025-08-20,Bengaluru,South,Books,Novel,2,453.55,0.0,907.1,155.97,UPI,Standard,4.6
2188,ORD101910,CUST1501,Aarav Sharma,2025-07-30,Delhi,North,Beauty,Sunscreen,1,666.24,0.2,532.99,144.28,Credit Card,Express,3.1
2189,ORD103021,CUST1242,Sneha Agarwal,2025-05-06,Chandigarh,North,Clothing,Hoodie,2,1481.85,0.1,2667.33,882.34,UPI,Standard,4.3
2190,ORD101152,CUST1275,Diya Gupta,2025-06-21,Chandigarh,North,Electronics,Smart Watch,2,3404.16,0.15,5787.07,1777.52,UPI,Express,3.6
2191,ORD104837,CUST1384,Aditya Joshi,2025-05-27,Hyderabad,South,Electronics,Wireless Mouse,1,878.15,0.05,834.24,199.12,Net Banking,Same Day,2.8
2192,ORD104059,CUST1762,Diya Gupta,2025-07-13,Noida,North,Sports,Running Shoes,1,2811.21,0.05,2670.65,414.73,Cash on Delivery,Same Day,4.0
2193,ORD104260,CUST1485,Kavya Srivastava,2025-08-02,Chandigarh,North,Home & Kitchen,Bedsheet,1,979.54,0.1,881.59,275.64,Net Banking,Express,3.0
2194,ORD103921,CUST1654,Arjun Singh,2025-03-25,Delhi,North,Home & Kitchen,Table Lamp,2,824.87,0.1,1484.77,381.11,Net Banking,Express,3.8
2195,ORD103063,CUST2149,Diya Gupta,2025-08-17,Ahmedabad,West,Clothing,Sneakers,3,2704.83,0.25,6085.87,1286.52,Debit Card,Standard,5.0
2196,ORD103018,CUST1558,Meera Mishra,2025-07-24,Mumbai,West,electronics,Face Wash,2,429.01,0.05,815.12,148.51,Debit Card,Standard,4.0
2197,ORD101915,CUST1990,Aditi Malhotra,2025-04-19,Jaipur,North,Books,Programming Book,4,1150.59,0.2,3681.89,417.79,Cash on Delivery,Standard,4.6
2198,ORD100612,CUST1703,Karan Mehta,2025-04-29,Noida,North,Sports,Running Shoes,4,3187.88,0.15,10838.79,2893.75,UPI,Express,4.0
2199,ORD103366,CUST1231,Karan Mehta,2025-11-26,Mumbai,West,Electronics,Wireless Mouse,4,824.15,0.15,2802.11,341.1,Debit Card,Express,4.7
2200,ORD103571,CUST1125,Rahul Tiwari,2025-12-02,Chennai,South,Home & Kitchen,Bedsheet,2,947.31,0.0,1894.62,212.44,UPI,Standard,4.4
2201,ORD101898,CUST2086,Aarav Sharma,2025-08-28,Ahmedabad,West,Clothing,Sneakers,2,3229.61,0.05,6136.26,1390.14,Credit Card,Same Day,3.980060240963855
2202,ORD101649,CUST1382,Rahul Tiwari,2025-06-16,Kolkata,East,Electronics,Keyboard,4,1312.36,0.15,4462.02,1174.48,Net Banking,Standard,4.8
2204,ORD100258,CUST1272,Arjun Singh,2025-11-09,Bengaluru,South,Electronics,Headphones,2,1954.98,0.1,3518.96,1210.99,Cash on Delivery,Standard,3.7
2205,ORD100847,CUST1329,Rahul Tiwari,2025-08-31,Hyderabad,South,Home & Kitchen,Bedsheet,1,997.62,0.05,947.74,304.45,Cash on Delivery,Express,4.5
2206,ORD104270,CUST1403,Rohan Patel,2025-08-19,Bengaluru,South,Books,Programming Book,1,1114.66,0.25,836.0,209.62,UPI,Same Day,3.9
2207,ORD101233,CUST1112,Diya Gupta,2025-08-28,Ahmedabad,West,Sports,Running Shoes,2,3176.96,0.15,5400.83,1783.58,Credit Card,Standard,2.8
2208,ORD101127,CUST1793,Kavya Srivastava,2025-01-24,Bengaluru,South,Electronics,Wireless Mouse,1,761.42,0.1,685.28,238.52,Debit Card,Standard,3.3
2209,ORD101967,CUST1885,Rohan Patel,2025-06-29,Mumbai,West,Books,Novel,1,450.38,0.3,315.27,57.7,Credit Card,Same Day,3.2
2210,ORD100558,CUST1392,Rahul Tiwari,2025-10-16,Chandigarh,North,Sports,Yoga Mat,4,852.52,0.2,2728.06,463.91,UPI,Standard,4.5
2211,ORD103949,CUST1901,Ishaan Kumar,2025-11-21,Bengaluru,South,Books,Novel,1,525.82,0.2,420.66,117.79,Cash on Delivery,Standard,3.6
2212,ORD100484,CUST1579,Meera Mishra,2025-12-06,Chennai,South,Electronics,Keyboard,4,1235.29,0.0,4941.16,1313.5,Cash on Delivery,Express,4.7
2213,ORD102211,CUST1068,Aditya Joshi,2025-09-22,Mumbai,West,Clothing,Hoodie,1,1399.05,0.2,1119.24,238.95,Debit Card,Same Day,4.5
2214,ORD101320,CUST2025,Diya Gupta,2025-08-13,Ahmedabad,West,Electronics,Smart Watch,2,3448.88,0.15,5863.1,1253.24,Credit Card,Express,3.6
2215,ORD103096,CUST2044,Meera Mishra,2025-02-04,Mumbai,West,Electronics,Smart Watch,1,3616.84,0.0,3616.84,1114.37,Cash on Delivery,Standard,3.2
2216,ORD100007,CUST1785,Rohan Patel,2025-07-27,Pune,West,Home & Kitchen,Table Lamp,2,834.24,0.0,1668.48,445.65,Net Banking,Express,3.8
2217,ORD103318,CUST2004,Ananya Verma,2025-10-11,Mumbai,West,Sports,Running Shoes,4,2801.65,0.0,11206.6,2358.8,UPI,Express,4.8
2218,ORD103227,CUST1180,Ishaan Kumar,2025-01-17,Pune,West,Books,Data Science Book,1,960.32,0.15,816.27,130.07,Credit Card,Express,3.2
2219,ORD101450,CUST1458,Sneha Agarwal,2025-02-21,Mumbai,West,Clothing,T-Shirt,4,697.18,0.1,2509.85,736.24,Credit Card,Same Day,3.3
2220,ORD104025,CUST2068,Rohan Patel,2025-06-24,Jaipur,North,Home & Kitchen,Bedsheet,1,1048.16,0.2,838.53,257.77,Net Banking,Same Day,4.5
2221,ORD101814,CUST1514,Priya Saxena,2025-10-24,Pune,West,Electronics,Wireless Mouse,4,817.19,0.15,2778.45,299.73,Debit Card,Standard,3.9
2222,ORD100773,CUST1624,Aarav Sharma,2025-05-25,Kolkata,East,Beauty,Sunscreen,2,669.63,0.0,1339.26,417.2,Debit Card,Same Day,4.1
2223,ORD101011,CUST2133,Aditya Joshi,2025-05-02,Jaipur,North,Clothing,T-Shirt,4,684.62,0.15,2327.71,451.73,Net Banking,Same Day,5.0
2224,ORD104168,CUST1690,Arjun Singh,2025-05-05,Hyderabad,South,Clothing,Sneakers,2,3272.77,0.05,6218.26,1957.98,Debit Card,Same Day,5.0
2225,ORD102478,CUST2050,Ishaan Kumar,2025-01-12,Bengaluru,South,Beauty,Face Wash,1,398.0,0.05,378.1,47.03,Cash on Delivery,Express,3.6
2226,ORD101991,CUST1623,Aarav Sharma,2025-06-21,Chandigarh,North,Electronics,Keyboard,1,1397.04,0.0,1397.04,481.92,Net Banking,Standard,4.3
2227,ORD101277,CUST1893,Karan Mehta,2025-01-14,Hyderabad,South,Beauty,Sunscreen,4,759.2,0.15,2581.28,891.94,Net Banking,Standard,3.2
2228,ORD101783,CUST2135,Kavya Srivastava,2025-06-22,Noida,North,Clothing,Sneakers,2,2859.25,0.3,4002.95,823.73,Cash on Delivery,Standard,4.3
2229,ORD103142,CUST1758,Kavya Srivastava,2025-09-18,Chennai,South,Home & Kitchen,Table Lamp,4,921.4,0.15,3132.76,425.65,Debit Card,Same Day,4.3
2230,ORD100446,CUST1895,Rahul Tiwari,2025-12-01,Kolkata,East,Books,Novel,2,529.01,0.1,952.22,210.49,Credit Card,Standard,4.4
2231,ORD100880,CUST1018,Sneha Agarwal,2025-10-23,Hyderabad,South,Home & Kitchen,Coffee Maker,1,3652.74,0.25,2739.55,566.41,UPI,Express,3.4
2232,ORD104478,CUST2105,Kavya Srivastava,2025-06-05,Chandigarh,North,Beauty,Face Wash,3,424.23,0.25,954.52,263.86,UPI,Same Day,3.8
2233,ORD100781,CUST1083,Aarav Sharma,2025-06-18,Lucknow,North,Electronics,Smart Watch,4,3303.96,0.1,11894.26,1266.19,Credit Card,Same Day,4.5
2234,ORD101749,CUST1941,Ishaan Kumar,2025-06-24,Mumbai,West,Clothing,Jeans,5,1828.9,0.15,7772.82,2549.48,UPI,Same Day,3.5
2235,ORD103428,CUST1445,Kavya Srivastava,2025-03-29,Ahmedabad,West,Books,Novel,2,489.45,0.1,881.01,217.5,Net Banking,Standard,3.8
2236,ORD104901,CUST1169,Rohan Patel,2025-11-19,Chennai,South,Sports,Football,1,1043.64,0.05,991.46,145.81,Net Banking,Standard,3.8
2237,ORD100883,CUST1595,Rahul Tiwari,2025-04-30,Mumbai,West,Electronics,Headphones,5,1990.94,0.1,8959.23,2770.53,Net Banking,Same Day,3.8
2238,ORD103499,CUST1268,Karan Mehta,2025-06-16,Delhi,North,Home & Kitchen,Coffee Maker,3,3542.41,0.0,10627.23,1657.2,Cash on Delivery,Same Day,4.8
2239,ORD101091,CUST1016,Ananya Verma,2025-03-02,Bengaluru,South,Clothing,T-Shirt,2,683.98,0.05,1299.56,323.44,Net Banking,Standard,4.6
2240,ORD102974,CUST1114,Priya Saxena,2025-09-19,Pune,West,Home & Kitchen,Table Lamp,2,987.33,0.0,1974.66,392.97,Cash on Delivery,Express,4.4
2241,ORD100531,CUST1608,Aditi Malhotra,2025-06-04,Jaipur,North,Books,Programming Book,1,1274.66,0.15,1083.46,313.37,Debit Card,Express,3.5
2242,ORD104774,CUST1199,Aarav Sharma,2025-04-02,Kolkata,East,Electronics,Smart Watch,2,3686.33,0.0,7372.66,2169.74,Cash on Delivery,Same Day,3.8
2243,ORD103364,CUST2189,Kavya Srivastava,2025-08-14,Pune,West,Clothing,T-Shirt,2,632.71,0.05,1202.15,167.62,Credit Card,Same Day,4.4
2244,ORD104116,CUST1966,Karan Mehta,2025-11-16,Lucknow,North,Clothing,Hoodie,2,1389.5,0.05,2640.05,612.69,Cash on Delivery,Express,4.3
2245,ORD101727,CUST1346,Meera Mishra,2025-03-09,Hyderabad,South,Beauty,Face Wash,2,404.59,0.2,647.34,115.97,Credit Card,Same Day,3.6
2246,ORD100610,CUST2068,Arjun Singh,2025-11-21,Jaipur,North,Sports,Football,2,1057.42,0.1,1903.36,327.61,Net Banking,Same Day,2.9
2247,ORD100570,CUST2135,Priya Saxena,2025-06-28,Lucknow,North,Sports,Running Shoes,4,2744.28,0.15,9330.55,2777.24,Cash on Delivery,Same Day,4.3
2248,ORD102705,CUST1598,Diya Gupta,2025-10-05,Delhi,North,Home & Kitchen,Coffee Maker,1,3521.5,0.1,3169.35,466.93,UPI,Same Day,1.8
2249,ORD103064,CUST1618,Sneha Agarwal,2025-04-19,Bengaluru,South,Books,Programming Book,2,1269.31,0.15,2157.83,287.56,Debit Card,Same Day,4.0
2250,ORD100343,CUST1524,Sneha Agarwal,2025-11-14,Ahmedabad,West,Home & Kitchen,Coffee Maker,5,3637.86,0.15,15460.9,3575.69,Cash on Delivery,Same Day,4.6
2251,ORD103036,CUST2142,Karan Mehta,2025-12-22,Jaipur,North,Beauty,Perfume,1,1205.87,0.25,904.4,217.99,Debit Card,Standard,4.2
2252,ORD103176,CUST1890,Ananya Verma,2025-12-11,Bengaluru,South,Home & Kitchen,Cookware Set,1,2329.62,0.05,2213.14,301.84,Credit Card,Express,4.1
2253,ORD100434,CUST2148,Priya Saxena,2025-03-18,Kolkata,East,Clothing,Hoodie,4,1498.51,0.1,5394.64,542.81,Debit Card,Express,4.1
2254,ORD101903,CUST1331,Arjun Singh,2025-01-25,Ahmedabad,West,Home & Kitchen,Cookware Set,1,2588.3,0.15,2200.06,705.11,UPI,Same Day,5.0
2255,ORD104696,CUST1913,Rahul Tiwari,2025-01-11,Ahmedabad,West,Sports,Running Shoes,1,2907.88,0.1,2617.09,326.28,Net Banking,Express,4.0
2256,ORD102414,CUST1538,Rahul Tiwari,2025-11-17,Chennai,South,Home & Kitchen,Cookware Set,4,2562.88,0.1,9226.37,3115.81,UPI,Same Day,3.6
2257,ORD102069,CUST1707,Diya Gupta,2025-02-11,Delhi,North,home & kitchen,Face Wash,3,409.01,0.0,1227.03,417.26,Credit Card,Standard,3.0
2258,ORD101537,CUST1314,Rohan Patel,2025-08-22,Bengaluru,South,Books,Data Science Book,1,933.25,0.05,886.59,108.03,UPI,Standard,4.1
2259,ORD104275,CUST1539,Ananya Verma,2025-05-30,Jaipur,North,Electronics,Keyboard,1,1338.85,0.2,1071.08,189.98,Credit Card,Same Day,5.0
2260,ORD102374,CUST1924,Arjun Singh,2025-04-14,Jaipur,North,Home & Kitchen,Cookware Set,1,2413.34,0.1,2172.01,446.85,Net Banking,Express,3.7
2261,ORD101517,CUST1222,Aditi Malhotra,2025-07-09,Chandigarh,North,Clothing,Hoodie,1,1601.57,0.05,1521.49,363.23,Net Banking,Standard,3.4
2262,ORD100965,CUST1707,Priya Saxena,2025-10-24,Bengaluru,South,Electronics,Wireless Mouse,2,856.02,0.05,1626.44,529.74,Net Banking,Express,4.2
2263,ORD104425,CUST1828,Kavya Srivastava,2025-05-12,Noida,North,Sports,Yoga Mat,2,931.54,0.15,1583.62,224.54,Debit Card,Same Day,4.0
2264,ORD100528,CUST1549,Priya Saxena,2025-06-23,Ahmedabad,West,Sports,Football,1,1000.76,0.15,850.65,141.07,Credit Card,Standard,5.0
2265,ORD100176,CUST2158,Karan Mehta,2025-02-16,Noida,North,Clothing,Sneakers,3,3176.41,0.1,8576.31,2022.93,Credit Card,Same Day,4.9
2266,ORD103523,CUST1653,Priya Saxena,2025-03-09,Ahmedabad,West,Home & Kitchen,Bedsheet,2,943.08,0.25,1414.62,464.12,Net Banking,Standard,3.9
2267,ORD102574,CUST2001,Meera Mishra,2025-03-15,Lucknow,North,Electronics,Keyboard,3,1265.15,0.25,2846.59,739.04,UPI,Express,3.8
2268,ORD104316,CUST1319,Priya Saxena,2025-05-15,Mumbai,West,Clothing,Hoodie,2,1408.21,0.0,2816.42,377.84,Credit Card,Express,4.4
2269,ORD100572,CUST2098,Ishaan Kumar,2025-03-19,Mumbai,West,Electronics,Wireless Mouse,2,875.39,0.1,1575.7,229.19,UPI,Express,3.0
2270,ORD104738,CUST2108,Aditya Joshi,2025-12-01,Chennai,South,Clothing,T-Shirt,3,681.97,0.2,1636.73,453.81,UPI,Express,4.2
2271,ORD103803,CUST1386,Kavya Srivastava,2025-06-17,Pune,West,Sports,Yoga Mat,2,868.49,0.15,1476.43,389.62,UPI,Express,4.6
2272,ORD102559,CUST1865,Rohan Patel,2025-08-04,Noida,North,Electronics,Headphones,1,1917.52,0.1,1725.77,311.74,Cash on Delivery,Express,4.0
2273,ORD103250,CUST1333,Karan Mehta,2025-05-07,Mumbai,West,Clothing,T-Shirt,4,742.58,0.05,2821.8,861.54,Cash on Delivery,Express,4.3
2274,ORD102615,CUST1512,Meera Mishra,2025-10-17,Pune,West,Clothing,Sneakers,2,3297.29,0.15,5605.39,1772.6,Debit Card,Express,4.3
2275,ORD102208,CUST1218,Aarav Sharma,2025-07-25,Pune,West,Beauty,Sunscreen,1,660.32,0.05,627.3,172.82,Net Banking,Same Day,4.3
2276,ORD102596,CUST1336,Kavya Srivastava,2025-10-14,Bengaluru,South,Beauty,Sunscreen,4,743.79,0.05,2826.4,938.2,Debit Card,Standard,4.2
2277,ORD104905,CUST1725,Rahul Tiwari,2025-12-05,Ahmedabad,West,Electronics,Headphones,2,1904.0,0.0,3808.0,960.83,Cash on Delivery,Standard,3.6
2278,ORD100383,CUST1983,Rahul Tiwari,2025-03-23,Bengaluru,South,Beauty,Perfume,1,1198.69,0.15,1018.89,300.81,Debit Card,Standard,3.6
2279,ORD100852,CUST1944,Ananya Verma,2025-12-28,Kolkata,East,Beauty,Face Wash,2,416.78,0.05,791.88,198.21,Cash on Delivery,Standard,3.7
2280,ORD101880,CUST2003,Arjun Singh,2025-04-29,Jaipur,North,Home & Kitchen,Table Lamp,5,945.81,0.05,4492.6,1380.0,Credit Card,Same Day,3.7
2281,ORD100370,CUST1816,Sneha Agarwal,2025-12-06,Delhi,North,Clothing,Jeans,1,1801.06,0.15,1530.9,403.36,Credit Card,Same Day,4.0
2283,ORD104342,CUST2097,Meera Mishra,2025-02-10,Ahmedabad,West,Home & Kitchen,Table Lamp,1,860.13,0.15,731.11,78.7,Credit Card,Standard,3.9
2284,ORD101105,CUST1046,Rahul Tiwari,2025-08-25,Hyderabad,South,Home & Kitchen,Cookware Set,2,2523.72,0.2,4037.95,420.22,Credit Card,Standard,3.7
2285,ORD102603,CUST1550,Ishaan Kumar,2025-01-11,Ahmedabad,West,Sports,Football,3,1031.47,0.05,2939.69,647.47,Net Banking,Express,4.4
2286,ORD103990,CUST1636,Meera Mishra,2025-07-23,Mumbai,West,Beauty,Face Wash,5,435.29,0.25,1632.34,282.23,Debit Card,Standard,4.7
2287,ORD101336,CUST1528,Aditi Malhotra,2025-03-05,Jaipur,North,Home & Kitchen,Coffee Maker,1,3344.61,0.0,3344.61,476.16,Cash on Delivery,Same Day,3.6
2288,ORD102189,CUST2181,Sneha Agarwal,2025-05-16,Chandigarh,North,Electronics,Keyboard,2,1233.91,0.1,2221.04,296.35,Net Banking,Express,3.1
2289,ORD104613,CUST1895,Sneha Agarwal,2025-11-21,Chennai,South,Clothing,Sneakers,2,3099.64,0.15,5269.39,1039.35,Debit Card,Standard,3.2
2290,ORD102347,CUST1694,Rahul Tiwari,2025-10-16,Chennai,South,Beauty,Sunscreen,3,741.61,0.1,2002.35,298.52,UPI,Standard,3.8
2291,ORD104128,CUST2077,Aarav Sharma,2025-03-12,Ahmedabad,West,Home & Kitchen,Cookware Set,2,2392.31,0.0,4784.62,1380.74,Net Banking,Standard,3.6
2292,ORD103134,CUST1728,Priya Saxena,2025-10-16,Kolkata,East,Books,Novel,5,530.04,0.1,2385.18,455.3,Credit Card,Express,3.4
2293,ORD104868,CUST1778,Aditya Joshi,2025-01-15,Noida,North,Clothing,Sneakers,1,3065.91,0.2,2452.73,478.1,Debit Card,Express,3.5
2294,ORD101171,CUST1514,Meera Mishra,2025-10-14,Chennai,South,Sports,Yoga Mat,1,929.2,0.15,789.82,209.74,Cash on Delivery,Express,3.6
2295,ORD104008,CUST1289,Rahul Tiwari,2025-06-11,Pune,West,Home & Kitchen,Cookware Set,5,2508.01,0.0,12540.05,3077.62,UPI,Standard,3.3
2296,ORD102728,CUST2041,Karan Mehta,2025-03-17,Hyderabad,South,Sports,Football,5,1076.5,0.15,4575.12,984.09,Credit Card,Standard,4.8
2297,ORD101422,CUST1066,Priya Saxena,2025-07-07,Hyderabad,South,Home & Kitchen,Table Lamp,1,842.89,0.0,842.89,100.23,UPI,Express,4.3
2298,ORD102369,CUST1175,Sneha Agarwal,2025-08-02,Noida,North,Home & Kitchen,Bedsheet,4,902.88,0.15,3069.79,378.41,Debit Card,Express,3.9
2299,ORD102685,CUST2032,Aarav Sharma,2025-04-24,Kolkata,East,Electronics,Smart Watch,1,3163.95,0.0,3163.95,471.31,UPI,Same Day,4.5
2300,ORD104173,CUST1806,Aditya Joshi,2025-01-25,Mumbai,West,Beauty,Face Wash,1,379.1,0.0,379.1,107.55,Credit Card,Express,5.0
2301,ORD101464,CUST1747,Rahul Tiwari,2025-11-26,Hyderabad,South,Beauty,Sunscreen,1,669.5,0.0,669.5,118.84,UPI,Same Day,4.6
2302,ORD100874,CUST1609,Aditi Malhotra,2025-01-10,Hyderabad,South,Home & Kitchen,Bedsheet,2,904.48,0.1,1628.06,564.41,Net Banking,Express,4.9
2303,ORD102297,CUST2165,Aditya Joshi,2025-07-31,Chandigarh,North,Sports,Yoga Mat,1,906.83,0.1,816.15,256.81,Credit Card,Standard,3.6
2304,ORD104803,CUST1733,Aarav Sharma,2025-02-19,Hyderabad,South,Home & Kitchen,Coffee Maker,3,3441.65,0.15,8776.21,1211.92,Net Banking,Same Day,3.980060240963855
2305,ORD104359,CUST1540,Rohan Patel,2025-11-03,Chandigarh,North,Electronics,Smart Watch,2,3461.28,0.0,6922.56,1081.18,Debit Card,Standard,3.6
2306,ORD101251,CUST1127,Ishaan Kumar,2025-01-06,Jaipur,North,Clothing,Hoodie,5,1498.84,0.15,6370.07,1686.01,Cash on Delivery,Express,4.1
2307,ORD102561,CUST2188,Ananya Verma,2025-08-09,Pune,West,Beauty,Sunscreen,2,696.37,0.15,1183.83,413.53,UPI,Express,4.1
2308,ORD100840,CUST1926,Rohan Patel,2025-02-04,Lucknow,North,Beauty,Perfume,5,1194.67,0.1,5376.02,1244.37,UPI,Same Day,4.1
2309,ORD103106,CUST1605,Ishaan Kumar,2025-04-25,Chandigarh,North,Clothing,T-Shirt,1,707.92,0.15,601.73,73.64,UPI,Standard,4.0
2310,ORD100581,CUST1822,Arjun Singh,2025-10-23,Hyderabad,South,Electronics,Headphones,3,1935.17,0.2,4644.41,782.24,Debit Card,Standard,4.2
2311,ORD100204,CUST1496,Rohan Patel,2025-03-31,Noida,North,Clothing,Jeans,1,1881.69,0.15,1599.44,199.05,UPI,Standard,3.8
2312,ORD101641,CUST1096,Rohan Patel,2025-04-15,Delhi,North,Electronics,Headphones,1,2050.6,0.05,1948.07,342.43,Cash on Delivery,Standard,5.0
2313,ORD102014,CUST1886,Priya Saxena,2025-02-21,Chandigarh,North,Home & Kitchen,Cookware Set,5,2291.89,0.0,11459.45,2882.48,Debit Card,Standard,3.6
2314,ORD100905,CUST1817,Kavya Srivastava,2025-01-20,Jaipur,North,Beauty,Face Wash,1,384.67,0.15,326.97,107.32,Credit Card,Same Day,3.6
2315,ORD100631,CUST1495,Ishaan Kumar,2025-05-11,Chandigarh,North,Sports,Football,1,954.29,0.1,858.86,149.08,Credit Card,Express,3.9
2316,ORD103130,CUST2050,Rahul Tiwari,2025-11-05,Kolkata,East,Home & Kitchen,Cookware Set,2,2745.33,0.1,4941.59,1054.05,Credit Card,Standard,4.1
2317,ORD101974,CUST1714,Aditi Malhotra,2025-07-14,Kolkata,East,Electronics,Headphones,5,2039.8,0.1,9179.1,1109.71,UPI,Standard,4.9
2318,ORD100162,CUST2164,Karan Mehta,2025-07-25,Mumbai,West,Sports,Yoga Mat,4,944.95,0.05,3590.81,1101.29,UPI,Express,4.4
2319,ORD103210,CUST1724,Aarav Sharma,2025-11-03,Ahmedabad,West,Electronics,Headphones,4,2168.89,0.05,8241.78,1860.28,Debit Card,Standard,3.2
2321,ORD104930,CUST1141,Rahul Tiwari,2025-07-19,Chennai,South,Sports,Yoga Mat,2,944.69,0.05,1794.91,186.11,Cash on Delivery,Same Day,4.0
2322,ORD100617,CUST1806,Rahul Tiwari,2025-03-28,Mumbai,West,Books,Data Science Book,5,963.49,0.05,4576.58,870.58,Credit Card,Standard,4.1
2323,ORD100875,CUST2180,Karan Mehta,2025-07-10,Delhi,North,Books,Novel,1,508.95,0.05,483.5,122.34,Net Banking,Standard,3.3
2324,ORD101431,CUST1925,Meera Mishra,2025-08-16,Chandigarh,North,Home & Kitchen,Table Lamp,2,831.38,0.15,1413.35,240.28,UPI,Same Day,3.1
2325,ORD100547,CUST1400,Arjun Singh,2025-05-12,Chandigarh,North,Clothing,Jeans,1,1777.09,0.05,1688.24,488.12,Net Banking,Same Day,3.5
2326,ORD104393,CUST1878,Kavya Srivastava,2025-04-22,Ahmedabad,West,Clothing,Jeans,1,1738.07,0.2,1390.46,339.05,Debit Card,Same Day,3.9
2327,ORD104761,CUST1383,Rahul Tiwari,2025-09-02,Chennai,South,Electronics,Headphones,2,1866.76,0.15,3173.49,487.79,Credit Card,Standard,3.9
2328,ORD104241,CUST2101,Ananya Verma,2025-01-12,Chandigarh,North,Sports,Running Shoes,5,2886.81,0.05,13712.35,2806.48,Cash on Delivery,Express,3.7
2329,ORD102550,CUST1646,Sneha Agarwal,2025-10-12,Ahmedabad,West,Clothing,Jeans,1,1929.2,0.15,1639.82,397.07,Debit Card,Express,4.3
2330,ORD102699,CUST1040,Rohan Patel,2025-11-06,Mumbai,West,Sports,Football,4,929.7,0.05,3532.86,463.05,Credit Card,Express,3.2
2331,ORD104242,CUST1660,Aditya Joshi,2025-04-20,mumbai,North,Books,Novel,3,466.79,0.25,1050.28,139.22,Debit Card,Express,3.6
2332,ORD104099,CUST1883,Arjun Singh,2025-09-14,lucknow ,East,Electronics,Headphones,1,1993.52,0.3,1395.46,180.38,Cash on Delivery,Standard,3.9
2333,ORD101861,CUST1732,Karan Mehta,2025-04-20,Hyderabad,South,Books,Data Science Book,2,844.96,0.2,1351.94,167.37,Debit Card,Standard,3.9
2334,ORD100640,CUST1893,Aditi Malhotra,2025-11-04,Mumbai,West,Beauty,Sunscreen,1,715.98,0.1,644.38,115.82,Credit Card,Standard,3.3
2335,ORD103779,CUST1291,Priya Saxena,2025-07-14,Jaipur,North,Beauty,Perfume,2,1263.27,0.0,2526.54,830.68,Debit Card,Standard,2.9
2336,ORD100637,CUST1488,Meera Mishra,2025-12-05,Delhi,North,Electronics,Keyboard,1,1325.36,0.15,1126.56,127.8,Cash on Delivery,Express,3.8
2337,ORD103558,CUST1995,Arjun Singh,2025-04-29,Jaipur,North,Sports,Yoga Mat,5,943.25,0.2,3773.0,794.3,Credit Card,Same Day,3.2
2338,ORD103954,CUST1503,Rohan Patel,2025-06-17,Jaipur,North,Clothing,Hoodie,1,1372.51,0.05,1303.88,222.14,Cash on Delivery,Same Day,5.0
2339,ORD103022,CUST1235,Meera Mishra,2025-04-10,Lucknow,North,Home & Kitchen,Table Lamp,5,828.55,0.1,3728.47,966.54,Cash on Delivery,Same Day,3.0
2340,ORD102096,CUST1432,Karan Mehta,2025-08-30,Chennai,South,Sports,Yoga Mat,2,863.63,0.3,1209.08,328.53,Net Banking,Standard,3.4
2341,ORD102509,CUST1902,Rahul Tiwari,2025-05-14,Delhi,North,Home & Kitchen,Table Lamp,2,931.81,0.2,1490.9,244.66,UPI,Standard,4.1
2342,ORD103112,CUST1946,Aarav Sharma,2025-09-04,Hyderabad,South,Home & Kitchen,Table Lamp,4,900.72,0.15,3062.45,862.74,Credit Card,Same Day,4.8
2343,ORD103717,CUST1668,Aditya Joshi,2025-03-21,Bengaluru,South,Books,Novel,4,485.31,0.05,1844.18,536.24,Cash on Delivery,Standard,5.0
2344,ORD102877,CUST2047,Ananya Verma,2025-07-29,Mumbai,West,Home & Kitchen,Coffee Maker,4,3409.49,0.05,12956.06,1562.39,Net Banking,Express,3.8
2345,ORD100921,CUST1779,Ishaan Kumar,2025-09-27,Mumbai,West,Electronics,Headphones,1,2141.1,0.2,1712.88,338.26,Cash on Delivery,Same Day,4.1
2346,ORD100546,CUST1645,Arjun Singh,2025-04-21,Chennai,South,Home & Kitchen,Bedsheet,2,929.92,0.15,1580.86,388.1,UPI,Same Day,4.3
2347,ORD104494,CUST1687,Kavya Srivastava,2025-08-21,Jaipur,North,Electronics,Wireless Mouse,2,748.37,0.25,1122.56,272.55,Net Banking,Same Day,4.4
2348,ORD101900,CUST1284,Rahul Tiwari,2025-10-23,Noida,North,Electronics,Keyboard,1,1245.56,0.1,1121.0,145.78,Net Banking,Standard,4.6
2349,ORD102028,CUST1164,Aarav Sharma,2025-02-15,Bengaluru,South,Electronics,Smart Watch,2,3253.23,0.25,4879.85,1322.01,Credit Card,Same Day,4.3
2350,ORD102301,CUST1379,Ananya Verma,2025-06-20,Bengaluru,South,Home & Kitchen,Cookware Set,1,2639.61,0.1,2375.65,396.65,Debit Card,Same Day,3.8
2351,ORD101885,CUST1597,Priya Saxena,2025-02-22,Jaipur,North,Electronics,Headphones,1,2118.52,0.1,1906.67,460.68,Cash on Delivery,Standard,3.4
2352,ORD101642,CUST1067,Meera Mishra,2025-11-07,Delhi,North,Electronics,Keyboard,1,1291.23,0.0,1291.23,167.37,Net Banking,Express,5.0
2353,ORD103550,CUST1514,Aditi Malhotra,2025-05-26,Ahmedabad,West,Home & Kitchen,Cookware Set,1,2292.29,0.05,2177.68,531.42,Net Banking,Standard,2.9
2354,ORD104829,CUST1290,Arjun Singh,2025-10-31,Lucknow,North,Books,Data Science Book,2,909.54,0.15,1546.22,282.83,Cash on Delivery,Standard,4.6
2355,ORD102097,CUST1369,Sneha Agarwal,2025-01-06,Kolkata,East,Books,Novel,2,525.2,0.15,892.84,150.61,Debit Card,Standard,4.8
2356,ORD104376,CUST1554,Rahul Tiwari,2025-10-26,Kolkata,East,Clothing,T-Shirt,3,650.76,0.1,1757.05,337.08,Credit Card,Express,4.8
2357,ORD103604,CUST1072,Sneha Agarwal,2025-11-20,Kolkata,East,Beauty,Face Wash,1,404.91,0.1,364.42,79.29,Net Banking,Same Day,2.8
2358,ORD104513,CUST1367,Ishaan Kumar,2025-11-03,Pune,West,Electronics,Headphones,5,2045.79,0.05,9717.5,2379.79,Cash on Delivery,Same Day,4.5
2359,ORD104987,CUST1885,Karan Mehta,2025-04-30,Chennai,South,Books,Data Science Book,4,884.74,0.25,2654.22,361.82,Net Banking,Same Day,3.4
2360,ORD100836,CUST1750,Rahul Tiwari,2025-04-24,Chennai,South,Books,Novel,5,512.01,0.15,2176.04,674.12,Debit Card,Same Day,4.0
2361,ORD100601,CUST1221,Aditya Joshi,2025-03-07,Hyderabad,South,Clothing,Hoodie,4,1473.21,0.15,5008.91,1639.13,UPI,Standard,3.6
2362,ORD102184,CUST1299,Kavya Srivastava,2025-05-28,Chennai,South,Books,Programming Book,3,1305.12,0.2,3132.29,642.97,Cash on Delivery,Same Day,3.9
2363,ORD103909,CUST2162,Ananya Verma,2025-02-24,Lucknow,North,Clothing,T-Shirt,1,716.94,0.15,609.4,199.22,Debit Card,Same Day,3.2
2364,ORD104830,CUST2118,Karan Mehta,2025-02-06,Hyderabad,South,Clothing,Hoodie,4,1488.14,0.15,5059.68,566.22,Net Banking,Standard,4.4
2365,ORD104326,CUST1668,Karan Mehta,2025-04-03,Pune,West,Electronics,Headphones,3,1903.46,0.15,4853.82,1393.38,Net Banking,Standard,3.7
2366,ORD101582,CUST1083,Priya Saxena,2025-07-29,Bengaluru,South,Clothing,T-Shirt,5,759.64,0.05,3608.29,823.13,Credit Card,Same Day,4.0
2367,ORD104486,CUST1818,Ananya Verma,2025-11-26,Chennai,South,Books,Programming Book,2,1285.02,0.15,2184.53,370.02,Net Banking,Express,4.4
2368,ORD104236,CUST1293,Meera Mishra,2025-01-13,Chennai,South,Home & Kitchen,Bedsheet,1,963.61,0.1,867.25,229.55,Credit Card,Express,4.4
2369,ORD103820,CUST2191,Kavya Srivastava,2025-12-26,Ahmedabad,West,Books,Data Science Book,3,912.78,0.05,2601.42,542.14,Net Banking,Express,4.1
2370,ORD101070,CUST1428,Rohan Patel,2025-08-21,Pune,West,ELECTRONICS,Novel,5,501.45,0.0,2507.25,797.0,Credit Card,Standard,3.7
2371,ORD101775,CUST1378,Aditya Joshi,2025-01-25,Lucknow,North,Clothing,Sneakers,1,3190.72,0.05,3031.18,552.31,Cash on Delivery,Express,4.1
2372,ORD104828,CUST2112,Karan Mehta,2025-06-12,Noida,North,Sports,Yoga Mat,1,833.15,0.05,791.49,150.09,Cash on Delivery,Same Day,3.8
2373,ORD101283,CUST1978,Diya Gupta,2025-09-27,Chandigarh,North,Home & Kitchen,Cookware Set,2,2461.02,0.1,4429.84,1536.46,Credit Card,Express,3.4
2374,ORD104317,CUST1574,Ishaan Kumar,2025-04-22,Mumbai,West,Books,Novel,3,547.13,0.0,1641.39,344.15,Net Banking,Standard,3.7
2375,ORD104773,CUST1858,Aditi Malhotra,2025-10-16,Chandigarh,North,Electronics,Wireless Mouse,1,801.59,0.2,641.27,217.24,Credit Card,Standard,3.8
2376,ORD101836,CUST1937,Rahul Tiwari,2025-06-29,Noida,North,Beauty,Perfume,1,1362.67,0.05,1294.54,173.85,UPI,Same Day,4.2
2377,ORD104381,CUST1341,Aditya Joshi,2025-10-21,Delhi,North,Beauty,Face Wash,1,386.61,0.15,328.62,48.46,Net Banking,Express,4.2
2378,ORD101019,CUST1136,Aditi Malhotra,2025-10-03,Bengaluru,South,Beauty,Sunscreen,5,700.34,0.0,3501.7,699.55,Net Banking,Express,4.2
2379,ORD103244,CUST1741,Aarav Sharma,2025-06-21,Hyderabad,South,Clothing,Sneakers,1,2817.34,0.15,2394.74,338.6,UPI,Express,3.6
2380,ORD101326,CUST1666,Aditya Joshi,2025-09-12,Bengaluru,South,Sports,Yoga Mat,3,958.94,0.15,2445.3,841.82,UPI,Standard,2.9
2381,ORD100475,CUST1759,Rahul Tiwari,2025-06-06,Hyderabad,South,Clothing,Hoodie,5,1432.99,0.15,6090.21,1889.4,Debit Card,Express,3.7
2382,ORD103488,CUST1825,Aditya Joshi,2025-12-10,Chandigarh,North,Books,Novel,5,450.35,0.15,1913.99,506.82,Cash on Delivery,Same Day,3.9
2383,ORD101651,CUST1298,Rahul Tiwari,2025-12-18,Noida,North,Books,Data Science Book,1,850.25,0.2,680.2,91.64,Debit Card,Standard,3.5
2384,ORD104043,CUST1130,Ananya Verma,2025-10-03,Hyderabad,South,Clothing,Hoodie,2,1528.44,0.0,3056.88,414.1,Credit Card,Standard,3.6
2385,ORD104304,CUST1178,Kavya Srivastava,2025-12-18,Mumbai,West,Electronics,Headphones,4,2056.34,0.05,7814.09,2631.35,Credit Card,Standard,3.3
2386,ORD102643,CUST1829,Aarav Sharma,2025-07-16,Noida,North,Home & Kitchen,Coffee Maker,2,3299.33,0.15,5608.86,1543.81,Net Banking,Same Day,4.7
2387,ORD102851,CUST1557,Ananya Verma,2025-11-26,Jaipur,North,Beauty,Perfume,1,1380.79,0.05,1311.75,398.01,Cash on Delivery,Standard,2.9
2388,ORD104537,CUST1925,Priya Saxena,2025-05-11,Chennai,South,Books,Novel,1,454.83,0.05,432.09,100.75,UPI,Express,3.5
2389,ORD101373,CUST1693,Rohan Patel,2025-07-08,Jaipur,North,Clothing,T-Shirt,3,685.51,0.0,2056.53,558.46,Debit Card,Same Day,3.7
2390,ORD100739,CUST1763,Sneha Agarwal,2025-04-08,Mumbai,West,Books,Novel,1,504.26,0.05,479.05,95.06,Net Banking,Same Day,4.5
2391,ORD103661,CUST1573,Kavya Srivastava,2025-09-24,Jaipur,North,Beauty,Face Wash,2,430.05,0.15,731.09,208.81,Debit Card,Same Day,4.7
2392,ORD104295,CUST1974,Arjun Singh,2025-05-01,Pune,West,Clothing,Hoodie,1,1427.78,0.15,1213.61,401.02,UPI,Same Day,3.3
2393,ORD100867,CUST2118,Meera Mishra,2025-03-06,Hyderabad,South,Clothing,Hoodie,1,1521.9,0.1,1369.71,169.81,Credit Card,Express,3.6
2394,ORD101140,CUST1876,Rohan Patel,2025-05-07,Delhi,North,Clothing,T-Shirt,1,678.05,0.1,610.25,209.37,UPI,Same Day,5.0
2395,ORD100997,CUST1177,Aditya Joshi,2025-09-14,Ahmedabad,West,Beauty,Perfume,1,1310.82,0.15,1114.2,345.43,Credit Card,Same Day,3.3
2396,ORD101337,CUST1372,Sneha Agarwal,2025-10-11,Chandigarh,North,Electronics,Keyboard,1,1402.02,0.1,1261.82,137.31,Net Banking,Same Day,4.1
2397,ORD100541,CUST1668,Arjun Singh,2025-10-07,Noida,North,Clothing,Sneakers,5,3225.23,0.1,14513.53,4471.33,Net Banking,Standard,3.8
2398,ORD101099,CUST1703,Karan Mehta,2025-05-27,Hyderabad,South,Electronics,Keyboard,1,1335.39,0.15,1135.08,363.15,UPI,Same Day,4.9
2399,ORD101132,CUST1887,Kavya Srivastava,2025-02-03,Lucknow,North,Sports,Yoga Mat,1,856.98,0.15,728.43,168.75,Net Banking,Express,3.9
2400,ORD104872,CUST1244,Kavya Srivastava,2025-10-26,Mumbai,West,Clothing,T-Shirt,2,725.92,0.0,1451.84,172.0,Cash on Delivery,Express,3.0
2401,ORD102750,CUST1128,Rohan Patel,2025-04-18,Hyderabad,South,Books,Data Science Book,3,877.68,0.05,2501.39,716.87,Debit Card,Same Day,4.0
2402,ORD102258,CUST1963,Ishaan Kumar,2025-02-19,Bengaluru,South,Home & Kitchen,Table Lamp,1,875.49,0.15,744.17,203.16,UPI,Express,5.0
2403,ORD104032,CUST1749,Priya Saxena,2025-10-13,Pune,West,Home & Kitchen,Bedsheet,3,1061.98,0.15,2708.05,662.0,Debit Card,Standard,3.8
2404,ORD100059,CUST2008,Diya Gupta,2025-08-12,Pune,West,Books,Novel,4,512.44,0.1,1844.78,373.01,Net Banking,Express,3.2
2405,ORD104153,CUST1074,Ananya Verma,2025-10-01,Delhi,North,Sports,Football,2,1098.56,0.05,2087.26,523.45,Net Banking,Express,2.7
2406,ORD101938,CUST1747,Karan Mehta,2025-08-07,Hyderabad,South,Books,Programming Book,2,1235.23,0.15,2099.89,511.98,Credit Card,Standard,4.7
2407,ORD102609,CUST1424,Sneha Agarwal,2025-11-20,Ahmedabad,West,Home & Kitchen,Coffee Maker,2,3716.96,0.25,5575.44,1209.91,Net Banking,Standard,5.0
2408,ORD104956,CUST1562,Priya Saxena,2025-05-24,Hyderabad,South,Sports,Football,3,929.63,0.0,2788.89,798.11,Cash on Delivery,Same Day,3.8
2409,ORD101078,CUST1789,Rohan Patel,2025-02-13,Noida,North,Sports,Yoga Mat,2,870.92,0.05,1654.75,242.75,UPI,Express,4.4
2410,ORD102954,CUST1240,Aditya Joshi,2025-08-27,Kolkata,East,Clothing,Sneakers,1,2918.77,0.05,2772.83,451.15,Net Banking,Standard,5.0
2411,ORD103164,CUST1653,Ananya Verma,2025-06-22,Noida,North,Electronics,Smart Watch,1,3297.57,0.25,2473.18,565.05,Credit Card,Standard,3.6
2412,ORD102518,CUST1176,Aditi Malhotra,2025-11-29,Delhi,North,Electronics,Smart Watch,1,3753.55,0.1,3378.2,1002.15,UPI,Express,5.0
2413,ORD100940,CUST1802,Ishaan Kumar,2025-02-11,Lucknow,North,Clothing,Jeans,1,1621.68,0.2,1297.34,347.45,Cash on Delivery,Standard,4.5
2414,ORD101080,CUST1545,Arjun Singh,2025-11-21,Chandigarh,North,Clothing,Hoodie,1,1369.18,0.05,1300.72,450.53,Credit Card,Standard,4.4
2415,ORD100187,CUST1054,Rahul Tiwari,2025-05-16,Noida,North,Sports,Running Shoes,3,2954.06,0.15,7532.85,1705.74,Debit Card,Express,3.0
2416,ORD102841,CUST1665,Aditi Malhotra,2025-02-09,Chennai,South,Sports,Running Shoes,5,2980.87,0.05,14159.13,1546.2,Debit Card,Same Day,4.7
2417,ORD102085,CUST1737,Aditi Malhotra,2025-07-14,Delhi,North,Sports,Football,2,1029.71,0.1,1853.48,366.18,Net Banking,Same Day,5.0
2418,ORD102249,CUST1645,Meera Mishra,2025-02-14,Chennai,South,Home & Kitchen,Table Lamp,2,826.63,0.1,1487.93,381.24,Debit Card,Same Day,4.1
2419,ORD104910,CUST2076,Karan Mehta,2025-07-06,Mumbai,West,Sports,Yoga Mat,1,811.67,0.1,730.5,79.12,Cash on Delivery,Express,3.8
2420,ORD102023,CUST2173,Aditi Malhotra,2025-02-05,Noida,North,Electronics,Headphones,2,2134.85,0.1,3842.73,490.9,UPI,Express,4.1
2421,ORD103049,CUST1182,Rohan Patel,2025-10-30,Chandigarh,North,Beauty,Sunscreen,2,727.96,0.15,1237.53,138.16,Net Banking,Standard,2.9
2422,ORD104093,CUST1088,Sneha Agarwal,2025-07-14,Bengaluru,South,Clothing,Jeans,1,1788.33,0.05,1698.91,484.71,Net Banking,Same Day,4.3
2423,ORD103649,CUST1996,Ishaan Kumar,2025-11-18,Ahmedabad,West,Electronics,Smart Watch,2,3602.72,0.1,6484.9,1895.32,Net Banking,Same Day,3.0
2424,ORD100226,CUST2115,Rohan Patel,2025-06-22,Ahmedabad,West,Electronics,Wireless Mouse,5,798.87,0.1,3594.91,1193.48,Net Banking,Express,3.2
2425,ORD104650,CUST1867,Rahul Tiwari,2025-11-05,Kolkata,East,Electronics,Smart Watch,2,3283.74,0.25,4925.61,1543.37,Net Banking,Same Day,4.3
2426,ORD101929,CUST1062,Ananya Verma,2025-02-05,Bengaluru,South,Books,Data Science Book,1,847.61,0.1,762.85,100.31,Debit Card,Same Day,4.8
2428,ORD104508,CUST1548,Meera Mishra,2025-08-23,Chennai,South,Sports,Yoga Mat,5,852.75,0.0,4263.75,1323.4,UPI,Standard,4.5
2429,ORD101404,CUST1269,Aarav Sharma,2025-01-23,Bengaluru,South,Electronics,Keyboard,3,1204.61,0.1,3252.45,881.18,Credit Card,Standard,4.2
2430,ORD102179,CUST1806,Rahul Tiwari,2025-01-10,Noida,North,Books,Data Science Book,1,906.92,0.05,861.57,207.15,Debit Card,Same Day,4.7
2431,ORD100697,CUST2178,Meera Mishra,2025-12-01,Chandigarh,North,Clothing,Jeans,3,1767.96,0.1,4773.49,1044.2,Debit Card,Standard,3.8
2432,ORD101124,CUST1240,Meera Mishra,2025-12-29,Bengaluru,South,Home & Kitchen,Bedsheet,1,1080.64,0.1,972.58,273.01,Credit Card,Same Day,3.1
2433,ORD102968,CUST1474,Meera Mishra,2025-02-17,Noida,North,Beauty,Perfume,1,1376.28,0.0,1376.28,263.01,Credit Card,Standard,2.9
2434,ORD102955,CUST1397,Rahul Tiwari,2025-03-18,Ahmedabad,West,Home & Kitchen,Bedsheet,3,932.04,0.2,2236.9,616.34,Credit Card,Express,3.2
2435,ORD101778,CUST1240,Meera Mishra,2025-08-15,Kolkata,East,Home & Kitchen,Coffee Maker,5,3731.56,0.2,14926.24,3847.37,Cash on Delivery,Same Day,3.6
2436,ORD102894,CUST1712,Ananya Verma,2025-04-20,Ahmedabad,West,Clothing,Sneakers,1,3232.66,0.3,2262.86,399.83,Net Banking,Same Day,3.7
2437,ORD101037,CUST1925,Rohan Patel,2025-03-20,Chennai,South,Home & Kitchen,Bedsheet,4,1038.83,0.1,3739.79,1123.21,Credit Card,Standard,3.9
2438,ORD104193,CUST1218,Aditya Joshi,2025-09-13,Kolkata,East,Books,Data Science Book,5,825.57,0.0,4127.85,803.71,Cash on Delivery,Same Day,3.5
2439,ORD102256,CUST2199,Sneha Agarwal,2025-08-26,Hyderabad,South,Electronics,Keyboard,5,1209.95,0.1,5444.78,827.79,Credit Card,Standard,4.8
2440,ORD100313,CUST1025,Diya Gupta,2025-02-05,Delhi,North,Sports,Yoga Mat,1,850.95,0.2,680.76,92.9,Net Banking,Express,3.5
2441,ORD102281,CUST1933,Rahul Tiwari,2025-02-17,Kolkata,East,Sports,Running Shoes,3,2822.42,0.1,7620.53,2183.06,UPI,Express,3.7
2442,ORD101416,CUST1566,Aditya Joshi,2025-10-29,Delhi,North,Beauty,Perfume,4,1288.68,0.2,4123.78,727.97,Cash on Delivery,Same Day,4.6
2443,ORD101036,CUST1035,Meera Mishra,2025-11-14,Noida,North,Clothing,Sneakers,1,2882.54,0.1,2594.29,283.13,Net Banking,Standard,3.4
2444,ORD102159,CUST1325,Ananya Verma,2025-07-19,Bengaluru,South,Beauty,Face Wash,4,426.43,0.1,1535.15,176.39,Credit Card,Express,3.6
2445,ORD104181,CUST1060,Ananya Verma,2025-04-13,Bengaluru,South,Electronics,Keyboard,2,1322.88,0.25,1984.32,634.29,Debit Card,Express,4.1
2446,ORD101754,CUST1635,Ishaan Kumar,2025-07-26,Pune,West,Beauty,Face Wash,1,395.93,0.1,356.34,59.76,Cash on Delivery,Express,4.9
2447,ORD103998,CUST1418,Diya Gupta,2025-06-03,Pune,West,Home & Kitchen,Coffee Maker,5,3557.53,0.0,17787.65,4828.65,Debit Card,Express,4.3
2448,ORD104805,CUST2115,Ananya Verma,2025-02-10,Hyderabad,South,Books,Data Science Book,4,848.94,0.0,3395.76,930.79,Debit Card,Same Day,3.1
2449,ORD102732,CUST1043,Diya Gupta,2025-07-14,Pune,West,Home & Kitchen,Cookware Set,2,2382.39,0.25,3573.59,584.04,Net Banking,Same Day,3.4
2450,ORD104053,CUST1607,Aditi Malhotra,2025-11-15,Noida,North,Books,Novel,1,525.74,0.1,473.17,142.97,Cash on Delivery,Express,5.0
2452,ORD103471,CUST2076,Priya Saxena,2025-12-16,Delhi,North,Home & Kitchen,Cookware Set,5,2595.1,0.05,12326.72,1628.98,UPI,Same Day,4.5
2453,ORD101506,CUST1169,Aditya Joshi,2025-04-29,Chennai,South,Clothing,Jeans,1,1863.26,0.2,1490.61,434.84,Cash on Delivery,Standard,2.9
2454,ORD101923,CUST1570,Ishaan Kumar,2025-12-06,Chandigarh,North,Sports,Running Shoes,5,3180.89,0.05,15109.23,2952.14,UPI,Express,3.4
2455,ORD100448,CUST1528,Aditi Malhotra,2025-04-15,Pune,West,Clothing,Jeans,3,1665.88,0.1,4497.88,697.23,Cash on Delivery,Standard,3.8
2456,ORD102829,CUST1491,Ishaan Kumar,2025-07-11,Pune,West,Home & Kitchen,Table Lamp,4,818.25,0.05,3109.35,1019.09,UPI,Express,4.9
2457,ORD103094,CUST1223,Rahul Tiwari,2025-05-03,Hyderabad,South,Home & Kitchen,Cookware Set,1,2744.98,0.15,2333.23,382.52,Credit Card,Standard,3.5
2458,ORD104989,CUST1071,Meera Mishra,2025-07-31,Bengaluru,South,Clothing,Jeans,2,1841.84,0.05,3499.5,602.67,Credit Card,Same Day,4.0
2459,ORD104273,CUST1603,Meera Mishra,2025-08-05,Noida,North,Electronics,Keyboard,1,1375.89,0.0,1375.89,377.81,Credit Card,Same Day,3.5
2461,ORD102183,CUST1392,Rohan Patel,2025-01-03,Jaipur,North,Books,Data Science Book,2,876.43,0.2,1402.29,302.55,Cash on Delivery,Express,4.6
2462,ORD101134,CUST1408,Arjun Singh,2025-06-25,Jaipur,North,Sports,Football,1,1042.29,0.15,885.95,250.08,Debit Card,Express,4.9
2463,ORD103924,CUST1245,Aditi Malhotra,2025-12-13,Hyderabad,South,Electronics,Wireless Mouse,4,841.58,0.15,2861.37,366.46,Cash on Delivery,Standard,4.9
2464,ORD102155,CUST1395,Kavya Srivastava,2025-03-16,Noida,North,Home & Kitchen,Table Lamp,1,810.96,0.25,608.22,126.07,Credit Card,Standard,3.7
2465,ORD101830,CUST1450,Karan Mehta,2025-10-15,Chennai,South,Books,Novel,1,542.43,0.15,461.07,91.52,Net Banking,Standard,3.6
2466,ORD101053,CUST1358,Karan Mehta,2025-12-22,Delhi,North,Sports,Football,1,938.63,0.0,938.63,317.3,Debit Card,Express,4.4
2467,ORD102460,CUST1799,Ananya Verma,2025-05-05,Noida,North,Beauty,Perfume,5,1242.08,0.05,5899.88,1771.36,Cash on Delivery,Standard,2.9
2469,ORD102066,CUST1130,Priya Saxena,2025-01-15,Pune,West,Clothing,T-Shirt,1,738.08,0.2,590.46,61.02,Debit Card,Same Day,3.8
2470,ORD101653,CUST2038,Aditya Joshi,2025-03-24,Delhi,North,Books,Data Science Book,4,870.04,0.05,3306.15,752.63,Cash on Delivery,Express,3.5
2472,ORD103249,CUST1590,Meera Mishra,2025-11-26,Mumbai,West,Beauty,Perfume,2,1292.79,0.1,2327.02,442.34,Cash on Delivery,Express,5.0
2473,ORD104237,CUST1372,Rahul Tiwari,2025-11-26,Kolkata,East,Electronics,Wireless Mouse,1,848.35,0.15,721.1,186.43,Credit Card,Same Day,4.1
2474,ORD104081,CUST1007,Priya Saxena,2025-03-27,Hyderabad,South,Clothing,Jeans,1,1704.36,0.05,1619.14,536.02,UPI,Express,4.8
2475,ORD102468,CUST1752,Arjun Singh,2025-08-14,Chandigarh,North,Home & Kitchen,Coffee Maker,1,3626.92,0.0,3626.92,1000.47,Debit Card,Same Day,5.0
2476,ORD102325,CUST1282,Meera Mishra,2025-08-11,Chennai,South,Sports,Running Shoes,2,3192.87,0.0,6385.74,1208.33,UPI,Express,5.0
2477,ORD100460,CUST1894,Karan Mehta,2025-04-20,Pune,West,Sports,Football,1,908.57,0.0,908.57,188.53,UPI,Standard,4.6
2478,ORD101067,CUST1236,Priya Saxena,2025-05-15,Hyderabad,South,Home & Kitchen,Table Lamp,2,970.57,0.1,1747.03,477.95,Credit Card,Express,3.6
2479,ORD100087,CUST1072,Meera Mishra,2025-04-28,Mumbai,West,Beauty,Sunscreen,1,650.83,0.2,520.66,88.93,Credit Card,Same Day,3.9
2480,ORD101430,CUST2166,Priya Saxena,2025-01-30,Lucknow,North,Clothing ,Perfume,1,1183.11,0.0,1183.11,163.53,Cash on Delivery,Same Day,3.3
2481,ORD103873,CUST1344,Priya Saxena,2025-06-30,Chandigarh,North,Beauty,Perfume,1,1222.52,0.2,978.02,152.33,Credit Card,Same Day,4.6
2482,ORD100282,CUST2000,Karan Mehta,2025-02-16,Jaipur,North,Home & Kitchen,Cookware Set,1,2624.71,0.1,2362.24,663.45,Debit Card,Express,3.5
2483,ORD100462,CUST1457,Rahul Tiwari,2025-12-29,Ahmedabad,West,Electronics,Smart Watch,5,3677.0,0.2,14708.0,4531.41,Debit Card,Same Day,4.8
2484,ORD100212,CUST1266,Ananya Verma,2025-05-09,Noida,North,Electronics,Smart Watch,2,3595.73,0.1,6472.31,2243.67,Debit Card,Express,4.0
2485,ORD104287,CUST1427,Ananya Verma,2025-06-09,Noida,North,Books,Novel,4,500.88,0.1,1803.17,225.68,Net Banking,Standard,4.7
2486,ORD101368,CUST1082,Ishaan Kumar,2025-06-14,Bengaluru,South,Home & Kitchen,Cookware Set,3,2359.0,0.1,6369.3,1557.68,Net Banking,Standard,4.1
2488,ORD102805,CUST2048,Rahul Tiwari,2025-05-21,Kolkata,East,Books,Programming Book,1,1260.32,0.1,1134.29,343.06,Net Banking,Same Day,4.4
2489,ORD100597,CUST1815,Priya Saxena,2025-04-26,Noida,North,Sports,Running Shoes,2,2807.94,0.05,5335.09,1172.67,Debit Card,Same Day,3.6
2490,ORD104439,CUST1868,Sneha Agarwal,2025-05-18,Delhi,North,Clothing,Sneakers,1,2704.16,0.15,2298.54,777.49,Cash on Delivery,Same Day,3.9
2491,ORD102250,CUST2002,Rohan Patel,2025-01-08,Noida,North,Clothing,Jeans,3,1661.75,0.05,4735.99,567.82,Debit Card,Same Day,4.7
2492,ORD104076,CUST1353,Aarav Sharma,2025-02-20,Chandigarh,North,Sports,Running Shoes,2,3206.16,0.15,5450.47,1472.62,Cash on Delivery,Same Day,3.8
2493,ORD102283,CUST1809,Aditya Joshi,2025-12-21,Lucknow,North,Home & Kitchen,Cookware Set,1,2424.17,0.0,2424.17,778.51,Credit Card,Same Day,3.7
2494,ORD100662,CUST1916,Ishaan Kumar,2025-05-25,Hyderabad,South,Books,Programming Book,1,1088.7,0.2,870.96,175.69,Debit Card,Standard,4.0
2495,ORD104983,CUST1648,Meera Mishra,2025-06-10,Delhi,North,Books,Novel,2,522.79,0.1,941.02,180.47,Debit Card,Standard,4.8
2496,ORD102285,CUST1152,Sneha Agarwal,2025-12-22,Hyderabad,South,Electronics,Wireless Mouse,1,760.61,0.1,684.55,120.74,Net Banking,Same Day,3.3
2497,ORD104814,CUST1457,Meera Mishra,2025-02-13,Mumbai,West,Electronics,Wireless Mouse,1,758.95,0.1,683.06,214.44,UPI,Same Day,3.0
2498,ORD103231,CUST1757,Karan Mehta,2025-04-06,Chandigarh,North,Sports,Football,3,916.4,0.1,2474.28,410.14,Net Banking,Standard,5.0
2499,ORD102533,CUST1219,Ananya Verma,2025-10-12,Chennai,South,Books,Novel,2,493.75,0.2,790.0,240.79,Debit Card,Express,4.3
2500,ORD103878,CUST2027,Sneha Agarwal,2025-09-27,Chennai,South,Home & Kitchen,Cookware Set,2,2339.13,0.2,3742.61,684.92,Debit Card,Same Day,4.4
2501,ORD100779,CUST2139,Rohan Patel,2025-11-30,Hyderabad,South,Clothing,Hoodie,1,1624.85,0.15,1381.12,176.35,Cash on Delivery,Standard,3.8
2502,ORD103519,CUST2055,Ananya Verma,2025-08-04,Ahmedabad,West,Clothing,Jeans,1,1710.95,0.15,1454.31,350.12,UPI,Express,3.6
2503,ORD103466,CUST1050,Diya Gupta,2025-11-01,Chennai,South,Home & Kitchen,Cookware Set,2,2313.4,0.1,4164.12,1141.5,UPI ,Express,2.9
2504,ORD103326,CUST1497,Priya Saxena,2025-04-21,Ahmedabad,West,Electronics,Keyboard,4,1203.46,0.15,4091.76,566.28,UPI,Same Day,3.9
2505,ORD103235,CUST1266,Rohan Patel,2025-04-27,Bengaluru,South,Books,Programming Book,1,1216.35,0.0,1216.35,195.07,Cash on Delivery,Same Day,4.1
2506,ORD104855,CUST2034,Aditi Malhotra,2025-02-05,Jaipur,North,Clothing,Sneakers,2,3065.75,0.05,5824.93,740.01,Cash on Delivery,Express,3.4
2507,ORD100685,CUST1559,Aditya Joshi,2025-04-04,Lucknow,North,Clothing,T-Shirt,2,653.03,0.1,1175.45,150.67,Credit Card,Same Day,5.0
2508,ORD103207,CUST1414,Diya Gupta,2025-09-07,Ahmedabad,West,Home & Kitchen,Cookware Set,5,2571.68,0.15,10929.64,1298.26,Cash on Delivery,Express,4.3
2509,ORD103986,CUST1877,Aditya Joshi,2025-09-07,Hyderabad,South,Books,Novel,1,536.15,0.05,509.34,142.22,UPI,Same Day,4.4
2510,ORD104851,CUST1685,Sneha Agarwal,2025-06-09,Delhi,North,Sports,Yoga Mat,1,931.22,0.1,838.1,157.09,UPI,Express,3.7
2511,ORD102171,CUST1089,Aditi Malhotra,2025-08-21,Jaipur,North,Electronics,Headphones,1,1925.29,0.0,1925.29,620.42,UPI,Express,3.8
2512,ORD104694,CUST1792,Sneha Agarwal,2025-09-16,Delhi,North,Books,Programming Book,2,1273.3,0.2,2037.28,315.36,Net Banking,Standard,5.0
2513,ORD101850,CUST1932,Arjun Singh,2025-05-03,Hyderabad,South,Home & Kitchen,Cookware Set,5,2556.87,0.0,12784.35,1814.32,Net Banking,Express,5.0
2514,ORD100487,CUST1484,Meera Mishra,2025-11-12,Pune,West,Electronics,Wireless Mouse,4,780.84,0.1,2811.02,495.38,Net Banking,Express,4.2
2515,ORD101688,CUST1172,Aditi Malhotra,2025-03-02,Noida,North,Beauty,Sunscreen,2,666.32,0.0,1332.64,401.02,Net Banking,Standard,3.1
2516,ORD102230,CUST1161,Arjun Singh,2025-03-20,Noida,North,Beauty,Perfume,1,1214.5,0.25,910.88,307.4,UPI,Same Day,3.7
2517,ORD103303,CUST1515,Rahul Tiwari,2025-06-28,Lucknow,North,Beauty,Face Wash,2,374.54,0.15,636.72,214.9,UPI,Same Day,3.5
2518,ORD102320,CUST1348,Priya Saxena,2025-04-29,Jaipur,North,Electronics,Smart Watch,4,3155.74,0.1,11360.66,2628.38,UPI,Standard,3.2
2519,ORD100782,CUST1908,Kavya Srivastava,2025-10-01,Chandigarh,North,Books,Data Science Book,1,819.77,0.15,696.8,116.44,Debit Card,Standard,3.0
2520,ORD100521,CUST1283,Ananya Verma,2025-02-08,Ahmedabad,West,Sports,Football,3,925.86,0.0,2777.58,620.26,Debit Card,Same Day,4.4
2521,ORD100522,CUST1807,Arjun Singh,2025-04-13,Chennai,South,Books,Novel,5,500.91,0.0,2504.55,804.34,Net Banking,Standard,3.8
2522,ORD102873,CUST1563,Rahul Tiwari,2025-10-21,Hyderabad,South,Home & Kitchen,Table Lamp,2,876.32,0.05,1665.01,576.94,Cash on Delivery,Same Day,4.2
2524,ORD102398,CUST1269,Aditya Joshi,2025-09-17,Chandigarh,North,Beauty,Face Wash,5,426.15,0.15,1811.14,533.11,Credit Card,Standard,4.1
2525,ORD102207,CUST1969,Meera Mishra,2025-09-21,Chennai,South,Clothing,Hoodie,2,1634.92,0.1,2942.86,1012.76,Credit Card,Express,3.3
2526,ORD103518,CUST1743,Karan Mehta,2025-06-05,Lucknow,North,Books,Data Science Book,4,862.57,0.15,2932.74,565.33,Credit Card,Express,4.0
2527,ORD103593,CUST1512,Diya Gupta,2025-01-25,Delhi,North,Clothing,Sneakers,5,2792.1,0.1,12564.45,3045.87,Net Banking,Same Day,3.8
2528,ORD103780,CUST1700,Karan Mehta,2025-10-06,Bengaluru,South,Home & Kitchen,Cookware Set,5,2500.58,0.15,10627.47,1079.2,UPI,Standard,3.3
2529,ORD102857,CUST1737,Meera Mishra,2025-12-07,Mumbai,West,Sports,Yoga Mat,4,848.89,0.15,2886.23,752.61,Credit Card,Express,3.5
2530,ORD101511,CUST2185,Ishaan Kumar,2025-03-14,Kolkata,East,Home & Kitchen,Table Lamp,1,979.44,0.3,685.61,208.92,UPI,Express,3.2
2531,ORD101882,CUST1592,Rahul Tiwari,2025-10-30,Chandigarh,North,Sports,Yoga Mat,3,848.6,0.15,2163.93,427.59,Debit Card,Standard,3.2
2532,ORD100651,CUST1022,Karan Mehta,2025-01-02,Delhi,North,Sports,Running Shoes,1,2814.85,0.05,2674.11,802.4,Credit Card,Express,3.9
2533,ORD103271,CUST1056,Ishaan Kumar,2025-04-08,Noida,North,Clothing,Hoodie,1,1471.64,0.05,1398.06,334.83,Credit Card,Express,3.4
2534,ORD103126,CUST1422,Karan Mehta,2025-05-05,Jaipur,North,Home & Kitchen,Table Lamp,2,918.39,0.05,1744.94,225.28,Debit Card,Express,4.7
2536,ORD102673,CUST1705,Meera Mishra,2025-11-12,Kolkata,East,Beauty,Face Wash,1,371.69,0.1,334.52,98.77,Cash on Delivery,Standard,4.4
2537,ORD100118,CUST1355,Arjun Singh,2025-05-04,Chennai,South,Books,Novel,3,502.08,0.05,1430.93,230.66,UPI,Same Day,4.1
2538,ORD103360,CUST1975,Diya Gupta,2025-08-08,Hyderabad,South,Beauty,Sunscreen,1,670.37,0.1,603.33,202.25,UPI,Same Day,4.5
2539,ORD103961,CUST1957,Kavya Srivastava,2025-10-01,Hyderabad,South,Home & Kitchen,Coffee Maker,1,3784.34,0.15,3216.69,801.08,Credit Card,Express,3.5
2540,ORD102216,CUST1839,Diya Gupta,2025-11-22,Mumbai,West,Home & Kitchen,Bedsheet,1,952.28,0.25,714.21,159.33,Debit Card,Express,3.7
2541,ORD103855,CUST1301,Priya Saxena,2025-05-31,Jaipur,North,Sports,Running Shoes,1,3134.59,0.0,3134.59,1092.98,UPI,Express,3.8
2542,ORD101613,CUST1323,Meera Mishra,2025-09-05,Hyderabad,South,Beauty,Sunscreen,1,691.44,0.1,622.3,191.2,Debit Card,Express,3.8
2543,ORD102949,CUST1825,Sneha Agarwal,2025-06-22,Hyderabad,South,Books,Data Science Book,3,914.29,0.25,2057.15,590.5,Cash on Delivery,Express,4.3
2544,ORD100962,CUST1439,Arjun Singh,2025-05-24,Chennai,South,Beauty,Perfume,5,1199.72,0.05,5698.67,1424.71,Cash on Delivery,Express,3.6
2545,ORD102510,CUST1999,Meera Mishra,2025-08-02,Lucknow,North,Books,Data Science Book,4,898.49,0.05,3414.26,347.02,UPI,Same Day,3.5
2546,ORD103615,CUST1148,Rohan Patel,2025-01-09,Delhi,North,Sports,Football,3,1064.29,0.1,2873.58,501.78,Cash on Delivery,Express,4.8
2547,ORD102858,CUST1992,Sneha Agarwal,2025-05-25,Kolkata,East,Home & Kitchen,Coffee Maker,2,3523.48,0.0,7046.96,2071.7,Debit Card,Express,3.6
2548,ORD103485,CUST2196,Priya Saxena,2025-07-24,Pune,West,Electronics,Smart Watch,2,3326.91,0.1,5988.44,1077.67,Debit Card,Same Day,4.5
2549,ORD104176,CUST1521,Arjun Singh,2025-03-01,Bengaluru,South,Books,Data Science Book,1,851.88,0.0,851.88,218.26,UPI,Standard,3.8
2550,ORD102415,CUST1719,Aarav Sharma,2025-05-22,Pune,West,Beauty,Face Wash,1,434.62,0.15,369.43,109.02,Net Banking,Same Day,4.3
2551,ORD104674,CUST1823,Ananya Verma,2025-10-10,Noida,North,Home & Kitchen,Table Lamp,1,885.21,0.15,752.43,134.46,Credit Card,Express,4.6
2552,ORD104255,CUST1816,Ishaan Kumar,2025-01-06,Lucknow,North,Electronics,Smart Watch,2,3426.66,0.1,6167.99,898.69,Net Banking,Standard,4.3
2553,ORD102185,CUST1817,Arjun Singh,2025-03-29,Mumbai,West,Clothing,T-Shirt,2,649.55,0.15,1104.23,307.64,Debit Card,Express,3.8
2554,ORD102856,CUST2005,Karan Mehta,2025-02-19,Hyderabad,South,Clothing,Jeans,1,1947.84,0.15,1655.66,193.0,Credit Card,Standard,4.8
2555,ORD102037,CUST2108,Rohan Patel,2025-10-29,Pune,West,Clothing,T-Shirt,1,768.74,0.05,730.3,76.7,Cash on Delivery,Standard,4.0
2556,ORD104280,CUST1501,Ishaan Kumar,2025-06-01,Delhi,North,Clothing,Jeans,5,1769.34,0.05,8404.36,2508.68,Debit Card,Express,3.8
2557,ORD100772,CUST1371,Meera Mishra,2025-06-17,Delhi,North,Books,Novel,5,547.88,0.1,2465.46,553.7,Debit Card,Standard,3.6
2558,ORD101284,CUST1253,Sneha Agarwal,2025-11-14,Jaipur,North,Sports,Running Shoes,1,3061.98,0.1,2755.78,360.33,UPI,Standard,4.3
2559,ORD104623,CUST2169,Diya Gupta,2025-08-12,Chennai,South,Books,Data Science Book,5,933.61,0.1,4201.24,775.8,UPI,Express,5.0
2560,ORD104756,CUST1476,Kavya Srivastava,2025-02-21,Kolkata,East,Electronics,Wireless Mouse,1,763.02,0.2,610.42,209.01,Cash on Delivery,Standard,3.5
2561,ORD104595,CUST1659,Diya Gupta,2025-01-07,Jaipur,North,Electronics,Wireless Mouse,5,779.37,0.0,3896.85,1331.64,UPI,Same Day,3.7
2563,ORD101234,CUST1607,Ishaan Kumar,2025-08-07,Jaipur,North,Sports,Yoga Mat,2,936.5,0.1,1685.7,500.52,Net Banking,Same Day,5.0
2564,ORD104718,CUST1198,Aarav Sharma,2025-07-15,Delhi,North,Beauty,Sunscreen,2,748.13,0.1,1346.63,157.72,Debit Card,Same Day,3.3
2565,ORD100435,CUST2080,Kavya Srivastava,2025-09-19,Ahmedabad,West,Books,Novel,1,524.78,0.1,472.3,148.09,Net Banking,Express,4.0
2566,ORD101674,CUST1707,Priya Saxena,2025-12-17,Noida,North,Home & Kitchen,Coffee Maker,2,3454.02,0.05,6562.64,1772.63,UPI,Express,3.1
2567,ORD100365,CUST1854,Ananya Verma,2025-11-18,Jaipur,North,Sports,Running Shoes,3,3099.07,0.1,8367.49,1509.46,Net Banking,Standard,4.1
2568,ORD102683,CUST1132,Aditya Joshi,2025-08-27,Ahmedabad,West,Sports,Yoga Mat,4,886.82,0.2,2837.82,825.9,UPI,Same Day,2.9
2569,ORD100231,CUST1900,Aditi Malhotra,2025-04-15,Mumbai,West,Beauty,Perfume,3,1234.16,0.05,3517.36,863.9,UPI,Same Day,4.3
2570,ORD104286,CUST2121,Meera Mishra,2025-10-23,Noida,North,Sports,Football,2,925.06,0.15,1572.6,467.65,UPI,Standard,4.6
2571,ORD104086,CUST1325,Kavya Srivastava,2025-04-03,Ahmedabad,West,Home & Kitchen,Coffee Maker,2,3716.58,0.25,5574.87,869.64,UPI,Standard,3.1
2572,ORD104418,CUST1859,Diya Gupta,2025-07-09,Ahmedabad,West,Beauty,Sunscreen,1,695.74,0.0,695.74,229.42,Net Banking,Express,4.4
2573,ORD100407,CUST1215,Rohan Patel,2025-08-23,Chandigarh,North,ELECTRONICS,Hoodie,1,1561.94,0.15,1327.65,404.87,Debit Card,Express,4.8
2574,ORD102090,CUST1080,Karan Mehta,2025-12-07,Noida,North,Books,Programming Book,2,1314.73,0.0,2629.46,586.32,Credit Card,Same Day,4.5
2575,ORD100086,CUST1258,Aditya Joshi,2025-04-29,Mumbai,West,Home & Kitchen,Coffee Maker,2,3785.26,0.1,6813.47,1945.79,Cash on Delivery,Express,3.5
2576,ORD100844,CUST1333,Kavya Srivastava,2025-05-25,Hyderabad,South,Home & Kitchen,Table Lamp,4,907.62,0.05,3448.96,968.21,UPI,Express,5.0
2577,ORD101031,CUST1077,Aditya Joshi,2025-09-30,Pune,West,Beauty,Sunscreen,4,758.51,0.05,2882.34,628.71,Debit Card,Express,4.0
2578,ORD104321,CUST1918,Aditi Malhotra,2025-06-07,Ahmedabad,West,Clothing,Hoodie,4,1452.92,0.2,4649.34,803.76,UPI,Standard,4.0
2579,ORD103240,CUST2196,Rahul Tiwari,2025-07-03,Noida,North,Home & Kitchen,Coffee Maker,1,3784.34,0.1,3405.91,626.45,Debit Card,Express,4.4
2581,ORD103268,CUST1189,Aditya Joshi,2025-09-09,Ahmedabad,West,Books,Programming Book,5,1110.37,0.15,4719.07,971.52,Cash on Delivery,Standard,4.5
2582,ORD102692,CUST1913,Kavya Srivastava,2025-05-31,Chandigarh,North,Clothing,Sneakers,2,3042.04,0.2,4867.26,929.51,UPI,Same Day,2.7
2583,ORD100855,CUST1807,Meera Mishra,2025-05-10,Jaipur,North,Home & Kitchen,Cookware Set,1,2507.8,0.0,2507.8,657.4,Debit Card,Same Day,5.0
2584,ORD100078,CUST1066,Kavya Srivastava,2025-10-20,Jaipur,North,Clothing,T-Shirt,2,758.37,0.2,1213.39,132.55,Net Banking,Standard,3.3
2585,ORD102247,CUST2154,Karan Mehta,2025-09-01,Jaipur,North,Beauty,Face Wash,1,380.84,0.25,285.63,44.94,Debit Card,Express,4.0
2586,ORD104589,CUST2123,Aarav Sharma,2025-12-05,Kolkata,East,Beauty,Sunscreen,3,667.09,0.25,1500.95,491.68,Net Banking,Express,4.0
2587,ORD103699,CUST1470,Karan Mehta,2025-01-27,Jaipur,North,Sports,Football,2,949.98,0.15,1614.97,466.22,Credit Card,Same Day,3.5
2588,ORD102948,CUST1576,Sneha Agarwal,2025-01-04,Bengaluru,South,Electronics,Smart Watch,3,3555.14,0.2,8532.34,2179.83,Credit Card,Standard,4.4
2589,ORD102945,CUST1197,Kavya Srivastava,2025-01-05,Chennai,South,Home & Kitchen,Cookware Set,1,2289.11,0.05,2174.65,308.65,Debit Card,Same Day,5.0
2590,ORD102279,CUST2027,Karan Mehta,2025-06-18,Ahmedabad,West,Beauty,Perfume,1,1285.91,0.2,1028.73,109.77,Credit Card,Express,2.8
2591,ORD104012,CUST1487,Aditi Malhotra,2025-05-01,Hyderabad,South,Electronics,Wireless Mouse,4,766.85,0.05,2914.03,845.63,Net Banking,Standard,4.4
2592,ORD104177,CUST1293,Sneha Agarwal,2025-06-06,Kolkata,East,Books,Novel,1,464.68,0.0,464.68,131.2,UPI,Express,3.8
2593,ORD103914,CUST1038,Rahul Tiwari,2025-09-28,Ahmedabad,West,Home & Kitchen,Cookware Set,4,2463.36,0.1,8868.1,2212.57,Cash on Delivery,Express,4.1
2594,ORD104036,CUST2186,Diya Gupta,2025-10-30,Mumbai,West,Electronics,Wireless Mouse,3,721.05,0.15,1838.68,193.92,Credit Card,Express,4.1
2595,ORD102176,CUST2080,Meera Mishra,2025-04-02,Ahmedabad,West,Sports,Football,1,1090.15,0.05,1035.64,265.48,Debit Card,Standard,5.0
2596,ORD100424,CUST1648,Meera Mishra,2025-07-04,Bengaluru,South,Clothing,Sneakers,5,2759.57,0.15,11728.17,1565.64,Debit Card,Standard,4.3
2597,ORD100392,CUST1055,Aarav Sharma,2025-05-10,Chandigarh,North,Electronics,Smart Watch,1,3235.73,0.05,3073.94,562.34,Net Banking,Standard,3.7
2598,ORD104746,CUST1882,Sneha Agarwal,2025-10-24,Noida,North,Electronics,Smart Watch,1,3433.16,0.1,3089.84,430.02,Credit Card,Express,3.4
2599,ORD103455,CUST2126,Kavya Srivastava,2025-07-09,Kolkata,East,Clothing,Jeans,3,1702.03,0.15,4340.18,1494.96,Debit Card,Same Day,4.6
2600,ORD100104,CUST1042,Priya Saxena,2025-12-25,Ahmedabad,West,Clothing,Jeans,3,1769.95,0.1,4778.87,492.78,Credit Card,Express,3.6
2601,ORD103008,CUST1298,Priya Saxena,2025-11-21,Mumbai,West,Clothing,Jeans,5,1626.29,0.2,6505.16,717.88,Net Banking,Express,3.6
2603,ORD103173,CUST1636,Aarav Sharma,2025-01-26,Jaipur,North,Clothing,Sneakers,2,2724.24,0.1,4903.63,757.71,Cash on Delivery,Same Day,4.6
2604,ORD104058,CUST1015,Arjun Singh,2025-03-21,Lucknow,North,Electronics,Smart Watch,3,3595.2,0.15,9167.76,2825.04,Credit Card,Same Day,3.9
2605,ORD101948,CUST1271,Rahul Tiwari,2025-02-18,Jaipur,North,Books,Novel,1,537.1,0.15,456.54,150.85,UPI,Standard,3.5
2606,ORD101459,CUST1936,Sneha Agarwal,2025-06-05,Delhi,North,Electronics,Wireless Mouse,3,802.25,0.0,2406.75,519.02,UPI,Express,3.3
2607,ORD103296,CUST1112,Karan Mehta,2025-12-29,Chennai,South,Beauty,Face Wash,1,386.15,0.0,386.15,96.96,Debit Card,Standard,4.9
2608,ORD104661,CUST1487,Diya Gupta,2025-11-16,Mumbai,West,Beauty,Face Wash,2,435.73,0.05,827.89,153.66,UPI,Same Day,3.6
2609,ORD103075,CUST2187,Rahul Tiwari,2025-05-30,Lucknow,North,Books,Data Science Book,5,892.22,0.1,4014.99,541.11,Credit Card,Same Day,5.0
2610,ORD104809,CUST1184,Aditya Joshi,2025-10-20,Chennai,South,Electronics,Headphones,1,1856.42,0.1,1670.78,282.78,Credit Card,Standard,2.7
2611,ORD101587,CUST2099,Aditi Malhotra,2025-02-06,Noida,North,Clothing,Hoodie,2,1422.16,0.2,2275.46,671.62,Cash on Delivery,Standard,3.1
2612,ORD103702,CUST2091,Aarav Sharma,2025-02-23,Delhi,North,Sports,Running Shoes,5,3204.86,0.1,14421.87,4256.02,Credit Card,Standard,4.1
2613,ORD101731,CUST1680,Karan Mehta,2025-12-28,Jaipur,North,Electronics,Wireless Mouse,2,862.9,0.15,1466.93,203.08,Debit Card,Same Day,3.9
2614,ORD104784,CUST1081,Aditya Joshi,2025-02-24,Lucknow,North,Home & Kitchen,Cookware Set,2,2562.92,0.1,4613.26,1331.8,Cash on Delivery,Standard,4.3
2615,ORD104162,CUST1156,Arjun Singh,2025-04-28,Pune,West,Home & Kitchen,Coffee Maker,1,3655.67,0.1,3290.1,785.59,Debit Card,Express,4.7
2616,ORD103724,CUST1123,Aarav Sharma,2025-06-18,Chandigarh,North,Clothing,Jeans,2,1942.45,0.15,3302.16,681.55,Debit Card,Same Day,5.0
2617,ORD101791,CUST1762,Ananya Verma,2025-11-27,Noida,North,Sports,Football,3,1026.76,0.05,2926.27,969.74,Credit Card,Standard,3.2
2618,ORD102355,CUST1394,Aditya Joshi,2025-06-01,Chennai,South,Electronics,Headphones,2,2094.09,0.2,3350.54,1164.01,Credit Card,Same Day,4.0
2619,ORD101940,CUST2051,Diya Gupta,2025-05-13,Jaipur,North,Beauty,Perfume,3,1169.84,0.05,3334.04,1126.71,Cash on Delivery,Same Day,4.1
2620,ORD100702,CUST1202,Kavya Srivastava,2025-04-06,Kolkata,East,Home & Kitchen,Coffee Maker,2,3646.94,0.0,7293.88,1755.46,UPI,Same Day,4.3
2621,ORD102442,CUST1997,Meera Mishra,2025-07-22,Bengaluru,South,Home & Kitchen,Table Lamp,5,962.65,0.1,4331.93,702.68,Credit Card,Express,3.8
2622,ORD104626,CUST1441,Aditya Joshi,2025-01-16,Pune,West,Sports,Running Shoes,5,2794.96,0.0,13974.8,2146.55,UPI,Express,3.6
2623,ORD100496,CUST1565,Aditi Malhotra,2025-01-27,Hyderabad,South,Electronics,Wireless Mouse,1,754.28,0.1,678.85,235.98,Net Banking,Same Day,4.2
2624,ORD100464,CUST1537,Aditya Joshi,2025-09-17,Mumbai,West,Books,Novel,2,524.64,0.25,786.96,257.12,Cash on Delivery,Express,3.7
2625,ORD102721,CUST1354,Diya Gupta,2025-06-15,Kolkata,East,Books,Data Science Book,1,817.3,0.25,612.97,163.3,Cash on Delivery,Express,4.6
2626,ORD104352,CUST1975,Kavya Srivastava,2025-09-22,Lucknow,North,Books,Programming Book,5,1214.99,0.1,5467.45,1078.03,UPI,Express,2.6
2627,ORD100172,CUST1244,Sneha Agarwal,2025-07-15,Lucknow,North,Clothing,Sneakers,1,3295.03,0.25,2471.27,272.09,Debit Card,Standard,3.9
2628,ORD103692,CUST1920,Diya Gupta,2025-04-13,Kolkata,East,Home & Kitchen,Table Lamp,1,809.21,0.15,687.83,96.52,UPI,Standard,4.7
2629,ORD104816,CUST1859,Rahul Tiwari,2025-04-06,Chennai,South,Beauty,Perfume,2,1170.81,0.1,2107.46,470.27,Cash on Delivery,Standard,5.0
2630,ORD102540,CUST2031,Ananya Verma,2025-07-21,Ahmedabad,West,Electronics,Wireless Mouse,1,792.48,0.1,713.23,201.78,Debit Card,Same Day,5.0
2631,ORD104526,CUST1782,Kavya Srivastava,2025-12-19,Bengaluru,South,Home & Kitchen,Coffee Maker,5,3448.45,0.05,16380.14,5700.64,UPI,Express,5.0
2632,ORD102986,CUST1693,Aditya Joshi,2025-07-19,Noida,North,Electronics,Smart Watch,4,3367.59,0.1,12123.32,2936.18,Net Banking,Standard,4.8
2633,ORD102260,CUST1254,Aditi Malhotra,2025-05-11,Mumbai,West,Clothing,T-Shirt,1,764.14,0.0,764.14,134.35,Cash on Delivery,Express,3.6
2634,ORD102112,CUST1454,Priya Saxena,2025-05-20,Chennai,South,Books,Data Science Book,1,850.06,0.05,807.56,257.16,Net Banking,Same Day,4.3
2635,ORD100900,CUST1938,Aditi Malhotra,2025-02-08,Chandigarh,North,Home & Kitchen,Bedsheet,3,904.47,0.05,2577.74,381.42,Net Banking,Standard,5.0
2636,ORD101446,CUST1945,Ananya Verma,2025-02-16,Chennai,South,Electronics,Smart Watch,5,3332.76,0.3,11664.66,1721.15,Credit Card,Express,4.2
2637,ORD103616,CUST1038,Ishaan Kumar,2025-07-25,Chennai,South,Clothing,Hoodie,2,1592.2,0.15,2706.74,822.35,Credit Card,Standard,4.3
2638,ORD100741,CUST1633,Rohan Patel,2025-05-07,Chandigarh,North,Beauty,Perfume,5,1287.5,0.1,5793.75,645.4,Credit Card,Express,4.3
2639,ORD102293,CUST1417,Kavya Srivastava,2025-06-16,Pune,West,Clothing,Jeans,5,1944.15,0.1,8748.68,2503.99,UPI,Standard,3.9
2640,ORD102452,CUST1252,Aditya Joshi,2025-09-23,Mumbai,West,Sports,Football,4,932.57,0.1,3357.25,828.26,UPI,Standard,4.4
2641,ORD102656,CUST1104,Aarav Sharma,2025-04-29,Noida,North,Clothing,T-Shirt,1,756.25,0.2,605.0,191.18,Credit Card,Same Day,4.9
2642,ORD104105,CUST1441,Sneha Agarwal,2025-10-06,Mumbai,West,Beauty,Perfume,2,1345.74,0.1,2422.33,767.13,UPI,Same Day,3.7
2643,ORD101206,CUST1723,Ananya Verma,2025-07-29,Hyderabad,South,Electronics,Headphones,2,1810.21,0.25,2715.32,468.33,Net Banking,Standard,5.0
2644,ORD100509,CUST1181,Diya Gupta,2025-02-06,Mumbai,West,Books,Programming Book,2,1262.5,0.2,2020.0,296.16,Credit card,Standard,4.2
2645,ORD104172,CUST1602,Aarav Sharma,2025-03-06,Delhi,North,Books,Programming Book,4,1202.02,0.0,4808.08,991.61,Cash on Delivery,Same Day,4.1
2646,ORD102654,CUST2050,Diya Gupta,2025-01-21,Lucknow,North,Clothing,T-Shirt,2,717.54,0.15,1219.82,244.51,Debit Card,Same Day,3.7
2647,ORD102837,CUST1506,Ishaan Kumar,2025-10-01,Hyderabad,South,Books,Programming Book,1,1296.14,0.15,1101.72,246.49,Debit Card,Express,4.5
2648,ORD103353,CUST1151,Aditya Joshi,2025-01-26,Hyderabad,South,Clothing,Jeans,1,1710.51,0.15,1453.93,479.05,Credit Card,Same Day,4.1
2650,ORD103919,CUST2076,Meera Mishra,2025-06-15,Noida,North,Electronics,Headphones,1,2146.41,0.15,1824.45,312.86,Credit Card,Same Day,3.7
2651,ORD102202,CUST2156,Diya Gupta,2025-08-31,Jaipur,North,Clothing,Jeans,1,1830.85,0.1,1647.76,327.06,Net Banking,Same Day,3.0
2652,ORD102566,CUST1130,Rohan Patel,2025-02-26,Delhi,North,Sports,Running Shoes,1,3054.49,0.0,3054.49,330.64,Credit Card,Express,3.6
2653,ORD103916,CUST1341,Ananya Verma,2025-03-03,Pune,West,Clothing,Jeans,2,1931.72,0.0,3863.44,854.97,UPI,Same Day,4.4
2654,ORD102044,CUST1012,Kavya Srivastava,2025-07-23,Ahmedabad,West,Sports,Running Shoes,1,2993.3,0.05,2843.64,500.53,Debit Card,Same Day,4.6
2655,ORD100767,CUST2105,Ishaan Kumar,2025-01-02,Lucknow,North,Home & Kitchen,Bedsheet,1,1085.21,0.15,922.43,221.81,UPI,Express,3.9
2656,ORD104892,CUST1265,Diya Gupta,2025-06-16,Pune,West,Sports,Football,1,1087.46,0.2,869.97,129.28,Credit Card,Standard,3.9
2657,ORD103781,CUST1495,Ananya Verma,2025-09-25,Noida,North,Sports,Yoga Mat,1,900.99,0.2,720.79,83.12,UPI,Standard,3.9
2658,ORD100421,CUST1627,Rohan Patel,2025-03-15,Jaipur,North,Books,Data Science Book,2,932.31,0.1,1678.16,564.08,UPI,Standard,4.1
2659,ORD100123,CUST1992,Arjun Singh,2025-10-17,Hyderabad,South,Sports,Running Shoes,1,3072.6,0.15,2611.71,779.36,Credit Card,Same Day,3.3
2660,ORD104180,CUST1465,Diya Gupta,2025-07-31,Jaipur,North,Electronics,Smart Watch,1,3592.06,0.05,3412.46,534.16,Debit Card,Same Day,5.0
2661,ORD102662,CUST2059,Priya Saxena,2025-09-11,Chennai,South,Home & Kitchen,Coffee Maker,1,3228.4,0.0,3228.4,453.47,Credit Card,Same Day,3.8
2662,ORD100819,CUST1422,Priya Saxena,2025-06-11,Chandigarh,North,Clothing,T-Shirt,1,735.01,0.25,551.26,187.41,Net Banking,Express,5.0
2663,ORD101403,CUST1860,Meera Mishra,2025-03-25,Lucknow,North,Beauty,Perfume,4,1260.99,0.1,4539.56,759.74,Cash on Delivery,Same Day,3.6
2664,ORD101382,CUST2137,Sneha Agarwal,2025-11-13,Chandigarh,North,Home & Kitchen,Bedsheet,2,1016.84,0.1,1830.31,291.62,Net Banking,Express,4.5
2665,ORD102148,CUST1254,Aditya Joshi,2025-07-09,Kolkata,East,Books,Programming Book,1,1153.38,0.0,1153.38,181.96,Debit Card,Standard,4.2
2666,ORD101575,CUST1018,Rohan Patel,2025-09-01,Delhi,North,Clothing,T-Shirt,2,630.43,0.15,1071.73,248.01,Cash on Delivery,Express,3.8
2667,ORD101638,CUST2014,Kavya Srivastava,2025-09-13,Ahmedabad,West,Books,Data Science Book,1,810.36,0.05,769.84,221.36,Cash on Delivery,Standard,3.2
2668,ORD101795,CUST1294,Karan Mehta,2025-04-13,Delhi,North,Clothing,Jeans,3,1942.22,0.15,4952.66,1646.09,Cash on Delivery,Standard,4.0
2669,ORD104835,CUST2032,Aditi Malhotra,2025-12-31,Mumbai,West,Books,Novel,1,453.79,0.1,408.41,63.27,Net Banking,Standard,4.5
2670,ORD100399,CUST2164,Priya Saxena,2025-02-09,mumbai,North,Clothing,T-Shirt,1,642.43,0.05,610.31,168.03,Net Banking,Express,3.9
2671,ORD102310,CUST1031,Diya Gupta,2025-01-25,Bengaluru,South,Electronics,Keyboard,4,1248.63,0.15,4245.34,1131.2,Net Banking,Same Day,5.0
2672,ORD100882,CUST1877,Rahul Tiwari,2025-11-03,Ahmedabad,West,Beauty,Face Wash,1,422.53,0.05,401.4,103.62,UPI,Same Day,4.4
2673,ORD104993,CUST1761,Ananya Verma,2025-12-10,Hyderabad,South,Clothing,Sneakers,1,2720.51,0.05,2584.48,576.63,Cash on Delivery,Express,3.2
2674,ORD104126,CUST1165,Sneha Agarwal,2025-02-10,Chennai,South,Clothing,Sneakers,2,3283.8,0.25,4925.7,1242.25,Debit Card,Standard,4.7
2675,ORD101352,CUST1160,Aditya Joshi,2025-10-19,Lucknow,North,Home & Kitchen,Coffee Maker,4,3503.5,0.1,12612.6,2587.19,Credit Card,Same Day,4.2
2676,ORD104849,CUST1256,Aarav Sharma,2025-01-05,Delhi,North,Home & Kitchen,Coffee Maker,1,3804.01,0.2,3043.21,654.59,UPI,Express,4.3
2677,ORD104569,CUST1454,Rahul Tiwari,2025-12-01,Ahmedabad,West,Beauty,Face Wash,1,426.12,0.25,319.59,75.75,UPI,Express,3.9
2678,ORD102130,CUST1349,Meera Mishra,2025-02-05,Kolkata,East,Electronics,Headphones,5,2146.52,0.15,9122.71,1626.41,Debit Card,Same Day,4.8
2679,ORD100982,CUST1565,Sneha Agarwal,2025-05-12,Lucknow,North,Electronics,Keyboard,3,1246.53,0.05,3552.61,982.41,UPI,Express,3.8
2680,ORD100456,CUST2163,Kavya Srivastava,2025-03-29,Kolkata,East,Clothing,Jeans,2,1770.15,0.05,3363.28,444.45,UPI,Express,5.0
2681,ORD104854,CUST1909,Diya Gupta,2025-07-23,Noida,North,Beauty,Sunscreen,1,749.69,0.15,637.24,194.41,UPI,Standard,3.1
2682,ORD101079,CUST1589,Sneha Agarwal,2025-04-12,Bengaluru,South,Clothing,Hoodie,2,1646.54,0.25,2469.81,293.84,Debit Card,Express,4.1
2683,ORD101950,CUST1744,Priya Saxena,2025-08-09,Ahmedabad,West,Clothing,Jeans,1,1680.03,0.1,1512.03,437.58,Net Banking,Standard,4.5
2684,ORD104333,CUST1358,Rohan Patel,2025-07-24,Jaipur,North,Electronics,Wireless Mouse,1,851.36,0.1,766.22,164.14,Debit Card,Same Day,4.8
2685,ORD100689,CUST1543,Ishaan Kumar,2025-07-09,Chennai,South,Home & Kitchen,Cookware Set,4,2422.41,0.2,7751.71,2232.81,Credit Card,Express,2.9
2686,ORD102429,CUST2161,Ishaan Kumar,2025-02-20,Chandigarh,North,Sports,Running Shoes,2,3242.46,0.1,5836.43,1755.64,Net Banking,Standard,3.4
2687,ORD100641,CUST1174,Ananya Verma,2025-06-26,Chennai,South,home & kitchen,Keyboard,4,1401.44,0.05,5325.47,1409.16,Net Banking,Express,4.6
2688,ORD102392,CUST1255,Rohan Patel,2025-07-12,Noida,North,Electronics,Wireless Mouse,5,783.45,0.2,3133.8,1050.01,Cash on Delivery,Standard,5.0
2689,ORD101953,CUST1699,Priya Saxena,2025-08-20,Lucknow,North,Beauty,Sunscreen,4,703.96,0.0,2815.84,397.82,Debit Card,Standard,2.4
2690,ORD104458,CUST2155,Aditya Joshi,2025-07-12,Hyderabad,South,Books,Novel,1,521.99,0.15,443.69,111.53,Cash on Delivery,Express,2.9
2691,ORD102801,CUST1982,Aditya Joshi,2025-05-28,Bengaluru,South,Electronics,Headphones,3,1861.96,0.15,4748.0,1062.44,Debit Card,Express,3.8
2692,ORD103475,CUST1698,Kavya Srivastava,2025-12-10,Chennai,South,Beauty,Sunscreen,1,683.17,0.0,683.17,170.95,Cash on Delivery,Express,4.9
2693,ORD104064,CUST1916,Aditi Malhotra,2025-05-29,Lucknow,North,Sports,Running Shoes,4,3013.16,0.15,10244.74,2979.02,Credit Card,Same Day,3.4
2694,ORD104786,CUST1679,Rohan Patel,2025-10-15,Bengaluru,South,Home & Kitchen,Coffee Maker,2,3702.95,0.1,6665.31,873.86,UPI,Same Day,4.7
2695,ORD104571,CUST1498,Rahul Tiwari,2025-04-30,Hyderabad,South,Home & Kitchen,Coffee Maker,1,3688.29,0.05,3503.88,741.27,Credit Card,Express,4.5
2696,ORD101884,CUST1836,Rohan Patel,2025-01-13,Chennai,South,Books,Novel,2,502.03,0.0,1004.06,332.32,Credit Card,Express,4.1
2697,ORD100389,CUST1647,Ananya Verma,2025-09-09,Delhi,North,Clothing,Jeans,2,1958.73,0.1,3525.71,1146.83,Cash on Delivery,Standard,4.8
2698,ORD102494,CUST1268,Aarav Sharma,2025-06-10,Lucknow,North,Clothing,T-Shirt,2,749.34,0.05,1423.75,321.69,UPI,Standard,3.1
2699,ORD103154,CUST1004,Sneha Agarwal,2025-02-10,Lucknow,North,Electronics,Smart Watch,1,3495.43,0.15,2971.12,720.88,Net Banking,Standard,4.1
2700,ORD102927,CUST1909,Arjun Singh,2025-12-21,Chennai,South,Electronics,Headphones,2,1911.74,0.1,3441.13,799.48,UPI,Same Day,4.9
2701,ORD100845,CUST1856,Rahul Tiwari,2025-08-28,Lucknow,North,Clothing,Hoodie,2,1500.49,0.1,2700.88,755.74,Credit Card,Same Day,5.0
2702,ORD100542,CUST1839,Rohan Patel,2025-11-22,Lucknow,North,Books,Novel,2,518.12,0.25,777.18,138.7,Cash on Delivery,Same Day,5.0
2703,ORD100091,CUST2172,Ishaan Kumar,2025-05-21,mumbai,North,Beauty,Sunscreen,3,637.56,0.15,1625.78,246.72,Debit Card,Express,4.5
2704,ORD103933,CUST1663,Aditi Malhotra,2025-02-05,Delhi,North,Books,Novel,1,510.88,0.1,459.79,120.44,Credit Card,Standard,5.0
2705,ORD101979,CUST1630,Sneha Agarwal,2025-12-01,Ahmedabad,West,Sports,Football,1,984.48,0.05,935.26,286.23,Credit Card,Express,4.3
2706,ORD102847,CUST1017,Sneha Agarwal,2025-03-29,Jaipur,North,Clothing,Sneakers,2,3226.46,0.15,5484.98,1490.39,Cash on Delivery,Same Day,5.0
2707,ORD104108,CUST1005,Aditi Malhotra,2025-03-28,Chennai,South,Electronics,Wireless Mouse,1,786.61,0.15,668.62,88.98,UPI,Same Day,5.0
2708,ORD103145,CUST1452,Karan Mehta,2025-05-10,Noida,North,Clothing,Jeans,3,1870.29,0.2,4488.7,479.1,Credit Card,Express,3.3
2709,ORD102529,CUST1851,Aarav Sharma,2025-10-28,Hyderabad,South,Books,Novel,1,511.97,0.05,486.37,58.45,UPI,Standard,5.0
2711,ORD101048,CUST2111,Priya Saxena,2025-04-18,Chandigarh,North,Clothing,Sneakers,3,2752.37,0.2,6605.69,2218.1,UPI,Express,4.6
2712,ORD101960,CUST1000,Arjun Singh,2025-12-04,Chandigarh,North,Home & Kitchen,Bedsheet,1,1097.44,0.1,987.7,231.92,Debit Card,Same Day,3.5
2713,ORD102530,CUST1783,Rohan Patel,2025-12-31,Noida,North,Sports,Yoga Mat,2,834.93,0.25,1252.39,346.45,Net Banking,Same Day,3.1
2714,ORD102817,CUST1688,Diya Gupta,2025-10-12,Chandigarh,North,Home & Kitchen,Coffee Maker,3,3587.59,0.1,9686.49,2488.43,Net Banking,Express,4.8
2715,ORD100237,CUST1752,Karan Mehta,2025-06-12,Chandigarh,North,Home & Kitchen,Bedsheet,1,987.58,0.0,987.58,296.95,UPI,Standard,3.9
2716,ORD103002,CUST1266,Ishaan Kumar,2025-07-19,Chennai,South,Sports,Yoga Mat,2,821.2,0.05,1560.28,401.12,UPI,Same Day,3.3
2717,ORD103529,CUST2134,Aditya Joshi,2025-07-31,Pune,West,Clothing,Sneakers,5,2741.09,0.05,13020.18,1436.77,Debit Card,Express,4.2
2718,ORD101133,CUST1239,Meera Mishra,2025-03-23,Mumbai,West,Sports,Running Shoes,1,3058.95,0.1,2753.05,542.07,Credit Card,Same Day,3.6
2719,ORD101805,CUST1411,Sneha Agarwal,2025-09-04,Ahmedabad,West,Beauty,Perfume,3,1390.66,0.05,3963.38,892.6,Debit Card,Standard,3.6
2720,ORD104161,CUST1899,Meera Mishra,2025-08-01,Hyderabad,South,Clothing,T-Shirt,2,759.51,0.1,1367.12,153.15,Credit Card,Express,4.2
2721,ORD100163,CUST2174,Aarav Sharma,2025-12-12,Lucknow,North,Sports,Football,3,977.52,0.25,2199.42,538.3,Cash on Delivery,Standard,5.0
2722,ORD104129,CUST1853,Arjun Singh,2025-12-15,Lucknow,North,Beauty,Perfume,1,1394.94,0.15,1185.7,248.74,Credit Card,Express,3.1
2723,ORD104729,CUST1837,Rahul Tiwari,2025-12-18,Lucknow,North,Clothing,Hoodie,4,1398.8,0.05,5315.44,1364.67,Credit Card,Standard,4.1
2724,ORD104914,CUST2001,Sneha Agarwal,2025-02-06,Hyderabad,South,Beauty,Perfume,2,1237.32,0.0,2474.64,548.62,Net Banking,Standard,2.7
2725,ORD103493,CUST2079,Aditya Joshi,2025-09-12,Chandigarh,North,Beauty,Sunscreen,1,677.93,0.25,508.45,159.43,UPI,Standard,3.9
2726,ORD103238,CUST1907,Ananya Verma,2025-04-11,Noida,North,Clothing,Hoodie,1,1424.86,0.05,1353.62,315.57,Credit Card,Express,3.2
2727,ORD104231,CUST1852,Rahul Tiwari,2025-06-27,Mumbai,West,Beauty,Perfume,2,1308.57,0.1,2355.43,323.34,UPI,Express,3.3
2728,ORD104942,CUST1674,Ishaan Kumar,2025-07-23,Bengaluru,South,Clothing,T-Shirt,3,745.84,0.1,2013.77,486.45,Cash on Delivery,Standard,3.2
2729,ORD101811,CUST1240,Diya Gupta,2025-02-26,Mumbai,West,Clothing,Hoodie,3,1412.53,0.0,4237.59,1041.26,Net Banking,Same Day,5.0
2730,ORD104645,CUST1718,Ishaan Kumar,2025-08-10,Mumbai,West,Sports,Running Shoes,2,2730.69,0.0,5461.38,902.33,Credit Card,Standard,4.4
2731,ORD103930,CUST1860,Aditya Joshi,2025-03-27,Hyderabad,South,Home & Kitchen,Bedsheet,4,988.27,0.1,3557.77,823.55,UPI,Express,3.2
2732,ORD101428,CUST1816,Kavya Srivastava,2025-01-20,Mumbai,West,Beauty,Sunscreen,2,754.66,0.0,1509.32,336.86,Net Banking,Express,3.7
2733,ORD103656,CUST1897,Arjun Singh,2025-10-26,Pune,West,Clothing,Jeans,3,1696.19,0.2,4070.86,1374.29,Credit Card,Standard,3.5
2734,ORD102834,CUST1869,Meera Mishra,2025-04-07,Jaipur,North,Sports,Football,1,899.23,0.0,899.23,151.65,Net Banking,Express,3.6
2735,ORD104757,CUST1401,Priya Saxena,2025-04-20,Jaipur,North,Home & Kitchen,Cookware Set,1,2554.63,0.0,2554.63,776.91,Cash on Delivery,Same Day,4.4
2736,ORD104479,CUST1176,Aarav Sharma,2025-03-08,Delhi,North,Sports,Football,2,968.62,0.0,1937.24,570.66,Cash on Delivery,Express,4.0
2737,ORD104669,CUST1520,Meera Mishra,2025-02-11,Delhi,North,Clothing,T-Shirt,4,683.69,0.05,2598.02,632.79,Cash on Delivery,Standard,4.2
2738,ORD102855,CUST1748,Ishaan Kumar,2025-06-14,Ahmedabad,West,Home & Kitchen,Bedsheet,1,1009.51,0.1,908.56,180.89,Cash on Delivery,Express,3.8
2739,ORD101452,CUST1259,Meera Mishra,2025-11-01,Hyderabad,South,Clothing,Sneakers,2,2952.18,0.1,5313.92,1279.16,Cash on Delivery,Standard,3.4
2740,ORD100593,CUST1644,Sneha Agarwal,2025-12-03,Jaipur,North,Sports,Yoga Mat,2,900.32,0.1,1620.58,272.46,UPI,Express,4.7
2741,ORD102725,CUST2089,Ananya Verma,2025-11-13,Chandigarh,North,Sports,Running Shoes,1,2913.64,0.05,2767.96,755.17,Credit Card,Same Day,4.0
2742,ORD100041,CUST2143,Aditya Joshi,2025-03-15,Kolkata,East,Electronics,Smart Watch,1,3635.32,0.2,2908.26,386.87,Cash on Delivery,Standard,5.0
2743,ORD100560,CUST1925,Aditya Joshi,2025-11-09,Pune,West,Electronics,Wireless Mouse,1,842.24,0.0,842.24,180.03,Cash on Delivery,Express,4.0
2744,ORD104039,CUST1697,Karan Mehta,2025-05-18,Lucknow,North,Sports,Football,1,1009.56,0.2,807.65,155.05,Debit Card,Express,3.5
2745,ORD103077,CUST1119,Rahul Tiwari,2025-06-08,Ahmedabad,West,Clothing,Hoodie,3,1569.41,0.1,4237.41,994.48,Debit Card,Standard,4.1
2746,ORD100243,CUST1947,Ananya Verma,2025-12-21,Ahmedabad,West,Sports,Yoga Mat,3,971.98,0.25,2186.95,519.58,UPI,Same Day,4.8
2747,ORD101339,CUST1932,Kavya Srivastava,2025-10-10,Ahmedabad,West,Home & Kitchen,Bedsheet,4,1002.3,0.1,3608.28,1114.53,Credit Card,Standard,3.6
2748,ORD102815,CUST1115,Kavya Srivastava,2025-01-08,Ahmedabad,West,Books,Programming Book,4,1205.28,0.2,3856.9,911.21,UPI,Express,4.6
2749,ORD102997,CUST1690,Aditi Malhotra,2025-09-07,Hyderabad,South,Home & Kitchen,Coffee Maker,1,3280.13,0.25,2460.1,284.06,UPI,Standard,4.6
2750,ORD103842,CUST1152,Meera Mishra,2025-10-27,Chandigarh,North,Books,Data Science Book,5,981.07,0.1,4414.82,1315.3,Cash on Delivery,Express,5.0
2751,ORD101442,CUST1233,Karan Mehta,2025-08-05,Pune,West,Electronics,Smart Watch,3,3731.7,0.3,7836.57,1415.53,Debit Card,Same Day,3.6
2752,ORD100261,CUST1412,Ananya Verma,2025-06-30,Lucknow,North,Beauty,Face Wash,2,368.99,0.05,701.08,201.05,Credit Card,Same Day,3.7
2753,ORD103168,CUST1338,Priya Saxena,2025-06-09,Noida,North,Home & Kitchen,Cookware Set,2,2705.79,0.2,4329.26,1258.07,Net Banking,Same Day,3.9
2754,ORD101689,CUST2007,Karan Mehta,2025-02-26,Bengaluru,South,Clothing,Jeans,5,1902.42,0.0,9512.1,3252.6,Net Banking,Standard,4.2
2755,ORD101725,CUST1056,Rahul Tiwari,2025-07-04,Hyderabad,South,Beauty,Face Wash,1,399.67,0.0,399.67,99.73,UPI,Express,4.6
2756,ORD101203,CUST1763,Kavya Srivastava,2025-06-05,Ahmedabad,West,Home & Kitchen,Cookware Set,1,2273.14,0.25,1704.86,339.22,Credit Card,Same Day,3.9
2757,ORD100834,CUST2097,Diya Gupta,2025-05-06,Bengaluru,South,Electronics,Wireless Mouse,3,738.78,0.15,1883.89,450.57,Credit Card,Express,3.0
2758,ORD101866,CUST1980,Ananya Verma,2025-09-28,Noida,North,Home & Kitchen,Coffee Maker,1,3647.17,0.1,3282.45,1018.64,Debit Card,Same Day,3.3
2759,ORD102496,CUST2027,Arjun Singh,2025-05-07,Bengaluru,South,Beauty,Perfume,1,1210.25,0.15,1028.71,174.91,Net Banking,Express,4.0
2760,ORD102010,CUST2112,Sneha Agarwal,2025-11-12,Lucknow,North,Home & Kitchen,Cookware Set,2,2418.01,0.05,4594.22,929.41,UPI,Same Day,5.0
2761,ORD100340,CUST1959,Arjun Singh,2025-07-22,Bengaluru,South,Books,Programming Book,1,1159.22,0.05,1101.26,236.78,UPI,Express,5.0
2762,ORD103024,CUST1430,Aditya Joshi,2025-03-17,Chennai,South,Electronics,Smart Watch,2,3172.08,0.15,5392.54,1674.81,Debit Card,Express,5.0
2763,ORD101601,CUST1524,Priya Saxena,2025-03-23,Noida,North,Home & Kitchen,Bedsheet,3,934.96,0.1,2524.39,522.11,Debit Card,Standard,5.0
2764,ORD103039,CUST2172,Meera Mishra,2025-02-16,Kolkata,East,Electronics,Headphones,4,1963.15,0.1,7067.34,848.49,Cash on Delivery,Express,4.6
2765,ORD104714,CUST1291,Aditya Joshi,2025-09-13,Bengaluru,South,Sports,Football,2,1041.5,0.25,1562.25,189.01,Credit Card,Express,5.0
2766,ORD100480,CUST1019,Rohan Patel,2025-10-21,Mumbai,West,Clothing,Jeans,2,1776.53,0.15,3020.1,363.5,Net Banking,Standard,4.4
2767,ORD102860,CUST1917,Aditya Joshi,2025-09-06,Jaipur,North,Home & Kitchen,Coffee Maker,1,3443.53,0.1,3099.18,756.81,UPI,Same Day,4.6
2768,ORD103944,CUST1545,Aarav Sharma,2025-05-09,Noida,North,Sports,Football,4,910.96,0.2,2915.07,823.97,Cash on Delivery,Standard,5.0
2769,ORD103434,CUST1719,Aditya Joshi,2025-01-24,Pune,West,Electronics,Wireless Mouse,2,850.51,0.05,1615.97,411.35,Credit Card,Standard,2.7
2770,ORD104990,CUST1208,Ishaan Kumar,2025-08-11,Chennai,South,Beauty,Perfume,3,1296.31,0.0,3888.93,923.53,Cash on Delivery,Standard,4.1
2771,ORD103082,CUST1970,Arjun Singh,2025-03-30,Delhi,North,Home & Kitchen,Table Lamp,1,895.39,0.1,805.85,128.85,Cash on Delivery,Same Day,3.4
2772,ORD104035,CUST1351,Meera Mishra,2025-03-13,Pune,West,Clothing,Hoodie,2,1464.96,0.3,2050.94,597.41,Credit Card,Same Day,5.0
2773,ORD101766,CUST1650,Meera Mishra,2025-10-11,Jaipur,North,Clothing,Jeans,4,1920.47,0.05,7297.79,1853.82,Net Banking,Standard,2.9
2774,ORD104554,CUST2077,Aditi Malhotra,2025-07-13,Kolkata,East,Home & Kitchen,Table Lamp,1,918.71,0.0,918.71,243.18,UPI,Express,3.5
2775,ORD102453,CUST1128,Rohan Patel,2025-07-27,Chennai,South,Sports,Running Shoes,2,2826.28,0.1,5087.3,594.06,Cash on Delivery,Express,4.0
2776,ORD103189,CUST1158,Rohan Patel,2025-12-12,Chandigarh,North,Home & Kitchen,Table Lamp,1,966.93,0.15,821.89,115.27,Debit Card,Standard,3.2
2777,ORD103859,CUST1448,Diya Gupta,2025-03-12,Hyderabad,South,Home & Kitchen,Bedsheet,3,998.08,0.0,2994.24,753.94,Net Banking,Same Day,4.1
2778,ORD104812,CUST1187,Priya Saxena,2025-06-19,Chennai,South,Home & Kitchen,Coffee Maker,3,3487.63,0.2,8370.31,1799.55,Cash on Delivery,Same Day,4.1
2779,ORD104697,CUST1783,Ananya Verma,2025-05-04,Chandigarh,North,Sports,Yoga Mat,3,939.79,0.0,2819.37,282.79,Cash on Delivery,Express,5.0
2780,ORD103722,CUST1643,Diya Gupta,2025-04-27,Hyderabad,South,Clothing,Sneakers,2,2713.62,0.05,5155.88,734.93,UPI,Standard,3.0
2781,ORD101271,CUST1766,Sneha Agarwal,2025-08-26,Ahmedabad,West,Electronics,Keyboard,4,1368.99,0.1,4928.36,1094.96,UPI,Express,3.9
2782,ORD103114,CUST1949,Aditya Joshi,2025-08-17,Delhi,North,Sports,Yoga Mat,1,951.94,0.05,904.34,209.58,Debit Card,Express,5.0
2783,ORD104520,CUST1361,Karan Mehta,2025-06-16,Chennai,South,Sports,Yoga Mat,1,913.73,0.25,685.3,97.31,Credit Card,Same Day,5.0
2784,ORD103131,CUST1119,Diya Gupta,2025-03-28,Kolkata,East,Books,Programming Book,1,1146.15,0.05,1088.84,266.14,Net Banking,Standard,4.4
2785,ORD104160,CUST1124,Aarav Sharma,2025-07-17,Noida,North,Clothing,Jeans,1,1634.13,0.05,1552.42,339.78,UPI,Standard,4.5
2786,ORD100347,CUST1551,Rahul Tiwari,2025-12-08,Jaipur,North,Books,Programming Book,2,1171.52,0.2,1874.43,222.65,Credit Card,Same Day,5.0
2787,ORD104427,CUST2118,Arjun Singh,2025-07-30,Ahmedabad,West,Beauty,Sunscreen,1,699.5,0.15,594.57,204.87,Debit Card,Same Day,4.8
2788,ORD104643,CUST1786,Rahul Tiwari,2025-10-28,Ahmedabad,West,Beauty,Sunscreen,1,749.24,0.1,674.32,108.16,UPI,Same Day,3.7
2789,ORD102562,CUST1786,Sneha Agarwal,2025-03-02,Jaipur,North,Clothing,T-Shirt,5,718.34,0.0,3591.7,1024.64,Cash on Delivery,Standard,3.0
2790,ORD104609,CUST1470,Meera Mishra,2025-09-28,Lucknow,North,Clothing,Jeans,2,1668.6,0.1,3003.48,568.31,Net Banking,Same Day,3.5
2791,ORD101423,CUST2184,Rahul Tiwari,2025-10-08,Kolkata,East,Clothing,Jeans,3,1802.26,0.15,4595.76,1541.95,Net Banking,Standard,3.9
2792,ORD100656,CUST1788,Karan Mehta,2025-11-14,Bengaluru,South,Beauty,Face Wash,5,432.27,0.1,1945.21,659.59,Debit Card,Same Day,5.0
2793,ORD102102,CUST1844,Sneha Agarwal,2025-07-29,Hyderabad,South,Clothing,Hoodie,1,1366.66,0.15,1161.66,390.63,Credit Card,Express,4.6
2794,ORD100632,CUST2097,Rahul Tiwari,2025-03-23,Noida,North,Books,Novel,2,497.8,0.0,995.6,186.67,Net Banking,Standard,3.5
2795,ORD104265,CUST1511,Ishaan Kumar,2025-08-09,Delhi,North,Electronics,Headphones,1,1836.31,0.0,1836.31,518.31,Net Banking,Same Day,4.3
2796,ORD102493,CUST1575,Aditya Joshi,2025-01-15,Noida,North,Clothing,T-Shirt,5,663.34,0.1,2985.03,608.34,UPI,Express,4.4
2797,ORD102665,CUST1913,Diya Gupta,2025-08-13,Kolkata,East,Sports,Football,3,950.47,0.05,2708.84,524.3,Credit Card,Same Day,4.8
2798,ORD103254,CUST1887,Ishaan Kumar,2025-08-11,Bengaluru,South,Home & Kitchen,Coffee Maker,2,3199.97,0.0,6399.94,2039.5,Cash on Delivery,Express,3.1
2799,ORD103705,CUST1479,Aditya Joshi,2025-08-21,Chennai,South,Books,Programming Book,4,1310.81,0.15,4456.75,1017.17,Net Banking,Express,4.0
2800,ORD103346,CUST1490,Kavya Srivastava,2025-01-30,Bengaluru,South,Clothing,T-Shirt,4,680.28,0.2,2176.9,410.58,Net Banking,Standard,3.7
2801,ORD103133,CUST1761,Karan Mehta,2025-03-23,Kolkata,East,Clothing,Sneakers,4,3257.48,0.05,12378.42,3025.93,UPI,Express,4.1
2802,ORD104463,CUST1620,Sneha Agarwal,2025-09-27,Noida,North,Home & Kitchen,Bedsheet,5,1087.42,0.1,4893.39,727.24,Debit Card,Express,3.3
2803,ORD102500,CUST1859,Aarav Sharma,2025-09-01,Noida,North,Home & Kitchen,Table Lamp,1,986.07,0.2,788.86,87.64,Net Banking,Standard,5.0
2804,ORD101465,CUST1361,Ishaan Kumar,2025-07-27,Chandigarh,North,Beauty,Face Wash,5,412.47,0.15,1753.0,595.79,Credit Card,Standard,4.7
2805,ORD104778,CUST1997,Meera Mishra,2025-11-22,Bengaluru,South,Sports,Yoga Mat,5,935.18,0.0,4675.9,1288.11,Net Banking,Standard,3.0
2806,ORD100115,CUST1628,Rahul Tiwari,2025-04-03,Delhi,North,Home & Kitchen,Bedsheet,1,931.13,0.2,744.9,183.29,Cash on Delivery,Standard,2.9
2807,ORD101821,CUST2174,Ishaan Kumar,2025-12-23,Kolkata,East,Home & Kitchen,Coffee Maker,3,3157.25,0.05,8998.16,1669.95,Debit Card,Same Day,3.6
2808,ORD101494,CUST1968,Karan Mehta,2025-02-09,Bengaluru,South,Home & Kitchen,Table Lamp,1,843.02,0.25,632.26,168.62,Cash on Delivery,Standard,3.0
2809,ORD102401,CUST1376,Aditya Joshi,2025-02-06,Bengaluru,South,Books,Novel,1,541.05,0.25,405.79,85.04,Net Banking,Standard,4.9
2810,ORD101232,CUST1007,Aarav Sharma,2025-01-15,Ahmedabad,West,Home & Kitchen,Table Lamp,4,973.64,0.1,3505.1,791.98,Cash on Delivery,Same Day,3.6
2811,ORD102661,CUST1096,Aditya Joshi,2025-03-22,Pune,West,Home & Kitchen,Cookware Set,2,2294.57,0.1,4130.23,1044.0,UPI,Standard,3.8
2812,ORD102908,CUST1489,Sneha Agarwal,2025-02-26,Delhi,North,Electronics,Smart Watch,1,3762.31,0.0,3762.31,1239.33,Cash on Delivery,Express,4.2
2813,ORD104614,CUST2156,Priya Saxena,2025-07-20,Noida,North,Electronics,Headphones,3,1827.76,0.05,5209.12,1121.71,Cash on Delivery,Same Day,5.0
2814,ORD101153,CUST1324,Kavya Srivastava,2025-10-29,Ahmedabad,West,Sports,Yoga Mat,1,846.74,0.1,762.07,247.67,Cash on Delivery,Express,5.0
2816,ORD100057,CUST1645,Sneha Agarwal,2025-02-22,Jaipur,North,Sports,Yoga Mat,2,979.2,0.05,1860.48,454.9,Credit Card,Express,4.8
2817,ORD103435,CUST1745,Ishaan Kumar,2025-03-16,Pune,West,Home & Kitchen,Coffee Maker,3,3454.74,0.1,9327.8,939.87,Cash on Delivery,Express,3.5
2818,ORD104307,CUST1306,Aditya Joshi,2025-12-25,Chennai,South,Electronics,Keyboard,1,1184.32,0.15,1006.67,339.56,Debit Card,Standard,4.1
2819,ORD104965,CUST2055,Aditya Joshi,2025-01-03,Pune,West,Beauty,Sunscreen,5,647.92,0.0,3239.6,897.02,UPI,Standard,3.6
2820,ORD101735,CUST1533,Rohan Patel,2025-05-01,Jaipur,North,Clothing,Hoodie,2,1634.82,0.15,2779.19,630.19,Cash on Delivery,Same Day,3.8
2821,ORD102196,CUST1099,Sneha Agarwal,2025-03-12,Lucknow,North,Electronics,Smart Watch,3,3719.38,0.15,9484.42,3250.39,Cash on Delivery,Express,3.8
2822,ORD103963,CUST1770,Aditya Joshi,2025-11-03,Ahmedabad,West,Electronics,Keyboard,1,1387.21,0.15,1179.13,252.86,UPI,Same Day,4.3
2823,ORD102475,CUST1790,Karan Mehta,2025-11-26,Ahmedabad,West,Books,Programming Book,3,1144.97,0.0,3434.91,779.27,Debit Card,Same Day,4.4
2824,ORD102564,CUST1956,Kavya Srivastava,2025-06-29,Noida,North,Clothing,Hoodie,1,1372.3,0.1,1235.07,366.75,Debit Card,Standard,3.4
2825,ORD103196,CUST1458,Aarav Sharma,2025-09-22,Ahmedabad,West,Home & Kitchen,Bedsheet,1,1074.49,0.1,967.04,214.23,Net Banking,Express,3.6
2826,ORD104568,CUST2032,Arjun Singh,2025-12-10,Chennai,South,Sports,Football,2,1087.8,0.1,1958.04,676.21,Cash on Delivery,Standard,3.8
2827,ORD103698,CUST1840,Ishaan Kumar,2025-12-05,Mumbai,West,Books,Novel,1,516.13,0.15,438.71,95.68,Debit Card,Same Day,4.2
2828,ORD100707,CUST2007,Karan Mehta,2025-03-02,Chennai,South,Books,Data Science Book,2,913.04,0.15,1552.17,298.81,Debit Card,Express,4.2
2829,ORD104299,CUST2078,Arjun Singh,2025-07-20,Jaipur,North,Books,Programming Book,1,1080.39,0.0,1080.39,255.51,UPI,Express,3.3
2830,ORD101093,CUST1183,Priya Saxena,2025-10-02,Kolkata,East,Home & Kitchen,Table Lamp,2,930.6,0.0,1861.2,394.74,Credit Card,Same Day,3.3
2831,ORD103603,CUST1262,Rohan Patel,2025-01-16,Jaipur,North,Books,Programming Book,1,1128.25,0.15,959.01,208.02,Credit Card,Standard,3.6
2832,ORD101376,CUST2092,Aditya Joshi,2025-12-19,Chennai,South,Home & Kitchen,Coffee Maker,2,3378.86,0.15,5744.06,984.21,Debit Card,Same Day,4.1
2833,ORD104933,CUST1749,Meera Mishra,2025-01-07,Pune,West,Clothing,Sneakers,2,2942.33,0.05,5590.43,684.36,Net Banking,Standard,4.9
2834,ORD100072,CUST1754,Aditya Joshi,2025-07-13,Pune,West,Books,Novel,4,459.58,0.1,1654.49,544.88,Credit Card,Standard,4.6
2835,ORD101922,CUST1051,Aarav Sharma,2025-07-05,Lucknow,North,Clothing,T-Shirt,2,684.13,0.2,1094.61,306.99,UPI,Same Day,3.7
2836,ORD103652,CUST1920,Rohan Patel,2025-10-14,Kolkata,East,Clothing,Hoodie,1,1549.07,0.05,1471.62,331.89,UPI,Standard,3.9
2837,ORD101764,CUST1817,Priya Saxena,2025-01-19,Chennai,South,Clothing,Hoodie,5,1470.21,0.15,6248.39,1786.75,Debit Card,Same Day,3.6
2839,ORD102985,CUST1963,Aarav Sharma,2025-03-17,Delhi,North,Home & Kitchen,Cookware Set,1,2623.49,0.0,2623.49,662.46,Credit Card,Standard,4.2
2840,ORD101005,CUST1444,Rohan Patel,2025-12-24,Delhi,North,Beauty,Sunscreen,1,688.42,0.1,619.58,97.13,Cash on Delivery,Same Day,4.6
2841,ORD102668,CUST2121,Rohan Patel,2025-01-18,Lucknow,North,Sports,Running Shoes,2,3005.72,0.25,4508.58,910.71,Net Banking,Same Day,4.2
2842,ORD101190,CUST1777,Arjun Singh,2025-12-02,Delhi,North,Home & Kitchen,Bedsheet,5,922.09,0.15,3918.88,492.89,UPI,Standard,3.2
2843,ORD104165,CUST2154,Diya Gupta,2025-02-08,Chennai,South,Books,Data Science Book,1,812.36,0.0,812.36,210.97,Net Banking,Same Day,4.0
2844,ORD102601,CUST1374,Arjun Singh,2025-01-06,Mumbai,West,Sports,Running Shoes,3,2864.95,0.3,6016.39,1107.75,Credit Card,Express,5.0
2845,ORD101125,CUST1111,Karan Mehta,2025-01-29,Lucknow,North,Sports,Running Shoes,3,2900.91,0.2,6962.18,1389.43,Credit Card,Express,3.2
2846,ORD101241,CUST1743,Aarav Sharma,2025-06-17,Hyderabad,South,Electronics,Headphones,1,1979.2,0.0,1979.2,681.09,Debit Card,Standard,3.0
2847,ORD103908,CUST1505,Meera Mishra,2025-01-19,Mumbai,West,Books,Novel,2,514.34,0.15,874.38,232.86,Cash on Delivery,Express,4.5
2848,ORD104148,CUST1667,Ananya Verma,2025-03-20,Ahmedabad,West,Sports,Yoga Mat,2,818.17,0.0,1636.34,369.52,Debit Card,Standard,3.5
2849,ORD103482,CUST1328,Kavya Srivastava,2025-07-01,Chennai,South,Sports,Yoga Mat,5,824.23,0.0,4121.15,663.82,Credit Card,Express,3.8
2850,ORD100998,CUST1213,Sneha Agarwal,2025-05-12,Kolkata,East,Electronics,Keyboard,1,1169.69,0.05,1111.21,323.34,Credit Card,Standard,4.0
2851,ORD103426,CUST2153,Ishaan Kumar,2025-09-25,Pune,West,Electronics,Keyboard,1,1201.65,0.1,1081.49,138.28,Cash on Delivery,Same Day,4.2
2852,ORD102684,CUST1207,Kavya Srivastava,2025-04-28,Chandigarh,North,Electronics,Smart Watch,5,3469.5,0.05,16480.12,3026.39,Credit Card,Standard,3.7
2853,ORD101577,CUST1002,Rohan Patel,2025-10-05,Delhi,North,Clothing,T-Shirt,3,643.56,0.15,1641.08,273.94,UPI,Standard,3.8
2854,ORD104810,CUST1113,Aditya Joshi,2025-07-16,Hyderabad,South,Home & Kitchen,Coffee Maker,2,3316.57,0.15,5638.17,1704.51,Credit Card,Same Day,4.4
2855,ORD101826,CUST2014,Aditya Joshi,2025-08-26,Chennai,South,Clothing,Sneakers,5,3057.96,0.0,15289.8,3196.41,Net Banking,Standard,3.3
2856,ORD103331,CUST1842,Priya Saxena,2025-03-24,Chandigarh,North,Clothing,Jeans,1,1912.14,0.0,1912.14,615.72,Credit Card,Same Day,3.7
2858,ORD104964,CUST1115,Sneha Agarwal,2025-10-23,Hyderabad,South,Sports,Football,4,1077.86,0.3,3018.01,394.58,Debit Card,Same Day,2.9
2859,ORD100440,CUST1409,Karan Mehta,2025-03-25,Ahmedabad,West,Clothing,Hoodie,2,1526.63,0.0,3053.26,537.06,Cash on Delivery,Express,4.1
2860,ORD104971,CUST1191,Rohan Patel,2025-02-21,Jaipur,North,Clothing,Sneakers,3,2865.13,0.2,6876.31,2221.32,UPI,Express,3.980060240963855
2861,ORD101100,CUST1686,Meera Mishra,2025-12-13,Mumbai,West,Home & Kitchen,Bedsheet,3,911.93,0.1,2462.21,301.74,Net Banking,Express,5.0
2862,ORD104055,CUST1615,Karan Mehta,2025-07-26,Noida,North,Electronics,Smart Watch,1,3813.97,0.2,3051.18,966.0,Cash on Delivery,Express,3.980060240963855
2863,ORD103095,CUST2053,Ishaan Kumar,2025-03-11,Pune,West,Home & Kitchen,Coffee Maker,2,3340.02,0.0,6680.04,2222.05,Cash on Delivery,Standard,4.6
2864,ORD100649,CUST1692,Rohan Patel,2025-03-31,Pune,West,Sports,Yoga Mat,4,982.19,0.2,3143.01,632.33,Credit Card,Express,4.4
2865,ORD101546,CUST2158,Arjun Singh,2025-05-25,Chandigarh,North,Clothing,Hoodie,1,1629.39,0.15,1384.98,321.2,Net Banking,Express,4.3
2866,ORD104373,CUST2144,Kavya Srivastava,2025-12-15,Delhi,North,Books,Data Science Book,1,947.48,0.15,805.36,226.1,Net Banking,Standard,5.0
2867,ORD103601,CUST1749,Kavya Srivastava,2025-08-06,Jaipur,North,Electronics,Wireless Mouse,4,791.25,0.2,2532.0,660.86,Credit Card,Same Day,3.4
2868,ORD103408,CUST1455,Kavya Srivastava,2025-08-01,Pune,West,Clothing,Sneakers,2,3019.42,0.25,4529.13,1401.31,Credit Card,Express,3.4
2869,ORD104832,CUST1370,Priya Saxena,2025-01-23,Bengaluru,South,Clothing,Sneakers,3,3198.79,0.2,7677.1,1013.05,Cash on Delivery,Same Day,4.3
2870,ORD103784,CUST1799,Aditi Malhotra,2025-03-13,Hyderabad,South,Clothing,T-Shirt,5,742.77,0.05,3528.16,1050.42,Credit Card,Express,4.3
2871,ORD100630,CUST1520,Arjun Singh,2025-01-21,Chandigarh,North,Sports,Football,2,932.79,0.0,1865.58,327.43,Credit Card,Same Day,3.9
2872,ORD100672,CUST1115,Aarav Sharma,2025-05-31,Pune,West,Electronics,Headphones,2,1923.91,0.05,3655.43,994.13,Debit Card,Same Day,2.7
2873,ORD101249,CUST2005,Karan Mehta,2025-03-20,Noida,North,Electronics,Keyboard,2,1202.67,0.25,1804.01,253.43,Credit Card,Express,3.1
2874,ORD100482,CUST1248,Aarav Sharma,2025-02-10,Mumbai,West,Beauty,Sunscreen,1,645.86,0.3,452.1,91.81,UPI,Same Day,3.7
2875,ORD101584,CUST1577,Diya Gupta,2025-02-26,Mumbai,West,Electronics,Keyboard,2,1258.77,0.05,2391.66,635.69,Net Banking,Express,4.1
2876,ORD103834,CUST1998,Karan Mehta,2025-02-17,Ahmedabad,West,Home & Kitchen,Cookware Set,2,2336.52,0.05,4439.39,768.86,Debit Card,Same Day,4.5
2877,ORD104647,CUST1535,Sneha Agarwal,2025-06-10,Delhi,North,Clothing,Jeans,4,1674.59,0.05,6363.44,1175.75,Cash on Delivery,Standard,4.2
2878,ORD103074,CUST1938,Rohan Patel,2025-04-25,Ahmedabad,West,Home & Kitchen,Cookware Set,1,2346.59,0.05,2229.26,610.79,Cash on Delivery,Standard,2.9
2879,ORD101462,CUST1678,Ananya Verma,2025-03-08,Kolkata,East,Home & Kitchen,Cookware Set,1,2677.91,0.05,2544.01,867.74,Credit Card,Same Day,3.980060240963855
2880,ORD103973,CUST1371,Kavya Srivastava,2025-12-11,Kolkata,East,Beauty,Sunscreen,2,641.62,0.1,1154.92,223.03,Net Banking,Standard,4.2
2881,ORD103664,CUST1391,Rohan Patel,2025-09-20,Noida,North,Beauty,Face Wash,1,385.3,0.1,346.77,110.86,Debit Card,Standard,3.9
2882,ORD102578,CUST1060,Aditi Malhotra,2025-07-08,Kolkata,East,Electronics,Keyboard,1,1371.65,0.0,1371.65,252.17,UPI,Standard,3.1
2883,ORD103844,CUST1729,Karan Mehta,2025-09-24,lucknow ,East,Sports,Yoga Mat,1,825.98,0.15,702.08,131.07,Credit Card,Standard,4.3
2884,ORD100049,CUST1378,Rohan Patel,2025-06-15,Lucknow,North,Home & Kitchen,Table Lamp,1,957.51,0.05,909.63,195.24,UPI,Standard,4.4
2885,ORD104308,CUST2096,Priya Saxena,2025-12-10,Jaipur,North,Beauty,Perfume,1,1241.55,0.05,1179.47,352.66,UPI,Same Day,3.0
2886,ORD103404,CUST1196,Rohan Patel,2025-10-04,Pune,West,Electronics,Keyboard,2,1287.32,0.15,2188.44,541.88,Debit Card,Standard,4.0
2888,ORD101072,CUST2041,Arjun Singh,2025-06-02,Chandigarh,North,Home & Kitchen,Cookware Set,3,2360.24,0.15,6018.61,993.51,Credit Card,Standard,4.5
2889,ORD100719,CUST1435,Rahul Tiwari,2025-03-23,Jaipur,North,Sports,Football,1,906.6,0.15,770.61,182.82,Net Banking,Standard,5.0
2890,ORD104477,CUST1418,Arjun Singh,2025-11-09,Chennai,South,Electronics,Keyboard,1,1232.25,0.05,1170.64,328.16,Net Banking,Express,4.6
2891,ORD102631,CUST1808,Aditya Joshi,2025-06-14,Noida,North,Beauty,Face Wash,2,398.18,0.05,756.54,91.85,Credit Card,Express,4.6
2892,ORD104893,CUST1168,Arjun Singh,2025-06-26,Jaipur,North,Clothing,Sneakers,2,2773.84,0.3,3883.38,1127.43,Debit Card,Same Day,5.0
2893,ORD101660,CUST1085,Rahul Tiwari,2025-10-05,Bengaluru,South,Sports,Football,2,907.28,0.05,1723.83,182.0,Cash on Delivery,Same Day,4.3
2894,ORD101656,CUST1696,Rahul Tiwari,2025-11-26,Chandigarh,North,Books,Data Science Book,1,983.0,0.1,884.7,309.58,Debit Card,Express,3.8
2895,ORD102425,CUST1018,Ananya Verma,2025-05-19,Chennai,South,Home & Kitchen,Cookware Set,2,2713.34,0.15,4612.68,808.39,Net Banking,Same Day,2.9
2896,ORD103565,CUST1779,Sneha Agarwal,2025-08-01,Mumbai,West,Clothing,T-Shirt,5,749.93,0.1,3374.68,874.73,Net Banking,Same Day,3.7
2897,ORD104247,CUST1935,Sneha Agarwal,2025-01-25,Chennai,South,Clothing,Sneakers,3,3180.73,0.1,8587.97,1971.33,Net Banking,Standard,4.3
2898,ORD104994,CUST1205,Ishaan Kumar,2025-04-09,Chennai,South,Clothing,Hoodie,1,1505.9,0.1,1355.31,239.12,Cash on Delivery,Express,3.6
2899,ORD104576,CUST1025,Rohan Patel,2025-12-14,Pune,West,Sports,Yoga Mat,1,877.45,0.1,789.71,168.63,Debit Card,Same Day,5.0
2900,ORD104695,CUST1092,Rohan Patel,2025-08-16,Pune,West,Electronics,Wireless Mouse,1,855.15,0.1,769.63,174.83,Net Banking,Express,2.7
2901,ORD103352,CUST1637,Priya Saxena,2025-10-19,Ahmedabad,West,Clothing,Hoodie,3,1423.45,0.2,3416.28,662.5,UPI,Express,5.0
2902,ORD104771,CUST1301,Ishaan Kumar,2025-07-04,Chennai,South,Sports,Football,1,917.0,0.15,779.45,149.18,Cash on Delivery,Express,4.1
2904,ORD102606,CUST1916,Rahul Tiwari,2025-11-12,Ahmedabad,West,Electronics,Smart Watch,2,3317.54,0.15,5639.82,570.96,UPI,Express,3.980060240963855
2905,ORD101385,CUST1506,Arjun Singh,2025-02-08,Jaipur,North,Beauty,Face Wash,3,393.02,0.15,1002.2,225.04,Net Banking,Express,4.2
2906,ORD103879,CUST1658,Aarav Sharma,2025-03-08,Bengaluru,South,Electronics,Keyboard,1,1424.76,0.1,1282.28,379.51,Debit Card,Standard,4.2
2907,ORD101399,CUST1250,Sneha Agarwal,2025-02-05,Pune,West,Beauty,Perfume,1,1233.6,0.05,1171.92,327.43,Debit Card,Same Day,3.5
2908,ORD101195,CUST2134,Rohan Patel,2025-09-22,Delhi,North,Sports,Football,4,918.58,0.2,2939.46,762.28,Credit Card,Express,3.2
2909,ORD101408,CUST1283,Meera Mishra,2025-09-24,Chennai,South,Home & Kitchen,Bedsheet,5,1074.15,0.15,4565.14,1189.42,Debit Card,Same Day,4.2
2910,ORD103868,CUST1188,Arjun Singh,2025-01-06,Jaipur,North,Clothing,Jeans,3,1675.73,0.05,4775.83,1222.97,Net Banking,Express,3.8
2911,ORD101798,CUST1316,Sneha Agarwal,2025-06-11,Mumbai,West,Sports,Football,4,920.81,0.0,3683.24,735.36,Net Banking,Express,4.4
2912,ORD101475,CUST2072,Karan Mehta,2025-06-11,Jaipur,North,Sports,Yoga Mat,1,857.1,0.2,685.68,158.59,UPI,Express,3.980060240963855
2913,ORD104845,CUST1339,Priya Saxena,2025-01-15,Chandigarh,North,Clothing,Sneakers,1,2742.12,0.05,2605.01,748.72,Debit Card,Express,3.4
2914,ORD100035,CUST2138,Kavya Srivastava,2025-03-08,Lucknow,North,Home & Kitchen,Table Lamp,2,851.67,0.05,1618.17,392.9,Credit Card,Standard,3.2
2915,ORD104836,CUST1177,Diya Gupta,2025-12-11,Noida,North,Home & Kitchen,Table Lamp,1,951.63,0.15,808.89,273.56,Cash on Delivery,Same Day,3.1
2916,ORD102345,CUST1855,Priya Saxena,2025-11-28,Jaipur,North,Books,Data Science Book,2,938.41,0.0,1876.82,475.76,UPI,Standard,4.1
2918,ORD102359,CUST1099,Aditya Joshi,2025-08-09,Noida,North,Books,Programming Book,1,1259.14,0.05,1196.18,380.76,UPI,Express,4.0
2919,ORD102206,CUST2148,Kavya Srivastava,2025-12-19,Ahmedabad,West,Electronics,Wireless Mouse,5,751.16,0.0,3755.8,1146.88,Debit Card,Express,5.0
2920,ORD103810,CUST1543,Aditya Joshi,2025-07-23,Hyderabad,South,Clothing,Sneakers,5,3241.77,0.1,14587.97,4550.53,UPI,Standard,5.0
2921,ORD101286,CUST1419,Diya Gupta,2025-10-22,Pune,West,Electronics,Smart Watch,5,3517.19,0.05,16706.65,4094.88,Debit Card,Standard,2.8
2922,ORD100349,CUST1956,Arjun Singh,2025-02-13,Chandigarh,North,Home & Kitchen,Cookware Set,2,2371.43,0.05,4505.72,1274.03,Net Banking,Standard,3.9
2923,ORD102137,CUST1447,Kavya Srivastava,2025-02-14,Mumbai,West,Clothing,Hoodie,3,1611.01,0.0,4833.03,1243.09,Debit Card,Same Day,4.0
2924,ORD102691,CUST1727,Meera Mishra,2025-07-16,Chennai,South,Clothing,Sneakers,5,2948.69,0.1,13269.11,1420.82,Debit Card,Express,4.6
2925,ORD103015,CUST1388,Rahul Tiwari,2025-12-12,Delhi,North,Books,Programming Book,1,1235.01,0.25,926.26,123.4,UPI,Standard,3.2
2926,ORD103162,CUST1426,Aditi Malhotra,2025-03-05,Pune,West,Books,Programming Book,1,1182.34,0.1,1064.11,276.86,Debit Card,Same Day,4.0
2927,ORD101681,CUST2084,Arjun Singh,2025-05-07,Chennai,South,Books,Novel,1,463.95,0.1,417.56,145.31,UPI,Same Day,3.5
2928,ORD104066,CUST1316,Aditya Joshi,2025-05-03,Lucknow,North,Sports,Running Shoes,4,3264.02,0.1,11750.47,2090.98,Credit Card,Express,4.6
2929,ORD101443,CUST2157,Rahul Tiwari,2025-03-21,Hyderabad,South,Books,Programming Book,5,1238.42,0.1,5572.89,1246.73,Net Banking,Standard,3.9
2930,ORD103282,CUST2050,Ananya Verma,2025-06-06,Bengaluru,South,Home & Kitchen,Table Lamp,1,822.7,0.15,699.3,148.34,Net Banking,Express,3.3
2931,ORD101671,CUST2112,Priya Saxena,2025-03-05,Pune,West,Electronics,Wireless Mouse,2,816.05,0.0,1632.1,243.85,Credit Card,Standard,4.4
2932,ORD102989,CUST1716,Rohan Patel,2025-02-22,Delhi,North,Sports,Football,1,1071.38,0.05,1017.81,257.45,Debit Card,Same Day,4.3
2933,ORD101179,CUST2194,Arjun Singh,2025-04-10,Lucknow,North,Clothing,Sneakers,1,2793.42,0.25,2095.07,332.91,Net Banking,Express,4.4
2934,ORD102798,CUST1287,Ishaan Kumar,2025-11-08,Bengaluru,South,Sports,Football,5,923.45,0.15,3924.66,613.91,Credit Card,Standard,5.0
2935,ORD101692,CUST2192,Karan Mehta,2025-07-17,Kolkata,East,Electronics,Smart Watch,2,3729.31,0.1,6712.76,2324.49,Debit Card,Standard,3.2
2936,ORD103918,CUST2193,Sneha Agarwal,2025-04-15,Chandigarh,North,Sports,Football,2,949.7,0.2,1519.52,439.97,UPI,Same Day,3.4
2937,ORD100372,CUST2096,Meera Mishra,2025-08-11,Delhi,North,Sports,Running Shoes,1,3173.46,0.2,2538.77,450.34,Net Banking,Express,3.1
2938,ORD103653,CUST1835,Karan Mehta,2025-12-23,Delhi,North,Home & Kitchen,Cookware Set,1,2264.97,0.15,1925.22,330.93,Net Banking,Same Day,3.8
2939,ORD101916,CUST2017,Diya Gupta,2025-12-14,Bengaluru,South,Clothing,Jeans,5,1632.22,0.05,7753.05,2456.67,UPI,Standard,4.3
2940,ORD101357,CUST1890,Karan Mehta,2025-05-18,Chennai,South,Beauty,Face Wash,1,363.92,0.05,345.72,55.48,UPI,Express,4.2
2941,ORD101825,CUST1263,Karan Mehta,2025-09-20,Chandigarh,North,Sports,Yoga Mat,1,926.35,0.15,787.4,107.3,UPI,Standard,2.8
2942,ORD100786,CUST1166,Sneha Agarwal,2025-02-27,Kolkata,East,Electronics,Wireless Mouse,4,854.28,0.25,2562.84,354.12,UPI,Express,3.7
2943,ORD100469,CUST1480,Sneha Agarwal,2025-08-30,Hyderabad,South,Clothing,T-Shirt,1,717.26,0.25,537.94,183.07,Cash on Delivery,Same Day,4.3
2944,ORD100140,CUST1001,Aditi Malhotra,2025-07-21,Pune,West,Electronics,Smart Watch,2,3499.54,0.15,5949.22,1565.67,UPI,Same Day,4.0
2945,ORD100788,CUST1540,Rohan Patel,2025-11-05,Mumbai,West,Clothing,Sneakers,4,3046.41,0.1,10967.08,1781.67,UPI,Same Day,4.0
2946,ORD100323,CUST1523,Kavya Srivastava,2025-02-02,Chennai,South,Beauty,Face Wash,2,391.57,0.25,587.36,198.33,Net Banking,Same Day,4.6
2947,ORD100050,CUST1933,Priya Saxena,2025-02-10,Ahmedabad,West,Beauty,Face Wash,2,438.66,0.2,701.86,120.0,UPI,Standard,4.1
2948,ORD100714,CUST2090,Aditya Joshi,2025-09-06,Chennai,South,Books,Novel,1,538.49,0.0,538.49,182.05,Net Banking,Same Day,4.3
2949,ORD104507,CUST1563,Diya Gupta,2025-06-27,Delhi,North,Clothing,T-Shirt,1,749.25,0.1,674.33,195.72,Cash on Delivery,Express,3.5
2950,ORD102840,CUST1208,Rahul Tiwari,2025-05-05,Lucknow,North,Home & Kitchen,Table Lamp,5,923.72,0.05,4387.67,856.92,Cash on Delivery,Express,4.2
2951,ORD102446,CUST2116,Rahul Tiwari,2025-09-15,Lucknow,North,Electronics,Wireless Mouse,1,868.43,0.05,825.01,243.62,Debit Card,Same Day,4.6
2952,ORD104833,CUST1796,Diya Gupta,2025-01-15,Ahmedabad,West,Beauty,Face Wash,3,398.69,0.25,897.05,263.56,UPI,Express,3.0
2953,ORD104438,CUST1928,Priya Saxena,2025-01-13,Noida,North,Books,Data Science Book,1,934.49,0.25,700.87,208.18,Net Banking,Standard,3.4
2954,ORD104615,CUST1512,Aditya Joshi,2025-02-14,Lucknow,North,Home & Kitchen,Table Lamp,24,929.82,0.1,20084.11,1190.29,Debit Card,Standard,4.1
2955,ORD104677,CUST2043,Ishaan Kumar,2025-05-06,Chandigarh,North,Sports,Football,4,1030.25,0.1,3708.9,1296.04,Net Banking,Express,3.0
2956,ORD102666,CUST1566,Arjun Singh,2025-03-04,Chennai,South,Sports,Yoga Mat,2,864.83,0.15,1470.21,207.13,Credit Card,Express,4.6
2957,ORD100406,CUST1413,Aditi Malhotra,2025-05-04,Pune,West,Electronics,Wireless Mouse,4,755.55,0.05,2871.09,835.06,Credit Card,Standard,4.7
2958,ORD103399,CUST2041,Diya Gupta,2025-12-15,Kolkata,East,Books,Programming Book,5,1260.29,0.05,5986.38,1361.74,Credit Card,Express,4.1
2959,ORD101004,CUST1448,Arjun Singh,2025-03-27,Chandigarh,North,Electronics,Headphones,1,2016.63,0.15,1714.14,573.96,UPI,Standard,3.6
2960,ORD104309,CUST2134,Rohan Patel,2025-12-09,Chandigarh,North,Clothing,Hoodie,5,1533.3,0.1,6899.85,716.73,Cash on Delivery,Standard,3.7
2961,ORD100890,CUST1368,Aditya Joshi,2025-09-22,Chennai,South,Beauty,Perfume,2,1257.25,0.15,2137.32,602.88,Credit Card,Express,5.0
2962,ORD102411,CUST1606,Priya Saxena,2025-08-25,Chennai,South,Home & Kitchen,Coffee Maker,3,3453.44,0.15,8806.27,999.74,Cash on Delivery,Same Day,5.0
2963,ORD102545,CUST1347,Rahul Tiwari,2025-04-18,Chennai,South,Electronics,Keyboard,2,1411.05,0.1,2539.89,576.81,Debit Card,Standard,3.6
2964,ORD104327,CUST1434,Aarav Sharma,2025-08-02,Pune,West,Electronics,Keyboard,3,1361.24,0.15,3471.16,1096.55,Debit Card,Same Day,3.1
2965,ORD102390,CUST1566,Diya Gupta,2025-03-26,Chennai,South,Sports,Running Shoes,1,3117.46,0.0,3117.46,900.29,Cash on Delivery,Express,4.7
2967,ORD100042,CUST1488,Aditya Joshi,2025-12-08,Delhi,North,Books,Novel,2,462.81,0.25,694.22,208.42,Debit Card,Same Day,3.5
2968,ORD102830,CUST1604,Aarav Sharma,2025-09-28,Chandigarh,North,Electronics,Headphones,3,2167.42,0.1,5852.03,988.45,Debit Card,Standard,5.0
2969,ORD103349,CUST1981,Meera Mishra,2025-09-16,Noida,North,Home & Kitchen,Cookware Set,3,2708.81,0.2,6501.14,1665.5,UPI,Express,4.4
2970,ORD100303,CUST1228,Sneha Agarwal,2025-04-28,Delhi ,North,Sports,Yoga Mat,2,934.47,0.25,1401.7,346.05,Debit Card,Express,4.0
2971,ORD104532,CUST2077,Meera Mishra,2025-04-03,Chandigarh,North,Beauty,Perfume,1,1354.2,0.15,1151.07,261.63,Cash on Delivery,Standard,3.9
2973,ORD100664,CUST1336,Rahul Tiwari,2025-09-29,Ahmedabad,West,Books,Novel,1,473.73,0.0,473.73,89.75,Credit Card,Same Day,3.6
2974,ORD101177,CUST1244,Aditi Malhotra,2025-07-18,Bengaluru,South,Home & Kitchen,Coffee Maker,1,3517.61,0.05,3341.73,624.8,Credit Card,Standard,4.6
2975,ORD102676,CUST1692,Diya Gupta,2025-02-06,Chennai,South,Sports,Running Shoes,1,2928.11,0.15,2488.89,820.58,Net Banking,Express,3.8
2976,ORD101947,CUST1909,Rahul Tiwari,2025-01-14,Kolkata,East,Books,Novel,1,503.87,0.1,453.48,116.19,Debit Card,Standard,4.2
2977,ORD102501,CUST1935,Diya Gupta,2025-06-25,Chandigarh,North,Books,Data Science Book,2,930.85,0.1,1675.53,185.38,Debit Card,Same Day,5.0
2978,ORD101473,CUST1057,Ishaan Kumar,2025-03-28,Chandigarh,North,Clothing,Jeans,1,1636.04,0.1,1472.44,437.02,Credit Card,Same Day,3.8
2979,ORD103524,CUST1758,Aarav Sharma,2025-03-11,Mumbai,West,Electronics,Keyboard,1,1421.22,0.0,1421.22,407.43,UPI,Express,4.7
2980,ORD104796,CUST1989,Aarav Sharma,2025-03-21,Lucknow,North,Sports,Football,5,967.13,0.15,4110.3,797.19,Net Banking,Express,4.0
2981,ORD102132,CUST1639,Rahul Tiwari,2025-08-02,Pune,West,Sports,Yoga Mat,2,903.76,0.15,1536.39,178.81,Net Banking,Standard,4.3
2982,ORD101026,CUST1038,Aditi Malhotra,2025-07-09,Noida,North,Sports,Football,1,1032.65,0.05,981.02,112.61,UPI,Same Day,3.3
2983,ORD100961,CUST1680,Karan Mehta,2025-10-31,Jaipur,North,Electronics,Wireless Mouse,1,842.0,0.1,757.8,112.94,Credit Card,Standard,4.3
2984,ORD102889,CUST1195,Aditya Joshi,2025-01-11,Noida,North,Electronics,Smart Watch,1,3393.7,0.25,2545.27,787.4,UPI,Standard,4.8
2986,ORD102009,CUST1153,Ishaan Kumar,2025-03-10,Lucknow,North,Home & Kitchen,Cookware Set,4,2557.41,0.15,8695.19,2790.35,Cash on Delivery,Express,3.5
2987,ORD102149,CUST1052,Priya Saxena,2025-04-27,Ahmedabad,West,Sports,Running Shoes,4,2748.27,0.0,10993.08,2082.94,Cash on Delivery,Express,5.0
2988,ORD104717,CUST1406,Meera Mishra,2025-06-14,Jaipur,North,Sports,Running Shoes,2,3216.34,0.15,5467.78,1522.61,Cash on Delivery,Standard,3.4
2989,ORD102338,CUST1001,Ishaan Kumar,2025-03-24,Bengaluru,South,Home & Kitchen,Bedsheet,1,1004.09,0.0,1004.09,285.89,Net Banking,Express,3.6
2990,ORD103932,CUST1379,Diya Gupta,2025-02-08,Jaipur,North,Electronics,Wireless Mouse,4,786.43,0.15,2673.86,312.91,Credit Card,Same Day,5.0
2992,ORD101440,CUST1362,Aditi Malhotra,2025-02-10,Jaipur,North,Home & Kitchen,Cookware Set,5,2600.72,0.1,11703.24,1767.43,Credit Card,Same Day,2.9
2993,ORD101496,CUST1630,Diya Gupta,2025-01-28,Hyderabad,South,Books,Novel,5,548.0,0.0,2740.0,448.89,Credit Card,Same Day,3.9
2994,ORD102652,CUST1240,Rohan Patel,2025-04-18,Delhi,North,Home & Kitchen,Bedsheet,5,1005.3,0.2,4021.2,969.73,Credit Card,Same Day,4.7
2995,ORD102875,CUST1430,Aarav Sharma,2025-03-14,Ahmedabad,West,Sports,Running Shoes,1,3070.08,0.1,2763.07,456.01,Credit Card,Express,4.4
2996,ORD100916,CUST1320,Ananya Verma,2025-07-30,Noida,North,Books,Novel,3,497.9,0.1,1344.33,372.52,UPI,Standard,4.2
2997,ORD104200,CUST2045,Meera Mishra,2025-11-02,Bengaluru,South,Books,Data Science Book,3,915.76,0.2,2197.82,246.47,Debit Card,Standard,3.9
2998,ORD103764,CUST2193,Kavya Srivastava,2025-12-18,Chandigarh,North,Clothing,Sneakers,3,2856.2,0.05,8140.17,862.76,Cash on Delivery,Same Day,5.0
2999,ORD102772,CUST1164,Aditya Joshi,2025-02-20,Chandigarh,North,Electronics,Wireless Mouse,2,802.98,0.0,1605.96,339.32,Cash on Delivery,Standard,3.5
3000,ORD101624,CUST1862,Ananya Verma,2025-03-31,Pune,West,Electronics,Headphones,1,1938.9,0.0,1938.9,364.07,Net Banking,Standard,4.0
3001,ORD103881,CUST2068,Diya Gupta,2025-08-04,Pune,West,Books,Programming Book,5,1103.22,0.3,3861.27,390.37,Cash on Delivery,Express,2.1
3002,ORD100821,CUST1937,Diya Gupta,2025-06-08,Kolkata,East,Beauty,Face Wash,2,423.21,0.3,592.49,110.96,Net Banking,Standard,3.980060240963855
3003,ORD103339,CUST2074,Rahul Tiwari,2025-02-13,Bengaluru,South,Beauty,Sunscreen,2,679.06,0.1,1222.31,245.6,Debit Card,Express,4.3
3004,ORD101354,CUST1248,Sneha Agarwal,2025-07-19,Mumbai,West,Clothing,Hoodie,2,1429.33,0.0,2858.66,322.73,Cash on Delivery,Same Day,5.0
3005,ORD104516,CUST1307,Aditya Joshi,2025-03-21,Noida,North,Electronics,Keyboard,4,1299.19,0.15,4417.25,578.1,COD,Express,3.8
3006,ORD100850,CUST1108,Rahul Tiwari,2025-07-23,Jaipur,North,Beauty,Perfume,1,1172.99,0.2,938.39,239.28,Cash on Delivery,Express,2.1
3007,ORD101000,CUST1961,Ishaan Kumar,2025-08-04,Noida,North,Clothing,Hoodie,4,1526.33,0.05,5800.05,1398.73,Debit Card,Standard,2.3
3008,ORD104122,CUST1103,Aarav Sharma,2025-09-22,Lucknow,North,Clothing,T-Shirt,3,647.44,0.25,1456.74,343.69,Net Banking,Same Day,3.9
3009,ORD100018,CUST1341,Aarav Sharma,2025-04-08,Pune,West,Home & Kitchen,Table Lamp,4,868.72,0.1,3127.39,655.9,Credit Card,Same Day,4.1
3010,ORD101637,CUST1058,Ananya Verma,2025-05-07,Ahmedabad,West,Home & Kitchen,Cookware Set,1,2506.27,0.0,2506.27,833.77,Credit Card,Standard,3.5
3011,ORD101667,CUST1227,Priya Saxena,2025-12-08,Kolkata,East,Beauty,Face Wash,1,431.52,0.05,409.94,117.1,Debit Card,Same Day,4.0
3012,ORD100493,CUST2118,Ishaan Kumar,2025-04-26,Hyderabad,South,Electronics,Keyboard,1,1202.8,0.15,1022.38,172.23,Credit Card,Standard,4.3
3013,ORD101347,CUST1868,Ishaan Kumar,2025-03-25,Bengaluru,South,Clothing,Sneakers,2,3260.32,0.1,5868.58,1445.53,UPI,Same Day,3.5
3014,ORD103770,CUST1445,Ananya Verma,2025-07-25,Chennai,South,Books,Novel,5,459.12,0.1,2066.04,698.97,Cash on Delivery,Same Day,3.980060240963855
3015,ORD103484,CUST1029,Aarav Sharma,2025-10-28,Hyderabad,South,Clothing,Sneakers,3,2899.37,0.0,8698.11,1375.29,Credit Card,Same Day,3.2
3016,ORD103657,CUST1243,Kavya Srivastava,2025-11-01,Pune,West,Books,Programming Book,3,1281.11,0.05,3651.16,528.31,Cash on Delivery,Express,3.0
3017,ORD104497,CUST1032,Diya Gupta,2025-06-04,Delhi,North,Home & Kitchen,Cookware Set,3,2738.15,0.3,5750.11,1319.6,Credit Card,Express,3.0
3018,ORD100687,CUST1742,Meera Mishra,2025-12-25,Delhi,North,Clothing,Sneakers,1,2804.69,0.05,2664.46,363.42,Cash on Delivery,Express,2.9
3019,ORD103774,CUST1105,Priya Saxena,2025-03-26,Noida,North,Books,Data Science Book,4,903.73,0.0,3614.92,634.82,UPI,Same Day,5.0
3020,ORD101608,CUST1678,Aditi Malhotra,2025-05-08,Ahmedabad,West,Electronics,Headphones,2,1895.98,0.15,3223.17,955.57,Cash on Delivery,Standard,4.1
3021,ORD104109,CUST1183,Rahul Tiwari,2025-03-06,Chennai,South,Home & Kitchen,Cookware Set,2,2460.08,0.15,4182.14,1278.13,Net Banking,Standard,3.8
3023,ORD101009,CUST1599,Aarav Sharma,2025-03-07,Mumbai,West,Beauty,Perfume,3,1363.62,0.15,3477.23,955.53,Cash on Delivery,Standard,2.8
3024,ORD102408,CUST1243,Aditi Malhotra,2025-04-01,Bengaluru,South,Books,Data Science Book,3,888.4,0.1,2398.68,460.23,Debit Card,Standard,4.3
3025,ORD101092,CUST1748,Ananya Verma,2025-06-03,Hyderabad,South,Beauty,Sunscreen,3,740.65,0.3,1555.36,375.26,Net Banking,Standard,3.4
3026,ORD101327,CUST1265,Priya Saxena,2025-04-07,Ahmedabad,West,Home & Kitchen,Bedsheet,1,945.34,0.15,803.54,169.63,Debit Card,Standard,4.7
3027,ORD101677,CUST2162,Aditya Joshi,2025-03-16,Jaipur,North,Clothing,Jeans,1,1823.84,0.0,1823.84,545.37,UPI,Express,4.5
3028,ORD101999,CUST2091,Rohan Patel,2025-03-11,Pune,West,Home & Kitchen,Bedsheet,4,953.21,0.15,3240.91,837.78,Credit Card,Standard,4.2
3029,ORD101310,CUST1838,Aarav Sharma,2025-03-01,Ahmedabad,West,Home & Kitchen,Coffee Maker,1,3434.21,0.2,2747.37,392.6,Credit Card,Express,5.0
3030,ORD103566,CUST1290,Aarav Sharma,2025-06-01,Chandigarh,North,Home & Kitchen,Table Lamp,4,879.39,0.1,3165.8,639.34,Cash on Delivery,Same Day,4.8
3031,ORD101987,CUST1585,Diya Gupta,2025-03-27,Kolkata,East,Beauty,Face Wash,3,375.79,0.0,1127.37,192.19,Debit Card,Same Day,3.4
3032,ORD103691,CUST1154,Arjun Singh,2025-03-01,Noida,North,Sports,Running Shoes,5,3107.82,0.1,13985.19,2396.79,UPI,Express,2.9
3033,ORD100344,CUST1066,Priya Saxena,2025-01-27,Bengaluru,South,Books,Novel,1,543.39,0.1,489.05,131.47,Net Banking,Same Day,4.2
3034,ORD104204,CUST1494,Aditya Joshi,2025-02-12,Pune,West,Electronics,Smart Watch,1,3733.7,0.05,3547.01,517.08,UPI,Same Day,3.2
3035,ORD100986,CUST1809,Kavya Srivastava,2025-01-19,Chennai,South,Beauty,Face Wash,2,433.3,0.1,779.94,205.05,Net Banking,Same Day,3.3
3036,ORD103895,CUST1954,Rohan Patel,2025-11-15,Chennai,South,Home & Kitchen,Coffee Maker,2,3536.59,0.25,5304.89,1192.4,Net Banking,Express,4.0
3037,ORD103858,CUST2187,Ananya Verma,2025-07-25,Noida,North,Books,Data Science Book,4,866.81,0.05,3293.88,769.14,Cash on Delivery,Express,3.8
3038,ORD104331,CUST1857,Meera Mishra,2025-03-28,Hyderabad,South,Books,Programming Book,1,1085.6,0.05,1031.32,150.64,Net Banking,Express,3.2
3039,ORD104047,CUST1736,Meera Mishra,2025-10-04,Chandigarh,North,Clothing,T-Shirt,1,704.13,0.1,633.72,179.16,Cash on Delivery,Express,5.0
3040,ORD103128,CUST1871,Rahul Tiwari,2025-07-07,Bengaluru,South,Home & Kitchen,Coffee Maker,4,3152.74,0.1,11349.86,1690.35,Debit Card,Same Day,5.0
3041,ORD103066,CUST2158,Rohan Patel,2025-10-18,Chennai,South,Books,Data Science Book,3,930.01,0.15,2371.53,670.14,Credit Card,Express,4.4
3042,ORD101142,CUST1334,Arjun Singh,2025-08-12,Hyderabad,South,Clothing,T-Shirt,5,646.52,0.0,3232.6,568.22,Credit Card,Same Day,3.9
3043,ORD102358,CUST1819,Arjun Singh,2025-06-08,Lucknow,North,Beauty,Face Wash,5,433.2,0.0,2166.0,707.34,Cash on Delivery,Standard,4.5
3044,ORD101198,CUST1169,Aditya Joshi,2025-01-19,Mumbai,West,Home & Kitchen,Coffee Maker,1,3455.46,0.0,3455.46,406.88,Net Banking,Same Day,3.6
3045,ORD100085,CUST1603,Meera Mishra,2025-05-06,Chandigarh,North,Sports,Football,5,983.09,0.25,3686.59,1061.7,Net Banking,Standard,3.9
3046,ORD101518,CUST1785,Aditi Malhotra,2025-05-02,Chennai,South,Electronics,Wireless Mouse,4,779.93,0.05,2963.73,896.18,UPI,Express,5.0
3047,ORD100516,CUST2182,Diya Gupta,2025-01-12,Bengaluru,South,Home & Kitchen,Coffee Maker,1,3632.25,0.1,3269.03,666.62,COD,Express,4.6
3048,ORD101381,CUST1132,Ishaan Kumar,2025-08-28,Ahmedabad,West,Books,Programming Book,1,1243.72,0.05,1181.53,327.47,Net Banking,Same Day,3.6
3049,ORD102716,CUST1662,Aditi Malhotra,2025-12-10,Ahmedabad,West,Sports,Football,1,1007.59,0.1,906.83,264.02,Credit Card,Express,4.6
3050,ORD103121,CUST1518,Arjun Singh,2025-01-28,Pune,West,Clothing,Jeans,1,1866.84,0.1,1680.16,529.29,Net Banking,Standard,4.0
3051,ORD101014,CUST1768,Aditya Joshi,2025-04-05,Bengaluru,South,Electronics,Smart Watch,1,3347.41,0.05,3180.04,798.85,Net Banking,Standard,4.2
3052,ORD100128,CUST1870,Karan Mehta,2025-05-28,Kolkata,East,Beauty,Face Wash,2,403.93,0.15,686.68,156.04,Credit Card,Express,4.0
3053,ORD101364,CUST1587,Rohan Patel,2025-12-09,Pune,West,Home & Kitchen,Table Lamp,2,981.67,0.25,1472.5,448.71,Credit Card,Standard,4.0
3054,ORD103666,CUST1658,Sneha Agarwal,2025-11-25,Chennai,South,Home & Kitchen,Cookware Set,2,2363.83,0.0,4727.66,524.74,Cash on Delivery,Same Day,3.4
3055,ORD103161,CUST2029,Aditya Joshi,2025-06-17,Hyderabad,South,Home & Kitchen,Table Lamp,2,987.48,0.05,1876.21,409.55,Credit Card,Standard,4.6
3056,ORD100891,CUST2036,Aditi Malhotra,2025-07-31,Noida,North,Electronics,Wireless Mouse,4,848.33,0.15,2884.32,905.54,Debit Card,Standard,3.7
3057,ORD102793,CUST1011,Priya Saxena,2025-09-12,Ahmedabad,West,Sports,Football,1,953.48,0.1,858.13,178.65,Credit Card,Same Day,2.3
3058,ORD104226,CUST1128,Aarav Sharma,2025-11-11,Noida,North,Clothing,Sneakers,5,2928.75,0.15,12447.19,1308.3,Net Banking,Standard,4.1
3059,ORD101359,CUST1948,Priya Saxena,2025-03-31,Pune,West,Clothing,Sneakers,5,2738.82,0.15,11639.99,1232.85,Net Banking,Same Day,4.4
3060,ORD100307,CUST1355,Ishaan Kumar,2025-09-25,Mumbai,West,Electronics,Smart Watch,1,3728.14,0.1,3355.33,831.59,Cash on Delivery,Express,2.4
3061,ORD101661,CUST1825,Diya Gupta,2025-11-28,Chandigarh,North,Electronics,Headphones,1,1901.03,0.0,1901.03,432.47,Net Banking,Express,4.4
3062,ORD102431,CUST2082,Arjun Singh,2025-12-06,Noida,North,Books,Programming Book,1,1205.05,0.15,1024.29,257.16,Net Banking,Express,3.1
3063,ORD103978,CUST2088,Rohan Patel,2025-07-10,Ahmedabad,West,Books,Data Science Book,2,867.79,0.1,1562.02,467.1,UPI,Express,4.8
3064,ORD101317,CUST1749,Kavya Srivastava,2025-04-29,Ahmedabad,West,Beauty,Face Wash,5,433.67,0.1,1951.51,446.17,Credit Card,Express,4.6
3065,ORD104322,CUST1797,Ananya Verma,2025-07-09,Mumbai,West,Sports,Football,2,925.29,0.05,1758.05,573.94,Cash on Delivery,Express,4.1
3067,ORD102542,CUST1671,Ananya Verma,2025-12-11,Chandigarh,North,Home & Kitchen,Table Lamp,1,988.31,0.0,988.31,339.13,UPI,Express,5.0
3068,ORD101246,CUST1842,Ishaan Kumar,2025-09-21,Pune,West,Clothing,Sneakers,1,3125.7,0.05,2969.41,324.15,Credit Card,Standard,4.2
3069,ORD101208,CUST1419,Aarav Sharma,2025-06-19,Hyderabad,South,electronics,Sneakers,4,2953.87,0.0,11815.48,1832.23,Cash on Delivery,Standard,4.5
3070,ORD100216,CUST1491,Rahul Tiwari,2025-09-30,Chennai,South,Home & Kitchen,Table Lamp,1,968.35,0.05,919.93,214.18,Cash on Delivery,Standard,2.8
3071,ORD104311,CUST1252,Meera Mishra,2025-11-23,Ahmedabad,West,Clothing,Sneakers,5,2909.06,0.05,13818.03,2196.71,Net Banking,Standard,3.9
3072,ORD104926,CUST1804,Ananya Verma,2025-03-11,Chandigarh,North,Home & Kitchen,Table Lamp,5,959.49,0.05,4557.58,1261.55,Credit Card,Same Day,4.1
3073,ORD101239,CUST1022,Aditya Joshi,2025-04-23,Jaipur,North,Clothing,Hoodie,2,1359.73,0.15,2311.54,370.47,UPI,Express,4.0
3074,ORD102289,CUST1478,Ishaan Kumar,2025-05-18,Delhi,North,Home & Kitchen,Bedsheet,1,1096.84,0.1,987.16,107.15,UPI,Same Day,4.7
3076,ORD100275,CUST1308,Rohan Patel,2025-02-08,Delhi,North,Home & Kitchen,Cookware Set,3,2748.78,0.1,7421.71,2361.09,Cash on Delivery,Same Day,4.9
3077,ORD100489,CUST1282,Meera Mishra,2025-02-20,Ahmedabad,West,Beauty,Face Wash,1,431.71,0.1,388.54,95.79,Cash on Delivery,Standard,5.0
3078,ORD101035,CUST1203,Ishaan Kumar,2025-12-21,Hyderabad,South,Books,Data Science Book,1,969.97,0.05,921.47,99.31,Net Banking,Standard,3.7
3079,ORD101229,CUST1396,Arjun Singh,2025-01-22,Noida,North,Home & Kitchen,Coffee Maker,3,3445.49,0.0,10336.47,3065.15,UPI,Same Day,3.6
3080,ORD104604,CUST1027,Priya Saxena,2025-07-30,Pune,West,Sports,Yoga Mat,4,935.65,0.15,3181.21,350.59,Debit Card,Express,3.6
3081,ORD101008,CUST2000,Meera Mishra,2025-12-28,Bengaluru,South,Electronics,Headphones,4,1816.93,0.2,5814.18,694.0,Credit Card,Express,4.5
3082,ORD104726,CUST1199,Diya Gupta,2025-09-13,Jaipur,North,Electronics,Keyboard,2,1183.79,0.25,1775.68,343.65,Cash on Delivery,Standard,4.1
3083,ORD103159,CUST2199,Aarav Sharma,2025-11-29,Chennai,South,Beauty,Sunscreen,2,678.23,0.15,1152.99,180.05,Cash on Delivery,Standard,3.4
3084,ORD103220,CUST1035,Aditi Malhotra,2025-01-23,Delhi,North,Books,Data Science Book,2,939.67,0.2,1503.47,409.84,Cash on Delivery,Same Day,3.6
3086,ORD104187,CUST2081,Diya Gupta,2025-07-04,Chandigarh,North,Sports,Yoga Mat,1,983.57,0.0,983.57,201.96,UPI,Standard,5.0
3087,ORD101058,CUST1172,Karan Mehta,2025-11-20,Hyderabad,South,Sports,Yoga Mat,1,917.9,0.1,826.11,115.56,UPI,Express,3.9
3088,ORD102166,CUST1038,Aarav Sharma,2025-06-27,Chennai,South,Sports,Football,1,1084.97,0.15,922.22,126.87,UPI,Same Day,4.4
3090,ORD103413,CUST1524,Ananya Verma,2025-01-16,Jaipur,North,Clothing,Sneakers,1,3036.6,0.15,2581.11,893.67,Debit Card,Express,5.0
3091,ORD100281,CUST1646,Aditi Malhotra,2025-10-17,Chennai,South,Electronics,Headphones,5,1822.58,0.1,8201.61,2251.99,Net Banking,Express,5.0
3092,ORD103607,CUST1773,Rohan Patel,2025-05-17,Mumbai,West,Sports,Yoga Mat,2,869.65,0.1,1565.37,429.42,UPI,Standard,4.2
3093,ORD101316,CUST1812,Aditya Joshi,2025-05-03,Chennai,South,Electronics,Smart Watch,2,3512.01,0.15,5970.42,883.69,Credit Card,Express,4.6
3094,ORD104998,CUST1679,Diya Gupta,2025-02-28,Delhi,North,Books,Programming Book,3,1201.9,0.1,3245.13,496.53,Debit Card,Standard,3.7
3095,ORD100968,CUST1513,Karan Mehta,2025-12-14,Delhi,North,Beauty,Perfume,3,1346.82,0.1,3636.41,545.9,Cash on Delivery,Standard,4.8
3096,ORD103163,CUST1135,Ananya Verma,2025-10-16,Noida,North,Clothing,T-Shirt,4,633.01,0.0,2532.04,391.21,UPI,Express,3.3
3097,ORD103964,CUST1340,Kavya Srivastava,2025-02-28,Kolkata,East,Clothing,T-Shirt,5,708.04,0.0,3540.2,938.41,Cash on Delivery,Standard,4.8
3098,ORD103204,CUST1609,Rahul Tiwari,2025-10-06,Kolkata,East,Clothing,Hoodie,3,1571.04,0.15,4006.15,492.0,Credit Card,Standard,3.9
3099,ORD103560,CUST1661,Rahul Tiwari,2025-09-01,Jaipur,North,Clothing,Hoodie,5,1639.0,0.0,8195.0,1103.83,Cash on Delivery,Same Day,4.2
3100,ORD100619,CUST1492,Kavya Srivastava,2025-01-26,Chandigarh,North,Books,Novel,4,480.74,0.2,1538.37,377.73,UPI,Express,3.0
3101,ORD103273,CUST1197,Priya Saxena,2025-05-16,Delhi,North,Sports,Running Shoes,2,2777.36,0.05,5276.98,1233.53,Credit Card,Standard,3.4
3102,ORD101742,CUST1941,Aditi Malhotra,2025-03-04,Pune,West,Clothing,Jeans,5,1913.61,0.05,9089.65,3053.42,Credit Card,Same Day,5.0
3103,ORD101390,CUST2012,Karan Mehta,2025-03-26,Delhi,North,Clothing,Sneakers,1,3149.5,0.05,2992.02,325.66,Credit Card,Same Day,3.5
3104,ORD104095,CUST1379,Rahul Tiwari,2025-06-30,Pune,West,Books,Data Science Book,4,940.11,0.15,3196.37,910.52,Net Banking,Express,4.3
3105,ORD101847,CUST1683,Kavya Srivastava,2025-07-10,Noida,North,Electronics,Headphones,1,1941.21,0.0,1941.21,477.4,Credit Card,Same Day,5.0
3106,ORD101579,CUST1616,Karan Mehta,2025-09-12,Lucknow,North,Clothing,T-Shirt,2,687.34,0.2,1099.74,185.3,Credit Card,Standard,3.6
3107,ORD101655,CUST1539,Aditi Malhotra,2025-04-24,Noida,North,Beauty,Sunscreen,1,707.99,0.05,672.59,67.88,Credit Card,Standard,4.8
3108,ORD102352,CUST1378,Meera Mishra,2025-01-02,Hyderabad,South,Beauty,Sunscreen,2,729.96,0.1,1313.93,157.07,UPI,Standard,3.980060240963855
3109,ORD102212,CUST1181,Diya Gupta,2025-05-27,Jaipur,North,Home & Kitchen,Table Lamp,1,892.19,0.05,847.58,285.25,Debit Card,Express,3.7
3110,ORD102020,CUST1943,Sneha Agarwal,2025-07-03,Kolkata,East,Books,Programming Book,5,1129.07,0.0,5645.35,1562.27,cash on delivery,Express,3.6
3111,ORD104992,CUST1635,Ananya Verma,2025-06-09,Delhi,North,Beauty,Perfume,2,1338.82,0.2,2142.11,564.5,Cash on Delivery,Standard,2.8
3112,ORD101956,CUST1473,Karan Mehta,2025-12-23,Ahmedabad,West,Books,Novel,5,450.78,0.1,2028.51,261.85,Credit Card,Same Day,3.7
3113,ORD101307,CUST1342,Aditi Malhotra,2025-12-29,Lucknow,North,Clothing,Jeans,1,1848.07,0.05,1755.67,373.09,Cash on Delivery,Express,3.8
3114,ORD102003,CUST1355,Ananya Verma,2025-09-02,Bengaluru,South,Electronics,Smart Watch,1,3488.74,0.0,3488.74,652.46,Cash on Delivery,Standard,3.4
3115,ORD104929,CUST1380,Meera Mishra,2025-10-22,Chandigarh,North,Home & Kitchen,Bedsheet,3,959.04,0.05,2733.26,775.67,Credit Card,Same Day,3.2
3116,ORD100575,CUST1903,Aditya Joshi,2025-06-13,Jaipur,North,Home & Kitchen,Cookware Set,2,2505.09,0.05,4759.67,1592.84,Net Banking,Same Day,2.8
3117,ORD102360,CUST1658,Aditi Malhotra,2025-09-06,Ahmedabad,West,Electronics,Wireless Mouse,1,738.1,0.2,590.48,97.56,Credit Card,Express,4.4
3118,ORD104220,CUST2151,Aarav Sharma,2025-01-02,Delhi,North,Clothing,Sneakers,2,2803.87,0.3,3925.42,923.9,Debit Card,Express,5.0
3119,ORD104455,CUST1372,Sneha Agarwal,2025-04-20,Hyderabad,South,Clothing,Sneakers,2,3249.16,0.05,6173.4,1242.62,Net Banking,Standard,4.2
3120,ORD101706,CUST2073,Aarav Sharma,2025-07-06,Mumbai,West,Sports,Football,5,963.72,0.1,4336.74,775.77,Debit Card,Same Day,2.5
3122,ORD103681,CUST1586,Karan Mehta,2025-02-18,Lucknow,North,Books,Programming Book,2,1305.82,0.1,2350.48,686.66,Credit Card,Standard,3.7
3123,ORD101280,CUST1185,Rahul Tiwari,2025-08-09,Chennai,South,Clothing,T-Shirt,4,678.61,0.05,2578.72,344.48,UPI,Express,4.4
3124,ORD100861,CUST1055,Sneha Agarwal,2025-09-28,Chandigarh,North,Books,Novel,2,523.92,0.2,838.27,157.03,UPI,Standard,3.980060240963855
3125,ORD104163,CUST1195,Ishaan Kumar,2025-03-31,Ahmedabad,West,Books,Novel,1,461.13,0.1,415.02,101.62,Debit Card,Same Day,3.9
3126,ORD101801,CUST1641,Aditya Joshi,2025-09-24,Chandigarh,North,Clothing,T-Shirt,1,740.09,0.2,592.07,71.12,Debit Card,Same Day,5.0
3127,ORD101628,CUST2135,Ishaan Kumar,2025-04-22,Jaipur,North,Electronics,Keyboard,1,1413.69,0.1,1272.32,432.97,UPI,Standard,4.2
3128,ORD101993,CUST1768,Aditi Malhotra,2025-02-09,Noida,North,Beauty,Face Wash,1,406.82,0.1,366.14,89.53,Net Banking,Express,3.7
3129,ORD102639,CUST1303,Priya Saxena,2025-11-20,Delhi,North,Sports,Running Shoes,3,2728.54,0.25,6139.22,826.97,Debit Card,Standard,4.6
3130,ORD100269,CUST1222,Diya Gupta,2025-04-07,Pune,West,Books,Data Science Book,2,879.71,0.1,1583.48,506.48,Net Banking,Same Day,4.5
3131,ORD100629,CUST1658,Diya Gupta,2025-06-03,Mumbai,West,Beauty,Perfume,5,1314.21,0.0,6571.05,1998.95,UPI,Express,4.2
3132,ORD103081,CUST2058,Meera Mishra,2025-09-04,Chennai,South,Books,Novel,1,508.16,0.15,431.94,94.27,Credit Card,Standard,5.0
3133,ORD102334,CUST1106,Ananya Verma,2025-03-24,Kolkata,East,Books,Data Science Book,5,897.32,0.15,3813.61,1236.88,UPI,Same Day,4.2
3134,ORD102966,CUST1461,Arjun Singh,2025-05-08,Lucknow,North,Home & Kitchen,Table Lamp,1,926.13,0.1,833.52,200.02,Debit Card,Standard,3.2
3135,ORD100300,CUST1236,Meera Mishra,2025-12-07,Bengaluru,South,Sports,Yoga Mat,2,931.7,0.25,1397.55,285.42,Net Banking,Express,5.0
3136,ORD100459,CUST1748,Ananya Verma,2025-08-13,Noida,North,Clothing,Sneakers,2,2927.87,0.0,5855.74,1464.34,Cash on Delivery,Express,4.0
3137,ORD101447,CUST2001,Rahul Tiwari,2025-01-02,Delhi,North,Beauty,Perfume,1,1189.67,0.1,1070.7,168.87,UPI,Same Day,3.8
3138,ORD101472,CUST1129,Aditi Malhotra,2025-11-04,Mumbai,West,Books,Programming Book,4,1310.33,0.1,4717.19,1572.29,UPI,Express,4.4
3139,ORD102046,CUST1795,Rohan Patel,2025-02-20,Pune,West,Books,Programming Book,3,1315.71,0.15,3355.06,846.0,Net Banking,Same Day,4.0
3140,ORD104246,CUST1296,Aditi Malhotra,2025-01-08,Mumbai,West,Home & Kitchen,Table Lamp,4,919.72,0.0,3678.88,379.15,UPI,Same Day,4.6
3141,ORD103807,CUST1105,Aditi Malhotra,2025-11-13,Kolkata,East,Beauty,Perfume,3,1390.81,0.05,3963.81,1369.81,Credit Card,Same Day,3.4
3142,ORD102113,CUST1018,Arjun Singh,2025-02-21,Chandigarh,North,Home & Kitchen,Coffee Maker,4,3264.46,0.1,11752.06,3431.0,Debit Card,Same Day,4.6
3143,ORD100027,CUST1158,Rohan Patel,2025-02-15,Delhi,North,Beauty,Sunscreen,2,758.77,0.1,1365.79,239.34,Debit Card,Express,4.9
3144,ORD103883,CUST1945,Aditya Joshi,2025-04-18,Jaipur,North,Home & Kitchen,Cookware Set,3,2257.46,0.25,5079.28,776.98,Net Banking,Standard,2.9
3145,ORD104541,CUST1825,Rahul Tiwari,2025-05-27,Noida,North,Beauty,Perfume,3,1236.72,0.1,3339.14,844.46,Credit Card,Express,3.7
3146,ORD100837,CUST1388,Kavya Srivastava,2025-05-24,Pune,West,Clothing,Sneakers,4,2926.44,0.1,10535.18,1394.09,UPI,Express,3.7
3147,ORD103870,CUST1903,Arjun Singh,2025-10-28,Chennai,South,Clothing,Sneakers,1,3237.45,0.25,2428.09,675.63,UPI,Standard,3.7
3148,ORD102008,CUST1218,Priya Saxena,2025-05-31,Lucknow,North,Clothing,Hoodie,4,1410.3,0.3,3948.84,1312.56,Debit Card,Standard,4.4
3150,ORD100503,CUST1627,Diya Gupta,2025-10-03,Pune,West,Sports,Yoga Mat,2,833.42,0.25,1250.13,275.2,Cash on Delivery,Standard,4.0
3151,ORD103245,CUST1712,Aditya Joshi,2025-07-09,Jaipur,North,Home & Kitchen,Table Lamp,1,833.78,0.05,792.09,84.05,UPI,Standard,4.6
3152,ORD104323,CUST1211,Ananya Verma,2025-06-28,Chandigarh,North,Beauty,Face Wash,2,429.06,0.1,772.31,175.4,Cash on Delivery,Express,3.2
3153,ORD100380,CUST1276,Aditya Joshi,2025-08-14,Pune,West,Sports,Yoga Mat,2,836.37,0.05,1589.1,266.13,Net Banking,Express,5.0
3154,ORD101851,CUST1518,Priya Saxena,2025-08-07,Delhi,North,Home & Kitchen,Coffee Maker,4,3669.66,0.15,12476.84,2109.15,Cash on Delivery,Express,5.0
3155,ORD101525,CUST1132,Rahul Tiwari,2025-11-26,Noida,North,Clothing,Hoodie,4,1553.86,0.05,5904.67,2022.0,Debit Card,Same Day,5.0
3156,ORD102365,CUST1177,Sneha Agarwal,2025-03-12,Chandigarh,North,Clothing,T-Shirt,1,649.98,0.2,519.98,67.86,Credit Card,Express,3.1
3157,ORD104582,CUST1882,Diya Gupta,2025-01-04,Kolkata,East,Home & Kitchen,Bedsheet,2,1047.63,0.15,1780.97,361.46,Credit Card,Standard,2.8
3158,ORD103052,CUST1857,Priya Saxena,2025-04-10,Hyderabad,South,Sports,Yoga Mat,2,865.1,0.05,1643.69,294.6,Net Banking,Express,5.0
3159,ORD102884,CUST1547,Rahul Tiwari,2025-09-20,Hyderabad,South,Clothing,Hoodie,1,1383.99,0.0,1383.99,182.09,Debit Card,Express,4.5
3160,ORD102340,CUST1796,Ishaan Kumar,2025-06-03,Chandigarh,North,Books,Novel,1,463.61,0.05,440.43,45.61,Debit Card,Express,3.3
3161,ORD100374,CUST1909,Rahul Tiwari,2025-10-10,Delhi,North,Electronics,Keyboard,2,1322.38,0.0,2644.76,317.04,Credit Card,Standard,3.9
3162,ORD103299,CUST2075,Arjun Singh,2025-04-16,Jaipur,North,Books,Data Science Book,1,948.19,0.1,853.37,192.6,Net Banking,Same Day,4.4
3163,ORD102381,CUST2045,Meera Mishra,2025-08-27,Chandigarh,North,Home & Kitchen,Bedsheet,1,912.0,0.0,912.0,242.02,Debit Card,Same Day,4.3
3164,ORD104328,CUST1911,Ishaan Kumar,2025-04-25,Lucknow,North,Beauty,Perfume,2,1367.99,0.1,2462.38,249.1,Net Banking,Express,4.0
3165,ORD100939,CUST1573,Meera Mishra,2025-12-12,Bengaluru,South,Clothing,T-Shirt,2,682.72,0.15,1160.62,399.29,Net Banking,Standard,3.7
3166,ORD103894,CUST1581,Aarav Sharma,2025-04-05,Jaipur,North,Clothing,Jeans,1,1709.4,0.1,1538.46,253.03,Debit Card,Standard,3.0
3167,ORD104183,CUST1429,Meera Mishra,2025-02-22,Mumbai,West,Home & Kitchen,Coffee Maker,1,3668.23,0.1,3301.41,1069.37,Credit Card,Express,2.5
3168,ORD102799,CUST1487,Aditi Malhotra,2025-11-10,Delhi,North,Sports,Football,1,918.63,0.05,872.7,90.5,Net Banking,Express,4.2
3169,ORD102147,CUST1798,Rahul Tiwari,2025-10-17,Noida,North,Home & Kitchen,Cookware Set,1,2341.7,0.2,1873.36,582.97,Cash on Delivery,Express,4.8
3170,ORD103861,CUST1805,Aditya Joshi,2025-09-05,Chandigarh,North,Books,Novel,2,460.5,0.0,921.0,238.96,Debit Card,Same Day,3.8
3171,ORD104559,CUST1967,Ishaan Kumar,2025-08-26,Delhi,North,Clothing,Hoodie,1,1393.4,0.2,1114.72,198.12,UPI,Express,4.9
3172,ORD104252,CUST1727,Aarav Sharma,2025-07-26,Pune,West,Beauty,Sunscreen,3,637.76,0.05,1817.62,602.97,Net Banking,Standard,3.1
3173,ORD102068,CUST1570,Sneha Agarwal,2025-05-17,Jaipur,North,Home & Kitchen,Coffee Maker,2,3379.66,0.0,6759.32,2104.32,Cash on Delivery,Standard,4.9
3176,ORD100636,CUST1507,Aditya Joshi,2025-04-16,Delhi,North,Sports,Yoga Mat,4,900.8,0.2,2882.56,412.03,Cash on Delivery,Same Day,3.6
3177,ORD101269,CUST1413,Diya Gupta,2025-01-17,Lucknow,North,Clothing,Jeans,1,1651.05,0.1,1485.94,277.95,UPI ,Standard,4.4
3178,ORD100185,CUST1860,Aarav Sharma,2025-12-25,Lucknow,North,Books,Novel,2,495.91,0.2,793.46,173.68,Net Banking,Same Day,3.9
3179,ORD103862,CUST1957,Sneha Agarwal,2025-01-26,Mumbai,West,Beauty,Sunscreen,3,683.77,0.05,1948.74,568.75,UPI,Same Day,4.0
3180,ORD103907,CUST2152,Priya Saxena,2025-12-05,Kolkata,East,Home & Kitchen,Cookware Set,1,2619.28,0.1,2357.35,479.41,UPI,Same Day,3.6
3181,ORD103494,CUST1054,Arjun Singh,2025-10-25,Chandigarh,North,Beauty,Perfume,2,1299.09,0.0,2598.18,353.89,UPI,Express,4.9
3182,ORD101797,CUST1877,Meera Mishra,2025-09-28,Chennai,South,Beauty,Perfume,1,1276.51,0.05,1212.68,400.95,Cash on Delivery,Express,3.3
3183,ORD102979,CUST1154,Diya Gupta,2025-04-18,Chennai,South,Clothing,Hoodie,3,1385.43,0.0,4156.29,621.36,UPI,Same Day,3.6
3184,ORD101441,CUST1831,Rohan Patel,2025-07-18,Chennai,South,Clothing,Hoodie,4,1481.45,0.05,5629.51,778.83,Cash on Delivery,Express,4.8
3185,ORD103467,CUST1786,Rahul Tiwari,2025-07-21,Pune,West,Books,Data Science Book,2,911.61,0.15,1549.74,330.26,Credit Card,Express,3.7
3186,ORD104894,CUST2053,Rahul Tiwari,2025-06-21,Chandigarh,North,Sports,Yoga Mat,1,834.07,0.1,750.66,255.54,Cash on Delivery,Express,3.5
3187,ORD101535,CUST1743,Karan Mehta,2025-05-14,Kolkata,East,Home & Kitchen,Table Lamp,4,960.81,0.1,3458.92,750.38,Debit Card,Express,3.9
3188,ORD103483,CUST1187,Arjun Singh,2025-03-10,Delhi,North,Books,Programming Book,1,1120.58,0.15,952.49,167.18,Net Banking,Express,2.6
3189,ORD103188,CUST1550,Kavya Srivastava,2025-10-15,Mumbai,West,Home & Kitchen,Coffee Maker,5,3324.96,0.0,16624.8,5202.84,UPI,Standard,4.0
3190,ORD101273,CUST1513,Priya Saxena,2025-09-11,Jaipur,North,Clothing,Jeans,1,1619.1,0.0,1619.1,444.63,Credit Card,Same Day,4.5
3191,ORD102467,CUST1477,Aditya Joshi,2025-11-06,Lucknow,North,Sports,Football,1,935.09,0.15,794.83,116.02,Net Banking,Standard,3.8
3192,ORD100607,CUST1385,Kavya Srivastava,2025-07-09,Chandigarh,North,Clothing,Jeans,3,1818.58,0.05,5182.95,1399.96,Net Banking,Express,4.2
3193,ORD103427,CUST1061,Aditya Joshi,2025-02-19,Lucknow,North,Beauty,Sunscreen,1,670.18,0.2,536.14,153.75,Cash on Delivery,Standard,3.7
3194,ORD101712,CUST1432,Aditi Malhotra,2025-11-01,Ahmedabad,West,Books,Data Science Book,2,954.36,0.1,1717.85,331.18,UPI,Express,3.5
3195,ORD102199,CUST2111,Priya Saxena,2025-03-08,Delhi,North,Books,Programming Book,3,1201.96,0.05,3425.59,712.97,UPI,Standard,3.8
3196,ORD100955,CUST1730,Kavya Srivastava,2025-07-06,Chandigarh,North,Home & Kitchen,Coffee Maker,3,3843.25,0.0,11529.75,3849.06,Credit Card,Express,3.9
3197,ORD102579,CUST1375,Sneha Agarwal,2025-12-08,Jaipur,North,Sports,Yoga Mat,4,838.37,0.05,3185.81,1005.42,UPI,Express,4.2
3198,ORD103941,CUST1138,Arjun Singh,2025-03-07,Ahmedabad,West,Beauty,Sunscreen,1,678.19,0.1,610.37,71.51,Credit Card,Express,4.3
3199,ORD104444,CUST1481,Ananya Verma,2025-12-12,Chennai,South,Clothing,T-Shirt,1,725.67,0.05,689.39,138.02,Debit Card,Standard,3.6
3201,ORD103728,CUST1843,Rahul Tiwari,2025-04-21,Pune,West,Clothing,Jeans,1,1785.28,0.15,1517.49,398.44,Cash on Delivery,Express,3.3
3202,ORD100403,CUST1158,Ananya Verma,2025-11-24,Bengaluru,South,Beauty,Face Wash,3,404.02,0.2,969.65,169.67,Net Banking,Express,4.5
3203,ORD102071,CUST1578,Sneha Agarwal,2025-10-12,Chandigarh,North,Clothing,Hoodie,1,1557.92,0.1,1402.13,381.62,Credit Card,Standard,5.0
3204,ORD104775,CUST1642,Meera Mishra,2025-07-05,Delhi,North,Beauty,Perfume,1,1300.35,0.2,1040.28,242.47,Credit Card,Standard,3.2
3205,ORD101977,CUST1810,Kavya Srivastava,2025-08-27,Noida,North,Sports,Yoga Mat,5,826.45,0.1,3719.03,418.14,UPI,Same Day,4.9
3206,ORD100158,CUST1953,Aditya Joshi,2025-06-30,Pune,West,Clothing,Hoodie,2,1640.17,0.1,2952.31,588.64,Debit Card,Standard,4.4
3207,ORD101748,CUST1018,Rahul Tiwari,2025-05-16,Jaipur,North,Clothing,Hoodie,5,1505.48,0.15,6398.29,1809.33,UPI,Express,4.2
3208,ORD102909,CUST1856,Sneha Agarwal,2025-10-29,Hyderabad,South,Clothing,Jeans,4,1639.79,0.15,5575.29,1711.36,Debit Card,Standard,4.7
3209,ORD103575,CUST1250,Rohan Patel,2025-03-26,Jaipur,North,Books,Data Science Book,4,881.82,0.0,3527.28,714.07,Net Banking,Same Day,3.7
3210,ORD100902,CUST1841,Aditi Malhotra,2025-04-16,Jaipur,North,Sports,Football,1,1039.68,0.2,831.74,179.96,UPI,Same Day,4.3
3211,ORD100352,CUST1655,Rohan Patel,2025-10-24,MUMBAI,West,Clothing,Jeans,4,1884.04,0.05,7159.35,1523.54,Credit Card,Same Day,4.4
3212,ORD101230,CUST1180,Priya Saxena,2025-08-28,Ahmedabad,West,Sports,Running Shoes,1,2848.89,0.05,2706.45,512.65,Cash on Delivery,Same Day,4.4
3213,ORD104690,CUST1019,Aarav Sharma,2025-04-21,Lucknow,North,Books,Data Science Book,3,930.71,0.0,2792.13,511.15,Debit Card,Standard,2.9
3214,ORD102140,CUST1573,Rahul Tiwari,2025-04-05,Hyderabad,South,Home & Kitchen,Bedsheet,1,973.63,0.05,924.95,232.86,Net Banking,Same Day,4.2
3215,ORD100444,CUST1279,Ishaan Kumar,2025-11-02,Pune,West,Electronics,Wireless Mouse,2,768.12,0.15,1305.8,176.43,Net Banking,Express,3.8
3216,ORD104968,CUST1511,Karan Mehta,2025-02-23,Chandigarh,North,Beauty,Perfume,4,1309.97,0.05,4977.89,1603.04,Debit Card,Standard,4.8
3217,ORD100754,CUST1284,Priya Saxena,2025-01-11,Mumbai,West,Beauty,Perfume,1,1179.03,0.0,1179.03,286.06,UPI,Same Day,4.1
3218,ORD101737,CUST1716,Sneha Agarwal,2025-10-06,Pune,West,Sports,Yoga Mat,2,883.72,0.2,1413.95,257.0,Net Banking,Same Day,3.9
3219,ORD102971,CUST1068,Aditya Joshi,2025-07-19,Lucknow,North,Clothing,Sneakers,3,2977.48,0.1,8039.2,2380.06,Cash on Delivery,Standard,4.1
3220,ORD104999,CUST1319,Diya Gupta,2025-09-10,Noida,North,Electronics,Smart Watch,1,3226.67,0.05,3065.34,438.81,Cash on Delivery,Same Day,3.9
3221,ORD102920,CUST1066,Rohan Patel,2025-12-14,Jaipur,North,Books,Programming Book,2,1138.45,0.0,2276.9,240.84,Cash on Delivery,Standard,4.3
3222,ORD100311,CUST1752,Sneha Agarwal,2025-03-19,Jaipur,North,Sports,Football,3,1062.83,0.1,2869.64,311.27,Cash on Delivery,Same Day,4.6
3223,ORD100548,CUST1660,Karan Mehta,2025-01-08,Kolkata,East,Beauty,Perfume,2,1240.06,0.1,2232.11,555.54,Debit Card,Express,4.0
3224,ORD100661,CUST2193,Diya Gupta,2025-04-18,Noida,North,Electronics,Wireless Mouse,2,748.49,0.05,1422.13,293.46,Net Banking,Express,4.1
3225,ORD104781,CUST2003,Kavya Srivastava,2025-08-23,Noida,North,Clothing,T-Shirt,4,737.13,0.15,2506.24,755.28,UPI,Express,3.1
3226,ORD101989,CUST1756,Ishaan Kumar,2025-10-02,Delhi,North,Home & Kitchen,Coffee Maker,1,3546.51,0.15,3014.53,1036.33,Credit Card,Same Day,3.8
3227,ORD100306,CUST1665,Sneha Agarwal,2025-02-06,Chandigarh,North,Electronics,Wireless Mouse,4,762.75,0.1,2745.9,873.87,Credit Card,Standard,5.0
3228,ORD102335,CUST1471,Aarav Sharma,2025-01-02,Noida,North,Beauty,Sunscreen,2,660.0,0.15,1122.0,202.45,Cash on Delivery,Same Day,4.1
3229,ORD100694,CUST1128,Aditi Malhotra,2025-07-02,Lucknow,North,Beauty,Sunscreen,3,749.71,0.05,2136.67,282.13,Debit Card,Same Day,2.9
3230,ORD102356,CUST2008,Diya Gupta,2025-11-07,Bengaluru,South,Sports,Yoga Mat,5,880.7,0.2,3522.8,396.84,Credit Card,Standard,3.8
3231,ORD101927,CUST1168,Ananya Verma,2025-10-26,Lucknow,North,Clothing,T-Shirt,1,637.22,0.2,509.78,56.49,Credit Card,Standard,3.2
3232,ORD100684,CUST1425,Diya Gupta,2025-08-31,Bengaluru,South,Home & Kitchen,Bedsheet,5,946.48,0.05,4495.78,1416.65,Net Banking,Same Day,4.5
3234,ORD104223,CUST1095,Arjun Singh,2025-01-12,Pune,West,Electronics,Headphones,1,2187.04,0.1,1968.34,233.77,UPI,Same Day,3.1
3235,ORD103285,CUST1079,Ananya Verma,2025-06-13,Chennai,South,Home & Kitchen,Cookware Set,2,2344.14,0.05,4453.87,502.48,UPI,Standard,4.7
3236,ORD101266,CUST1001,Ananya Verma,2025-02-23,Kolkata,East,Sports,Running Shoes,1,3035.42,0.05,2883.65,677.09,Cash on Delivery,Same Day,3.8
3237,ORD104440,CUST1589,Kavya Srivastava,2025-09-21,Mumbai,West,Books,Novel,1,478.97,0.1,431.07,140.17,Cash on Delivery,Standard,4.1
3238,ORD103570,CUST2031,Ishaan Kumar,2025-04-03,Noida,North,Clothing,Hoodie,4,1539.45,0.05,5849.91,1476.88,Debit Card,Same Day,4.2
3239,ORD104442,CUST1554,Priya Saxena,2025-02-21,Delhi,North,Electronics,Wireless Mouse,2,787.57,0.05,1496.38,518.93,Credit Card,Same Day,4.1
3240,ORD104880,CUST1516,Diya Gupta,2025-10-02,Lucknow,North,Home & Kitchen,Bedsheet,2,1077.67,0.15,1832.04,294.08,Cash on Delivery,Same Day,4.5
3241,ORD103083,CUST1721,Ishaan Kumar,2025-11-05,Hyderabad,South,Clothing,T-Shirt,2,744.46,0.0,1488.92,360.05,Credit Card,Express,3.0
3242,ORD103061,CUST1301,Aditi Malhotra,2025-12-24,Delhi,North,Sports,Football,5,1064.58,0.0,5322.9,668.72,Net Banking,Standard,3.7
3243,ORD103025,CUST1997,Aditi Malhotra,2025-05-29,Hyderabad,South,Beauty,Face Wash,2,406.27,0.1,731.29,174.65,UPI,Standard,3.9
3244,ORD100970,CUST1963,Kavya Srivastava,2025-03-29,Jaipur,North,Books,Programming Book,5,1250.05,0.1,5625.23,811.23,Net Banking,Express,3.2
3245,ORD100013,CUST1536,Karan Mehta,2025-09-19,Ahmedabad,West,Clothing,Jeans,1,1780.78,0.05,1691.74,209.94,UPI,Express,2.8
3246,ORD100873,CUST1475,Rahul Tiwari,2025-07-12,Lucknow,North,Clothing,Jeans,2,1645.59,0.25,2468.38,250.23,Cash on Delivery,Standard,4.5
3247,ORD100808,CUST1398,Priya Saxena,2025-01-08,Chandigarh,North,Electronics,Wireless Mouse,2,877.48,0.05,1667.21,443.81,Debit Card,Standard,5.0
3248,ORD103198,CUST2193,Sneha Agarwal,2025-10-07,Hyderabad,South,Books,Novel,2,528.58,0.05,1004.3,165.6,Debit Card,Same Day,4.1
3249,ORD100514,CUST1171,Meera Mishra,2025-09-24,Chennai,South,Home & Kitchen,Bedsheet,3,1024.34,0.1,2765.72,629.43,Credit Card,Standard,4.0
3250,ORD104542,CUST1721,Diya Gupta,2025-03-13,Noida,North,Home & Kitchen,Cookware Set,4,2705.19,0.0,10820.76,3670.65,Credit Card,Standard,4.3
3251,ORD100409,CUST1874,Aditya Joshi,2025-02-02,Pune,West,Electronics,Headphones,1,1972.36,0.05,1873.74,524.86,Debit Card,Express,4.7
3252,ORD104290,CUST2014,Arjun Singh,2025-09-17,Lucknow,North,Beauty,Perfume,4,1315.49,0.0,5261.96,881.94,UPI,Same Day,3.7
3254,ORD100207,CUST1297,Priya Saxena,2025-10-13,Chandigarh,North,Beauty,Perfume,2,1223.9,0.2,1958.24,612.44,UPI,Standard,4.3
3255,ORD103262,CUST1777,Aditi Malhotra,2025-02-11,Pune,West,Clothing,Jeans,3,1940.46,0.15,4948.17,1648.04,Cash on Delivery,Express,5.0
3256,ORD100458,CUST1108,Arjun Singh,2025-09-27,Lucknow,North,Sports,Yoga Mat,1,839.85,0.1,755.87,167.62,Cash on Delivery,Standard,5.0
3257,ORD104469,CUST1112,Aditi Malhotra,2025-11-29,Chennai,South,Books,Programming Book,2,1168.56,0.15,1986.55,361.0,Debit Card,Standard,4.8
3258,ORD102430,CUST1777,Karan Mehta,2025-01-22,Pune,West,Books,Data Science Book,1,959.36,0.05,911.39,291.36,UPI,Standard,4.6
3259,ORD103893,CUST1892,Aditi Malhotra,2025-11-18,Chandigarh,North,Home & Kitchen,Coffee Maker,1,3332.43,0.15,2832.57,920.1,Credit Card,Express,1.9
3260,ORD100110,CUST1369,Sneha Agarwal,2025-05-18,Mumbai,West,Electronics,Keyboard,1,1271.49,0.0,1271.49,178.92,UPI,Express,4.5
3261,ORD103789,CUST1632,Meera Mishra,2025-10-11,Chennai,South,Sports,Running Shoes,2,3253.21,0.25,4879.82,1616.67,Cash on Delivery,Express,3.2
3262,ORD104089,CUST1434,Rahul Tiwari,2025-02-12,Chennai,South,Clothing,Hoodie,5,1354.25,0.05,6432.69,1271.93,Cash on Delivery,Standard,4.1
3263,ORD101883,CUST1998,Arjun Singh,2025-06-18,Chandigarh,North,Electronics,Headphones,1,1894.24,0.1,1704.82,532.65,Cash on Delivery,Express,2.7
3264,ORD101713,CUST1254,Karan Mehta,2025-08-18,Chandigarh,North,Books,Data Science Book,2,937.31,0.1,1687.16,537.93,Cash on Delivery,Express,4.6
3265,ORD104003,CUST1101,Rahul Tiwari,2025-02-27,Kolkata,East,Clothing,Jeans,5,1667.11,0.1,7501.99,2070.55,UPI,Express,3.3
3266,ORD103439,CUST1036,Ananya Verma,2025-09-23,Chandigarh,North,Home & Kitchen,Coffee Maker,2,3843.72,0.1,6918.7,1540.68,Net Banking,Same Day,3.9
3267,ORD100552,CUST1371,Ishaan Kumar,2025-07-30,Hyderabad,South,Electronics,Headphones,3,2025.93,0.2,4862.23,773.45,Credit Card,Standard,4.1
3268,ORD101439,CUST1308,Sneha Agarwal,2025-09-11,Hyderabad,South,Books,Data Science Book,4,915.05,0.05,3477.19,588.0,Credit Card,Standard,3.3
3269,ORD102270,CUST1313,Arjun Singh,2025-03-26,Mumbai,West,Books,Novel,2,537.82,0.2,860.51,230.25,Debit Card,Express,5.0
3270,ORD103144,CUST1760,Ishaan Kumar,2025-03-27,Chandigarh,North,Electronics,Keyboard,2,1211.18,0.1,2180.12,455.32,UPI,Standard,5.0
3271,ORD102821,CUST1765,Ishaan Kumar,2025-04-17,Ahmedabad,West,Beauty,Sunscreen,1,672.8,0.1,605.52,95.94,Credit Card,Express,4.1
3272,ORD104801,CUST2122,Karan Mehta,2025-05-27,Delhi,North,Clothing,T-Shirt,1,705.79,0.15,599.92,104.76,Credit Card,Standard,3.4
3273,ORD101925,CUST1161,Karan Mehta,2025-12-04,Pune,West,Beauty,Face Wash,2,380.3,0.05,722.57,191.51,Credit Card,Standard,5.0
3274,ORD100634,CUST1027,Meera Mishra,2025-10-04,Hyderabad,South,Beauty,Sunscreen,1,677.14,0.05,643.28,224.32,UPI,Same Day,4.1
3275,ORD104825,CUST2093,Arjun Singh,2025-01-08,Bengaluru,South,Home & Kitchen,Table Lamp,1,863.2,0.1,776.88,238.84,UPI,Standard,4.5
3276,ORD100316,CUST1000,Rohan Patel,2025-05-18,Ahmedabad,West,Electronics,Smart Watch,1,3157.78,0.1,2842.0,644.56,Debit Card,Express,4.0
3277,ORD104235,CUST1140,Kavya Srivastava,2025-07-29,Chennai,South,Electronics,Smart Watch,1,3533.13,0.0,3533.13,573.83,Credit Card,Same Day,4.1
3278,ORD104719,CUST1929,Rahul Tiwari,2025-10-11,Jaipur,North,Clothing,T-Shirt,4,664.5,0.15,2259.3,268.46,Credit Card,Standard,3.9
3279,ORD101328,CUST1730,Ananya Verma,2025-09-12,Bengaluru,South,Sports,Yoga Mat,4,945.63,0.1,3404.27,747.26,Credit Card,Same Day,2.8
3280,ORD100427,CUST2188,Ishaan Kumar,2025-12-26,Jaipur,North,Electronics,Smart Watch,5,3322.58,0.0,16612.9,3995.16,Debit Card,Standard,4.0
3282,ORD100105,CUST1431,Aditi Malhotra,2025-11-21,Delhi,North,Sports,Running Shoes,4,2936.03,0.15,9982.5,1371.03,Credit Card,Standard,5.0
3283,ORD103041,CUST1773,Rahul Tiwari,2025-06-16,Noida,North,Sports,Running Shoes,1,3019.2,0.05,2868.24,292.34,UPI,Same Day,3.4
3284,ORD100142,CUST1473,Ishaan Kumar,2025-10-15,Hyderabad,South,Beauty,Perfume,1,1385.28,0.2,1108.22,226.26,Credit Card,Same Day,3.8
3285,ORD102169,CUST2117,Rahul Tiwari,2025-08-12,Bengaluru,South,Electronics,Wireless Mouse,1,758.46,0.05,720.54,239.73,Net Banking,Same Day,4.7
3286,ORD104811,CUST1019,Aarav Sharma,2025-01-31,Lucknow,North,Beauty,Sunscreen,4,721.36,0.15,2452.62,838.74,UPI,Standard,4.8
3287,ORD100089,CUST2121,Rohan Patel,2025-02-07,Jaipur,North,Electronics,Smart Watch,1,3606.01,0.25,2704.51,617.12,UPI,Standard,2.4
3288,ORD102918,CUST2191,Rahul Tiwari,2025-08-14,Hyderabad,South,Books,Data Science Book,1,971.57,0.2,777.26,177.87,UPI,Express,4.0
3289,ORD103237,CUST1204,Karan Mehta,2025-11-29,Chennai,South,Clothing,Hoodie,1,1406.37,0.15,1195.41,380.78,Credit Card,Express,4.1
3290,ORD102241,CUST1864,Ishaan Kumar,2025-07-20,Noida,North,Books,Data Science Book,2,974.52,0.15,1656.68,433.87,Credit Card,Standard,4.3
3291,ORD103174,CUST1536,Arjun Singh,2025-07-25,Delhi,North,Sports,Yoga Mat,4,986.02,0.05,3746.88,1059.26,Cash on Delivery,Same Day,4.0
3293,ORD102163,CUST1237,Aarav Sharma,2025-07-12,Chandigarh,North,Sports,Yoga Mat,4,921.05,0.2,2947.36,991.79,Debit Card,Standard,3.5
3294,ORD102636,CUST1140,Diya Gupta,2025-01-04,Chandigarh,North,Books,Programming Book,1,1202.64,0.25,901.98,283.77,Debit Card,Express,3.7
3295,ORD101949,CUST1573,Priya Saxena,2025-01-14,Hyderabad,South,Electronics,Headphones,1,1963.24,0.05,1865.08,188.34,UPI,Standard,4.0
3296,ORD101768,CUST2100,Priya Saxena,2025-02-26,Noida,North,Electronics,Smart Watch,2,3377.85,0.1,6080.13,1729.76,Credit Card,Standard,4.3
3297,ORD103322,CUST1293,Rahul Tiwari,2025-06-08,Delhi,North,Electronics,Wireless Mouse,5,856.1,0.15,3638.42,503.72,UPI,Same Day,4.2
3298,ORD102272,CUST1803,Rahul Tiwari,2025-09-20,Lucknow,North,Sports,Football,1,914.97,0.05,869.22,256.8,Debit Card,Express,2.5
3299,ORD100001,CUST1482,Priya Saxena,2025-06-14,Delhi,North,Home & Kitchen,Bedsheet,4,973.19,0.25,2919.57,761.91,Debit Card,Express,3.4
3300,ORD103321,CUST1052,Rohan Patel,2025-04-18,Mumbai,West,Books,Programming Book,2,1270.96,0.25,1906.44,500.29,Debit Card,Same Day,3.7
3301,ORD104977,CUST2099,Kavya Srivastava,2025-04-21,Mumbai,West,Sports,Yoga Mat,1,867.65,0.2,694.12,93.29,Debit Card,Same Day,3.1
3302,ORD101951,CUST1288,Aditi Malhotra,2025-03-24,Chandigarh,North,Clothing,Sneakers,2,3167.48,0.15,5384.72,1579.32,UPI,Express,3.8
3303,ORD100935,CUST1370,Aarav Sharma,2025-08-15,Chennai,South,Books,Programming Book,3,1219.06,0.1,3291.46,777.75,Cash on Delivery,Same Day,4.8
3304,ORD104315,CUST2166,Arjun Singh,2025-02-14,Delhi,North,Home & Kitchen,Table Lamp,1,849.45,0.05,806.98,274.86,Debit Card,Standard,3.9
3305,ORD102720,CUST1687,Arjun Singh,2025-07-21,Lucknow,North,Electronics,Headphones,2,1866.27,0.1,3359.29,460.18,Cash on Delivery,Standard,3.9
3306,ORD103527,CUST1423,Sneha Agarwal,2025-04-20,Mumbai,West,Books,Programming Book,4,1165.55,0.15,3962.87,917.1,UPI,Same Day,3.5
3307,ORD101109,CUST1857,Diya Gupta,2025-11-26,Mumbai,West,Electronics,Keyboard,2,1372.76,0.05,2608.24,878.74,Net Banking,Express,4.8
3308,ORD103630,CUST1774,Karan Mehta,2025-12-21,Mumbai,West,Electronics,Smart Watch,2,3468.03,0.2,5548.85,587.8,Net Banking,Same Day,4.2
3309,ORD100591,CUST2104,Arjun Singh,2025-06-11,Lucknow,North,Clothing,T-Shirt,2,715.37,0.2,1144.59,146.17,Credit Card,Express,3.2
3310,ORD101695,CUST2160,Kavya Srivastava,2025-05-06,Ahmedabad,West,Home & Kitchen,Cookware Set,2,2559.9,0.1,4607.82,521.61,Credit Card,Standard,3.2
3311,ORD104232,CUST2145,Rohan Patel,2025-07-04,Lucknow,North,Electronics,Keyboard,1,1188.27,0.15,1010.03,247.7,Credit Card,Same Day,3.0
3312,ORD102936,CUST1085,Aarav Sharma,2025-08-16,MUMBAI,West,Beauty,Face Wash,1,436.65,0.15,371.15,65.4,Debit Card,Standard,4.1
3313,ORD104222,CUST1556,Diya Gupta,2025-09-22,Mumbai,West,Home & Kitchen,Table Lamp,2,830.0,0.05,1577.0,287.17,Credit Card,Express,3.1
3314,ORD103646,CUST1233,Aarav Sharma,2025-05-24,Chennai,South,ELECTRONICS,Running Shoes,1,2992.66,0.0,2992.66,950.61,Cash on Delivery,Standard,3.5
3315,ORD101576,CUST1801,Ishaan Kumar,2025-04-13,Bengaluru,South,Home & Kitchen,Table Lamp,2,883.77,0.2,1414.03,189.26,UPI,Standard,3.8
3316,ORD103999,CUST1178,Priya Saxena,2025-08-17,Ahmedabad,West,Electronics,Smart Watch,5,3295.2,0.1,14828.4,3102.87,UPI,Same Day,5.0
3317,ORD100213,CUST1935,Ishaan Kumar,2025-10-15,Bengaluru,South,Electronics,Headphones,2,1952.14,0.25,2928.21,939.61,Credit Card,Same Day,2.9
3318,ORD100778,CUST1209,Priya Saxena,2025-12-09,Delhi,North,Home & Kitchen,Bedsheet,1,1091.61,0.1,982.45,191.24,UPI,Standard,3.6
3319,ORD101415,CUST2010,Meera Mishra,2025-01-15,Pune,West,Books,Novel,4,463.74,0.1,1669.46,232.69,Debit Card,Same Day,4.8
3320,ORD103802,CUST1582,Rahul Tiwari,2025-12-24,Hyderabad,South,Beauty,Sunscreen,4,693.42,0.05,2635.0,573.13,Net Banking,Same Day,3.1
3321,ORD102043,CUST1398,Meera Mishra,2025-04-11,Lucknow,North,Electronics,Wireless Mouse,1,785.69,0.1,707.12,167.22,Cash on Delivery,Same Day,3.7
3322,ORD102848,CUST1157,Rohan Patel,2025-11-01,Kolkata,East,Sports,Football,2,1010.61,0.05,1920.16,416.12,Net Banking,Standard,3.2
3323,ORD104556,CUST1035,Rahul Tiwari,2025-08-26,Chandigarh,North,Beauty,Perfume,1,1213.85,0.15,1031.77,145.77,UPI,Standard,3.4
3324,ORD104612,CUST1871,Rahul Tiwari,2025-09-02,Delhi,North,Sports,Football,4,964.25,0.0,3857.0,806.96,Debit Card,Express,3.6
3325,ORD103856,CUST1026,Sneha Agarwal,2025-12-08,Noida,North,Books,Novel,4,488.34,0.0,1953.36,677.8,Net Banking,Same Day,3.8
3326,ORD101567,CUST1523,Kavya Srivastava,2025-11-30,Kolkata,East,Electronics,Wireless Mouse,3,819.62,0.05,2335.92,588.31,Cash on Delivery,Express,2.4
3327,ORD100165,CUST1806,Arjun Singh,2025-11-17,Bengaluru,South,Sports,Running Shoes,5,2922.86,0.1,13152.87,2204.23,Debit Card,Same Day,3.980060240963855
3328,ORD104734,CUST2189,Diya Gupta,2025-06-18,Chennai,South,Home & Kitchen,Cookware Set,4,2338.07,0.05,8884.67,1530.08,Credit Card,Express,4.0
3329,ORD103626,CUST1063,Aarav Sharma,2025-03-30,Ahmedabad,West,Sports,Yoga Mat,1,952.41,0.15,809.55,180.6,UPI,Same Day,4.3
3330,ORD104946,CUST1328,Ananya Verma,2025-02-16,Hyderabad,South,Clothing,Jeans,2,1744.82,0.0,3489.64,885.82,Debit Card,Express,4.4
3331,ORD101343,CUST2019,Rohan Patel,2025-11-20,Hyderabad,South,Electronics,Keyboard,4,1292.91,0.15,4395.89,972.35,Cash on Delivery,Express,4.1
3332,ORD102013,CUST1919,Aditi Malhotra,2025-10-30,Pune,West,Books,Novel,1,474.45,0.2,379.56,124.13,Cash on Delivery,Standard,3.0
3333,ORD100273,CUST1610,Meera Mishra,2025-01-22,Kolkata,East,Home & Kitchen,Coffee Maker,1,3567.48,0.15,3032.36,354.43,Credit Card,Standard,4.5
3334,ORD100071,CUST1365,Aditya Joshi,2025-10-08,MUMBAI,West,Clothing,Hoodie,2,1604.53,0.1,2888.15,945.55,UPI,Same Day,3.1
3335,ORD103931,CUST1575,Rahul Tiwari,2025-07-06,Chennai,South,Books,Data Science Book,5,958.71,0.1,4314.2,831.14,Net Banking,Standard,5.0
3336,ORD101087,CUST2141,Kavya Srivastava,2025-12-04,Jaipur,North,Books,Programming Book,2,1316.56,0.05,2501.46,328.86,UPI,Standard,3.8
3337,ORD100394,CUST1208,Sneha Agarwal,2025-01-28,Mumbai,West,Electronics,Keyboard,2,1326.05,0.3,1856.47,497.53,Debit Card,Same Day,3.3
3338,ORD100583,CUST1029,Diya Gupta,2025-10-05,Lucknow,North,Sports,Running Shoes,1,3141.24,0.3,2198.87,411.12,Credit Card,Express,4.7
3339,ORD101367,CUST1928,Karan Mehta,2025-08-09,Noida,North,Home & Kitchen,Table Lamp,4,881.85,0.1,3174.66,1020.77,Net Banking,Express,3.4
3341,ORD104662,CUST1328,Ishaan Kumar,2025-10-31,Ahmedabad,West,Beauty,Sunscreen,1,673.31,0.15,572.31,122.04,Credit Card,Same Day,3.5
3342,ORD102548,CUST2045,Arjun Singh,2025-06-13,Ahmedabad,West,Books,Data Science Book,2,907.31,0.05,1723.89,349.99,UPI,Standard,2.6
3343,ORD101013,CUST1098,Aarav Sharma,2025-10-28,Ahmedabad,West,Electronics,Wireless Mouse,1,760.39,0.1,684.35,163.19,Debit Card,Same Day,3.0
3344,ORD104917,CUST1353,Meera Mishra,2025-01-31,Chandigarh,North,Clothing,Hoodie,4,1485.4,0.05,5644.52,567.8,Cash on Delivery,Express,3.4
3345,ORD103003,CUST1230,Ishaan Kumar,2025-03-26,Delhi,North,Books,Novel,4,536.53,0.15,1824.2,419.59,Net Banking,Same Day,4.2
3346,ORD104808,CUST1917,Rahul Tiwari,2025-08-01,Pune,West,Home & Kitchen,Bedsheet,1,1088.51,0.05,1034.08,353.95,Credit Card,Standard,4.4
3348,ORD103573,CUST1667,Karan Mehta,2025-02-26,Kolkata,East,Sports,Running Shoes,3,2701.76,0.15,6889.49,716.26,UPI,Express,4.5
3349,ORD101763,CUST1070,Priya Saxena,2025-11-02,Jaipur,North,Home & Kitchen,Coffee Maker,4,3405.13,0.2,10896.42,2855.73,Debit Card,Standard,4.8
3350,ORD101875,CUST1518,Ananya Verma,2025-02-06,Ahmedabad,West,Clothing,Hoodie,1,1502.46,0.1,1352.21,436.38,Cash on Delivery,Express,3.9
3351,ORD101259,CUST1586,Karan Mehta,2025-08-26,Ahmedabad,West,Sports,Running Shoes,4,2869.77,0.05,10905.13,3673.04,Credit Card,Express,2.6
3352,ORD103344,CUST1157,Priya Saxena,2025-06-27,Mumbai,West,Beauty,Sunscreen,1,662.03,0.15,562.73,107.95,Net Banking,Express,4.0
3353,ORD104549,CUST2129,Priya Saxena,2025-09-23,Lucknow,North,Home & Kitchen,Coffee Maker,5,3200.53,0.0,16002.65,1904.4,UPI,Express,3.2
3354,ORD102253,CUST1888,Aditya Joshi,2025-06-27,Pune,West,Home & Kitchen,Bedsheet,4,943.52,0.3,2641.86,853.55,Cash on Delivery,Same Day,3.5
3355,ORD102781,CUST1542,Diya Gupta,2025-12-07,Kolkata,East,Clothing,T-Shirt,2,719.11,0.15,1222.49,263.91,Net Banking,Same Day,3.980060240963855
3356,ORD103635,CUST1876,Meera Mishra,2025-12-13,Jaipur,North,Beauty,Sunscreen,5,730.8,0.0,3654.0,640.75,UPI,Express,4.1
3357,ORD100526,CUST1893,Aditi Malhotra,2025-08-09,Chennai,South,Home & Kitchen,Table Lamp,3,840.83,0.1,2270.24,372.19,Cash on Delivery,Standard,5.0
3358,ORD104961,CUST1645,Meera Mishra,2025-02-18,Chennai,South,Sports,Football,1,1088.66,0.1,979.79,182.33,Net Banking,Express,4.8
3359,ORD102946,CUST2136,Aditya Joshi,2025-04-08,Mumbai,West,Books,Programming Book,1,1263.44,0.05,1200.27,331.2,UPI,Same Day,4.2
3360,ORD100377,CUST1179,Aditi Malhotra,2025-10-16,Hyderabad,South,Books,Data Science Book,2,820.69,0.05,1559.31,245.63,UPI,Same Day,5.0
3361,ORD101559,CUST2110,Arjun Singh,2025-07-04,Kolkata,East,Books,Data Science Book,5,962.74,0.15,4091.64,413.71,Debit Card,Standard,3.6
3362,ORD103864,CUST1113,Aditya Joshi,2025-01-27,Chandigarh,North,Sports,Running Shoes,5,3124.97,0.0,15624.85,3584.56,Debit Card,Express,4.9
3363,ORD101963,CUST1669,Diya Gupta,2025-07-01,Ahmedabad,West,Clothing,T-Shirt,1,704.42,0.1,633.98,105.45,Debit Card,Standard,4.4
3364,ORD104752,CUST1234,Ananya Verma,2025-05-30,Hyderabad,South,Beauty,Perfume,2,1312.02,0.25,1968.03,625.3,Debit Card,Express,4.2
3365,ORD100348,CUST1404,Aditi Malhotra,2025-08-17,Jaipur,North,Electronics,Keyboard,2,1260.88,0.15,2143.5,627.19,UPI,Express,3.4
3366,ORD102434,CUST1213,Meera Mishra,2025-08-16,Kolkata,East,Books,Novel,4,516.49,0.05,1962.66,594.06,UPI,Same Day,4.6
3367,ORD102246,CUST1010,Aditi Malhotra,2025-10-31,Chennai,South,Clothing,Jeans,2,1690.83,0.15,2874.41,896.46,Debit Card,Express,4.4
3368,ORD104184,CUST1472,Karan Mehta,2025-08-31,Noida,North,Clothing,Sneakers,1,3059.92,0.15,2600.93,325.94,Credit Card,Express,4.6
3369,ORD101709,CUST1226,Sneha Agarwal,2025-03-15,Delhi,North,Home & Kitchen,Table Lamp,3,917.06,0.25,2063.38,405.37,Credit Card,Standard,3.8
3370,ORD101050,CUST1536,Sneha Agarwal,2025-08-05,Noida,North,Home & Kitchen,Table Lamp,2,810.52,0.0,1621.04,519.63,Net Banking,Same Day,3.9
3371,ORD100590,CUST1545,Rahul Tiwari,2025-02-17,Lucknow,North,Electronics,Smart Watch,1,3595.81,0.05,3416.02,534.3,Credit Card,Standard,4.6
3372,ORD100519,CUST1857,Priya Saxena,2025-12-18,Pune,West,Books,Data Science Book,5,936.19,0.3,3276.67,569.37,UPI,Express,4.8
3373,ORD104512,CUST1302,Aditya Joshi,2025-07-13,Bengaluru,South,Sports,Yoga Mat,5,972.58,0.0,4862.9,909.73,Credit Card,Same Day,4.5
3374,ORD104141,CUST1800,Aarav Sharma,2025-05-16,Delhi,North,Clothing,Jeans,2,1644.71,0.3,2302.59,515.66,Cash on Delivery,Express,4.3
3375,ORD102477,CUST1321,Ananya Verma,2025-02-07,Mumbai,West,Home & Kitchen,Coffee Maker,1,3662.14,0.25,2746.61,712.04,Debit Card,Express,3.4
3376,ORD101083,CUST1559,Kavya Srivastava,2025-01-13,Lucknow,North,Clothing,T-Shirt,3,739.91,0.1,1997.76,274.55,Debit Card,Standard,4.5
3377,ORD103631,CUST1631,Karan Mehta,2025-11-16,Delhi,North,Books,Novel,3,538.91,0.05,1535.89,514.59,Cash on Delivery,Standard,3.9
3378,ORD104957,CUST1832,Aditi Malhotra,2025-01-31,Noida,North,Home & Kitchen,Cookware Set,3,2447.42,0.0,7342.26,1978.54,Credit Card,Standard,4.1
3379,ORD104528,CUST1390,Karan Mehta,2025-02-19,Chennai,South,Home & Kitchen,Coffee Maker,29,3411.85,0.15,84102.1,2687.24,Cash on Delivery,Same Day,4.2
3380,ORD101294,CUST1853,Arjun Singh,2025-10-06,Ahmedabad,West,Sports,Yoga Mat,2,864.52,0.15,1469.68,367.97,Net Banking,Standard,3.5
3381,ORD101809,CUST1456,Aarav Sharma,2025-08-20,Chandigarh,North,Electronics,Headphones,3,2019.98,0.1,5453.95,1380.01,Cash on Delivery,Standard,3.3
3382,ORD100791,CUST1418,Ishaan Kumar,2025-10-06,Noida,North,Books,Data Science Book,1,886.99,0.05,842.64,189.57,Debit Card,Same Day,4.1
3383,ORD100792,CUST2133,Karan Mehta,2025-05-08,Pune,West,Beauty,Sunscreen,2,718.49,0.1,1293.28,171.05,Net Banking,Express,3.5
3384,ORD104564,CUST1344,Rohan Patel,2025-12-16,Delhi,North,Home & Kitchen,Table Lamp,3,872.97,0.25,1964.18,336.47,Credit Card,Express,4.4
3385,ORD101855,CUST1025,Meera Mishra,2025-01-31,Ahmedabad,West,Clothing,Hoodie,2,1381.06,0.15,2347.8,639.49,Credit Card,Same Day,5.0
3386,ORD104777,CUST1678,Rohan Patel,2025-01-06,Mumbai,West,Beauty,Perfume,3,1383.94,0.1,3736.64,925.92,Debit Card,Standard,3.1
3387,ORD101980,CUST2167,Ishaan Kumar,2025-12-15,Delhi,North,Home & Kitchen,Bedsheet,3,919.23,0.05,2619.81,674.78,Cash on Delivery,Same Day,3.8
3388,ORD103233,CUST2045,Karan Mehta,2025-02-07,Chandigarh,North,Sports,Running Shoes,2,2776.34,0.1,4997.41,1064.86,UPI,Standard,4.1
3389,ORD104558,CUST1845,Sneha Agarwal,2025-08-10,Ahmedabad,West,Electronics,Wireless Mouse,5,784.93,0.25,2943.49,302.64,Credit Card,Express,5.0
3390,ORD103425,CUST1189,Aarav Sharma,2025-01-25,Lucknow,North,Beauty,Face Wash,2,396.4,0.15,673.88,93.48,Credit Card,Same Day,3.8
3391,ORD103328,CUST1283,Aditi Malhotra,2025-04-02,Hyderabad,South,Home & Kitchen,Bedsheet,5,1025.34,0.15,4357.69,1217.31,UPI,Standard,3.7
3392,ORD101530,CUST2061,Sneha Agarwal,2025-06-12,Kolkata,East,Clothing,Sneakers,2,3265.09,0.15,5550.65,1292.45,Net Banking,Standard,3.3
3393,ORD101410,CUST1165,Ishaan Kumar,2025-07-24,Chandigarh,North,Electronics,Wireless Mouse,5,747.2,0.0,3736.0,581.26,UPI,Standard,4.5
3394,ORD104313,CUST1691,Sneha Agarwal,2025-04-13,Noida,North,Books,Novel,2,528.04,0.05,1003.28,259.53,Net Banking,Standard,3.9
3395,ORD104668,CUST1190,Ananya Verma,2025-06-10,Ahmedabad,West,Electronics,Headphones,2,2160.98,0.05,4105.86,650.33,Net Banking,Express,3.9
3396,ORD100083,CUST2026,Sneha Agarwal,2025-05-29,Bengaluru,South,Books,Data Science Book,4,833.7,0.1,3001.32,1048.65,Cash on Delivery,Express,4.1
3397,ORD100868,CUST2013,Aditi Malhotra,2025-07-27,Chandigarh,North,Home & Kitchen,Table Lamp,4,948.2,0.05,3603.16,584.4,Credit Card,Express,3.9
3398,ORD102350,CUST1634,Priya Saxena,2025-06-30,Ahmedabad,West,Beauty,Face Wash,1,403.52,0.25,302.64,48.42,Credit Card,Same Day,3.980060240963855
3399,ORD100020,CUST1656,Kavya Srivastava,2025-12-01,Delhi,North,Clothing,Hoodie,2,1418.12,0.0,2836.24,677.05,Credit Card,Same Day,4.6
3400,ORD103464,CUST1754,Sneha Agarwal,2025-11-06,Mumbai,West,Beauty,Face Wash,5,372.88,0.15,1584.74,192.34,Net Banking,Standard,3.2
3401,ORD102795,CUST2092,Karan Mehta,2025-07-12,Mumbai,West,Electronics,Headphones,1,2113.15,0.2,1690.52,486.75,Credit Card,Express,3.1
3402,ORD104591,CUST2091,Karan Mehta,2025-02-20,Chennai,South,Clothing,Jeans,5,1722.56,0.05,8182.16,2728.14,Debit Card,Express,4.4
3403,ORD101562,CUST1645,Aditi Malhotra,2025-07-24,Mumbai,West,Sports,Yoga Mat,2,876.6,0.1,1577.88,279.64,Credit Card,Standard,4.7
3404,ORD103093,CUST1056,Priya Saxena,2025-11-27,Delhi,North,Clothing,Hoodie,5,1418.12,0.25,5317.95,883.19,Net Banking,Standard,5.0
3405,ORD103155,CUST1050,Aditi Malhotra,2025-10-13,Ahmedabad,West,Books,Novel,4,519.19,0.15,1765.25,601.7,Debit Card,Express,4.9
3406,ORD100973,CUST1414,Sneha Agarwal,2025-04-02,Kolkata,East,Books,Programming Book,2,1211.97,0.05,2302.74,549.25,Credit Card,Same Day,2.7
3407,ORD101710,CUST1238,Sneha Agarwal,2025-08-12,Bengaluru,South,Sports,Running Shoes,1,2752.28,0.1,2477.05,394.72,Cash on Delivery,Same Day,2.9
3408,ORD103201,CUST1549,Aditya Joshi,2025-04-04,Noida,North,Home & Kitchen,Bedsheet,1,997.5,0.25,748.12,201.37,Net Banking,Standard,4.4
3409,ORD104026,CUST2065,Arjun Singh,2025-04-19,Hyderabad,South,Electronics,Headphones,1,1820.91,0.05,1729.86,488.69,Debit Card,Same Day,3.5
3410,ORD104839,CUST1878,Aditi Malhotra,2025-11-06,Kolkata,East,Beauty,Perfume,1,1171.88,0.2,937.5,155.96,Credit Card,Express,4.7
3411,ORD101098,CUST1658,Priya Saxena,2025-12-18,Chandigarh,North,Clothing,Sneakers,1,3268.22,0.05,3104.81,980.68,Credit Card,Same Day,3.7
3412,ORD104179,CUST1569,Rohan Patel,2025-10-01,Kolkata,East,Clothing,Sneakers,1,2798.0,0.05,2658.1,441.9,Credit Card,Express,3.5
3413,ORD102844,CUST1216,Ishaan Kumar,2025-03-08,Jaipur,North,Clothing,T-Shirt,1,695.19,0.15,590.91,131.79,UPI,Express,3.6
3414,ORD100886,CUST1531,Sneha Agarwal,2025-07-13,Kolkata,East,Books,Programming Book,1,1272.51,0.2,1018.01,199.2,Net Banking,Standard,3.6
3415,ORD104951,CUST2030,Ananya Verma,2025-10-04,Hyderabad,South,Electronics,Headphones,1,1907.03,0.1,1716.33,277.42,Credit Card,Express,3.3
3416,ORD103721,CUST1397,Karan Mehta,2025-02-26,Chennai,South,Electronics,Keyboard,4,1194.51,0.15,4061.33,1263.73,Debit Card,Express,4.7
3417,ORD104599,CUST1926,Aditi Malhotra,2025-03-09,Jaipur,North,Electronics,Smart Watch,1,3420.67,0.0,3420.67,347.25,UPI,Standard,4.3
3418,ORD103866,CUST1979,Meera Mishra,2025-10-13,Chandigarh,North,Home & Kitchen,Coffee Maker,2,3746.15,0.15,6368.45,2059.46,Credit Card,Same Day,4.1
3419,ORD104420,CUST1351,Diya Gupta,2025-12-07,Delhi,North,Beauty,Sunscreen,3,729.99,0.1,1970.97,208.5,Net Banking,Same Day,4.1
3421,ORD104640,CUST1774,Diya Gupta,2025-02-20,Mumbai,West,Beauty,Sunscreen,1,750.8,0.1,675.72,169.07,UPI,Same Day,4.8
3422,ORD100737,CUST1166,Rahul Tiwari,2025-11-14,Ahmedabad,West,Sports,Yoga Mat,4,861.76,0.1,3102.34,317.47,Net Banking,Standard,3.4
3423,ORD101453,CUST1029,Kavya Srivastava,2025-08-28,Hyderabad,South,Sports,Yoga Mat,2,835.3,0.3,1169.42,342.65,UPI,Standard,4.1
3424,ORD104016,CUST1042,Arjun Singh,2025-08-18,Delhi,North,Beauty,Sunscreen,5,661.36,0.05,3141.46,473.96,Cash on Delivery,Express,5.0
3425,ORD104720,CUST1475,Priya Saxena,2025-11-22,Bengaluru,South,Electronics,Headphones,1,2012.79,0.2,1610.23,395.42,Cash on Delivery,Express,4.8
3426,ORD102506,CUST2061,Karan Mehta,2025-06-23,Jaipur,North,Electronics,Wireless Mouse,5,828.94,0.15,3523.0,361.57,Net Banking,Express,3.1
3427,ORD102994,CUST1721,Meera Mishra,2025-04-04,Mumbai,West,Sports,Football,5,951.53,0.25,3568.24,575.75,Debit Card,Express,5.0
3428,ORD102126,CUST1538,Ishaan Kumar,2025-02-21,Noida,North,Beauty,Face Wash,4,423.63,0.1,1525.07,488.3,Credit Card,Standard,5.0
3429,ORD102926,CUST1624,Ishaan Kumar,2025-02-20,Noida,North,Electronics,Keyboard,1,1222.12,0.0,1222.12,183.73,Credit Card,Same Day,3.5
3430,ORD104765,CUST1349,Aarav Sharma,2025-02-28,Mumbai,West,Home & Kitchen,Coffee Maker,5,3244.44,0.05,15411.09,4713.52,Credit Card,Express,3.2
3431,ORD100906,CUST1427,Sneha Agarwal,2025-03-29,Lucknow,North,Clothing,Sneakers,5,3124.88,0.15,13280.74,2630.97,Debit Card,Express,3.1
3432,ORD103690,CUST2187,Ishaan Kumar,2025-10-23,Bengaluru,South,Electronics,Wireless Mouse,1,793.31,0.15,674.31,214.54,Cash on Delivery,Express,4.7
3433,ORD101030,CUST1859,Rahul Tiwari,2025-05-08,Kolkata,East,Books,Data Science Book,4,896.76,0.0,3587.04,1232.85,Net Banking,Standard,5.0
3434,ORD102507,CUST2037,Kavya Srivastava,2025-09-08,Hyderabad,South,Beauty,Sunscreen,1,681.67,0.05,647.59,75.03,Credit Card,Standard,4.9
3435,ORD102428,CUST1696,Ishaan Kumar,2025-10-15,Pune,West,Beauty,Perfume,3,1190.28,0.3,2499.59,787.22,Cash on Delivery,Same Day,4.3
3436,ORD100947,CUST1476,Ishaan Kumar,2025-11-24,Jaipur,North,Home & Kitchen,Coffee Maker,2,3838.85,0.15,6526.05,758.95,Cash on Delivery,Same Day,4.1
3437,ORD103849,CUST2165,Rohan Patel,2025-09-30,Pune,West,Clothing,Hoodie,1,1428.81,0.05,1357.37,244.27,Cash on Delivery,Standard,4.6
3438,ORD100762,CUST1158,Sneha Agarwal,2025-11-12,Delhi,North,Books,Programming Book,2,1079.2,0.0,2158.4,412.46,UPI,Express,3.5
3439,ORD100715,CUST1434,Sneha Agarwal,2025-09-20,Hyderabad,South,Electronics,Smart Watch,1,3597.21,0.15,3057.63,991.39,Debit Card,Standard,3.5
3440,ORD100284,CUST1830,Ananya Verma,2025-03-10,Pune,West,Home & Kitchen,Bedsheet,1,966.84,0.15,821.81,124.17,Debit Card,Same Day,3.9
3441,ORD100686,CUST1799,Meera Mishra,2025-05-27,Mumbai,West,Electronics,Wireless Mouse,2,844.7,0.1,1520.46,190.49,UPI,Express,5.0
3442,ORD100703,CUST2189,Rohan Patel,2025-08-16,Hyderabad,South,Electronics,Keyboard,1,1228.22,0.1,1105.4,133.0,Credit Card,Standard,4.1
3443,ORD103341,CUST1039,Aditi Malhotra,2025-12-16,Bengaluru,South,Clothing,Hoodie,3,1408.55,0.0,4225.65,555.55,UPI,Same Day,4.3
3444,ORD102353,CUST2082,Aditya Joshi,2025-07-02,Pune,West,Electronics,Wireless Mouse,3,773.27,0.15,1971.84,388.14,Cash on Delivery,Express,3.5
3445,ORD102257,CUST2198,Ishaan Kumar,2025-11-01,Chandigarh,North,Books,Programming Book,3,1252.85,0.25,2818.91,761.02,UPI,Standard,3.5
3446,ORD103592,CUST2175,Ishaan Kumar,2025-01-06,Chennai,South,Home & Kitchen,Cookware Set,5,2702.65,0.0,13513.25,3894.04,Credit Card,Standard,3.7
3447,ORD100473,CUST1327,Aarav Sharma,2025-01-06,Bengaluru,South,Electronics,Wireless Mouse,1,752.12,0.05,714.51,103.28,UPI,Standard,4.2
3448,ORD100021,CUST2189,Aditi Malhotra,2025-12-14,Bengaluru,South,Sports,Football,1,957.23,0.1,861.51,141.28,UPI,Standard,3.7
3449,ORD102752,CUST1381,Ananya Verma,2025-08-10,Chennai,South,Clothing,Sneakers,3,3295.07,0.15,8402.43,2357.43,Credit Card,Same Day,3.9
3450,ORD100885,CUST1527,Arjun Singh,2025-01-17,Bengaluru,South,Beauty,Perfume,1,1335.74,0.1,1202.17,221.64,Net Banking,Same Day,5.0
3451,ORD102448,CUST1264,Karan Mehta,2025-03-30,Pune,West,Home & Kitchen,Cookware Set,1,2326.34,0.0,2326.34,623.12,Debit Card,Standard,3.3
3452,ORD100917,CUST1174,Ananya Verma,2025-10-09,Pune,West,Books,Novel,3,538.63,0.2,1292.71,188.8,Net Banking,Standard,3.6
3453,ORD103800,CUST1853,Aditya Joshi,2025-12-08,Mumbai,West,Sports,Running Shoes,1,3027.0,0.05,2875.65,852.53,Debit Card,Express,4.1
3454,ORD103794,CUST1223,Meera Mishra,2025-02-28,Ahmedabad,West,Home & Kitchen,Coffee Maker,5,3199.12,0.05,15195.82,4757.54,Cash on Delivery,Same Day,4.5
3455,ORD102239,CUST1557,Aarav Sharma,2025-10-04,Pune,West,Sports,Running Shoes,5,3248.35,0.1,14617.58,2594.18,Credit Card,Same Day,3.4
3456,ORD103888,CUST1548,Ananya Verma,2025-05-21,Ahmedabad,West,Sports,Running Shoes,5,3045.45,0.25,11420.44,3953.41,UPI,Express,3.3
3457,ORD103395,CUST1605,Diya Gupta,2025-03-20,Mumbai,West,Electronics,Headphones,3,1868.51,0.05,5325.25,623.98,Cash on Delivery,Same Day,4.1
3458,ORD101265,CUST1347,Rohan Patel,2025-01-17,Chennai,South,Beauty,Perfume,1,1257.47,0.05,1194.6,221.04,UPI,Same Day,4.6
3459,ORD100483,CUST1341,Aditi Malhotra,2025-09-19,Pune,West,Beauty,Sunscreen,1,756.96,0.15,643.42,138.92,Credit Card,Standard,2.8
3460,ORD104356,CUST1148,Rahul Tiwari,2025-10-11,Chennai,South,Home & Kitchen,Cookware Set,3,2443.84,0.1,6598.37,1315.91,Net Banking,Standard,3.7
3461,ORD102963,CUST1670,Ananya Verma,2025-03-07,Noida,North,Home & Kitchen,Bedsheet,4,936.11,0.05,3557.22,409.47,Debit Card,Standard,3.9
3462,ORD101219,CUST1466,Diya Gupta,2025-07-08,Mumbai,West,Beauty,Face Wash,1,410.05,0.05,389.55,75.53,Cash on Delivery,Same Day,2.5
3463,ORD100277,CUST1139,Sneha Agarwal,2025-04-03,Chennai,South,Home & Kitchen,Table Lamp,4,935.91,0.0,3743.64,410.63,UPI,Express,4.2
3464,ORD100988,CUST1928,Diya Gupta,2025-03-04,Lucknow,North,Beauty,Perfume,4,1330.92,0.05,5057.5,777.24,UPI,Standard,3.2
3465,ORD102084,CUST2187,Arjun Singh,2025-02-27,Hyderabad,South,Beauty,Face Wash,1,423.64,0.1,381.28,125.35,Debit Card,Same Day,4.7
3466,ORD101245,CUST1025,Ishaan Kumar,2025-05-15,Hyderabad,South,Home & Kitchen,Bedsheet,3,927.07,0.05,2642.15,559.31,Cash on Delivery,Standard,2.2
3467,ORD102382,CUST1483,Aarav Sharma,2025-05-13,Delhi,North,Home & Kitchen,Cookware Set,1,2567.51,0.1,2310.76,288.03,Credit Card,Same Day,3.7
3468,ORD100571,CUST2022,Diya Gupta,2025-07-04,Ahmedabad,West,Home & Kitchen,Table Lamp,1,973.21,0.15,827.23,265.45,Net Banking,Express,3.3
3469,ORD101435,CUST1711,Rohan Patel,2025-02-14,Chandigarh,North,Sports,Running Shoes,1,2858.36,0.05,2715.44,940.94,Debit Card,Standard,4.8
3470,ORD100993,CUST1612,Aditi Malhotra,2025-01-06,Jaipur,North,Home & Kitchen,Bedsheet,3,1054.93,0.2,2531.83,784.16,Debit Card,Same Day,4.4
3471,ORD103492,CUST2030,Sneha Agarwal,2025-12-20,Hyderabad,South,Clothing,Sneakers,2,3216.48,0.15,5468.02,1090.14,Debit Card,Express,4.3
3472,ORD103975,CUST1165,Aditya Joshi,2025-03-22,Delhi,North,Clothing,T-Shirt,1,765.48,0.25,574.11,167.59,Cash on Delivery,Same Day,3.1
3473,ORD100585,CUST1916,Ishaan Kumar,2025-07-11,Pune,West,Electronics,Smart Watch,1,3691.95,0.25,2768.96,584.5,Net Banking,Express,3.9
3474,ORD104085,CUST1782,Kavya Srivastava,2025-08-30,Pune,West,Clothing,Jeans,1,1928.89,0.05,1832.45,363.03,Net Banking,Standard,4.7
3475,ORD102514,CUST1889,Meera Mishra,2025-09-06,Hyderabad,South,Home & Kitchen,Cookware Set,2,2730.18,0.15,4641.31,948.41,Net Banking,Same Day,4.8
3476,ORD101349,CUST2114,Aditya Joshi,2025-04-13,Pune,West,Books,Novel,3,513.87,0.15,1310.37,303.48,Net Banking,Express,3.9
3477,ORD101007,CUST1281,Ananya Verma,2025-10-26,Delhi,North,Beauty,Perfume,2,1413.2,0.0,2826.4,609.59,UPI,Express,4.6
3478,ORD100674,CUST1359,Rohan Patel,2025-10-10,Bengaluru,South,Sports,Yoga Mat,1,868.65,0.05,825.22,232.57,Credit Card,Standard,3.4
3479,ORD102412,CUST1416,Diya Gupta,2025-09-18,Lucknow,North,Books,Data Science Book,5,845.04,0.3,2957.64,302.55,Cash on Delivery,Standard,3.4
3480,ORD102903,CUST2197,Priya Saxena,2025-03-29,Delhi,North,Electronics,Keyboard,3,1187.94,0.05,3385.63,910.03,Debit Card,Express,4.7
3481,ORD100447,CUST1680,Karan Mehta,2025-10-22,Bengaluru,South,Electronics,Keyboard,1,1191.65,0.0,1191.65,416.38,Cash on Delivery,Same Day,4.2
3482,ORD103513,CUST2166,Sneha Agarwal,2025-09-14,Hyderabad,South,Clothing,Jeans,5,1760.94,0.0,8804.7,924.53,Debit Card,Express,4.2
3483,ORD103801,CUST1763,Sneha Agarwal,2025-09-19,Ahmedabad,West,Electronics,Keyboard,1,1237.2,0.05,1175.34,197.31,Cash on Delivery,Standard,3.6
3484,ORD104608,CUST1147,Ishaan Kumar,2025-06-19,Lucknow,North,Beauty,Sunscreen,5,656.15,0.2,2624.6,545.2,Net Banking,Express,4.0
3485,ORD100359,CUST1848,Ananya Verma,2025-03-22,Jaipur,North,Home & Kitchen,Cookware Set,1,2261.21,0.25,1695.91,215.51,UPI,Standard,5.0
3486,ORD102064,CUST1054,Meera Mishra,2025-07-05,Lucknow,North,Home & Kitchen,Bedsheet,5,1094.35,0.15,4650.99,649.7,Net Banking,Same Day,4.6
3487,ORD104468,CUST2016,Karan Mehta,2025-12-17,Mumbai,West,Clothing,Jeans,2,1853.76,0.1,3336.77,633.89,Credit Card,Express,4.0
3488,ORD103853,CUST1343,Ishaan Kumar,2025-02-28,Ahmedabad,West,Electronics,Smart Watch,3,3307.35,0.05,9425.95,2991.97,Net Banking,Express,5.0
3489,ORD101690,CUST1331,Priya Saxena,2025-11-08,Noida,North,Electronics,Smart Watch,2,3649.55,0.0,7299.1,854.68,Debit Card,Express,3.6
3490,ORD104345,CUST1651,Kavya Srivastava,2025-12-20,Lucknow,North,Books,Novel,2,454.49,0.2,727.18,193.63,Credit Card,Same Day,3.9
3491,ORD101548,CUST1136,Aarav Sharma,2025-03-07,Chandigarh,North,Sports,Yoga Mat,2,862.18,0.05,1638.14,361.67,Net Banking,Standard,4.1
3492,ORD101247,CUST1026,Aarav Sharma,2025-03-08,Noida,North,Clothing,T-Shirt,1,673.68,0.15,572.63,130.16,UPI,Standard,3.5
3493,ORD101985,CUST1569,Ananya Verma,2025-05-19,Kolkata,East,Sports,Running Shoes,2,2798.91,0.15,4758.15,1066.98,Net Banking,Same Day,3.6
3494,ORD100294,CUST2102,Sneha Agarwal,2025-01-19,Ahmedabad,West,Books,Novel,5,496.77,0.2,1987.08,529.17,Cash on Delivery,Standard,4.3
3495,ORD101547,CUST2121,Aditi Malhotra,2025-10-13,Kolkata,East,Beauty,Sunscreen,1,757.02,0.25,567.76,146.22,Debit Card,Same Day,4.0
3496,ORD102012,CUST1628,Ananya Verma,2025-03-14,Delhi,North,Sports,Football,1,948.6,0.0,948.6,149.32,Net Banking,Express,5.0
3497,ORD100588,CUST1852,Priya Saxena,2025-04-08,Jaipur,North,Electronics,Smart Watch,3,3577.69,0.0,10733.07,1976.51,Credit Card,Standard,5.0
3498,ORD103329,CUST1226,Ishaan Kumar,2025-10-26,Bengaluru,South,Books,Programming Book,5,1093.97,0.0,5469.85,1602.71,Net Banking,Same Day,5.0
3499,ORD102403,CUST1029,Diya Gupta,2025-06-17,Jaipur,North,Electronics,Headphones,3,1982.83,0.15,5056.22,871.65,Cash on Delivery,Same Day,3.6
3500,ORD102129,CUST1672,Sneha Agarwal,2025-05-17,Chennai,South,Clothing,Hoodie,2,1495.44,0.05,2841.34,650.26,UPI,Standard,4.3
3501,ORD104407,CUST2011,Rahul Tiwari,2025-03-25,Delhi,North,Electronics,Keyboard,4,1196.88,0.15,4069.39,578.52,Credit Card,Same Day,3.7
3502,ORD102410,CUST1462,Sneha Agarwal,2025-10-17,Delhi,North,Books,Novel,2,542.86,0.2,868.58,247.47,Credit Card,Express,3.7
3503,ORD102719,CUST1414,Priya Saxena,2025-08-24,Ahmedabad,West,Home & Kitchen,Table Lamp,1,900.3,0.2,720.24,108.44,Debit Card,Standard,2.3
3504,ORD104573,CUST2056,Karan Mehta,2025-07-20,Kolkata,East,Home & Kitchen,Bedsheet,1,1026.27,0.15,872.33,146.96,UPI,Express,4.3
3505,ORD100425,CUST1339,Karan Mehta,2025-08-15,Mumbai,West,Books,Novel,2,527.62,0.0,1055.24,329.84,Debit Card,Express,3.8
3506,ORD102582,CUST2073,Aditi Malhotra,2025-10-11,Kolkata,East,Books,Novel,4,456.93,0.1,1644.95,481.09,UPI,Standard,4.1
3507,ORD101054,CUST1693,Meera Mishra,2025-08-28,Noida,North,Electronics,Wireless Mouse,2,824.31,0.2,1318.9,347.28,UPI,Express,4.0
3508,ORD104011,CUST1451,Sneha Agarwal,2025-08-17,Jaipur,North,Home & Kitchen,Table Lamp,2,898.6,0.05,1707.34,383.59,Credit Card,Express,4.6
3510,ORD100556,CUST1112,Karan Mehta,2025-03-02,Delhi,North,Sports,Yoga Mat,2,927.5,0.3,1298.5,206.29,Net Banking,Standard,3.9
3511,ORD104377,CUST1166,Aarav Sharma,2025-09-29,Jaipur,North,Books,Programming Book,1,1142.12,0.15,970.8,301.17,Cash on Delivery,Express,4.1
3512,ORD103982,CUST1563,Meera Mishra,2025-06-11,Delhi,North,Home & Kitchen,Table Lamp,3,814.74,0.15,2077.59,447.77,Cash on Delivery,Same Day,3.8
3513,ORD104732,CUST1260,Ananya Verma,2025-01-15,Jaipur,North,Sports,Football,4,942.07,0.3,2637.8,628.17,Net Banking,Standard,3.4
3514,ORD102469,CUST1102,Sneha Agarwal,2025-05-22,Pune,West,Electronics,Wireless Mouse,3,873.68,0.15,2227.88,271.92,Net Banking,Standard,3.8
3515,ORD104730,CUST1244,Priya Saxena,2025-04-29,Bengaluru,South,Home & Kitchen,Bedsheet,3,962.68,0.0,2888.04,989.74,Debit Card,Same Day,2.6
3516,ORD100355,CUST1556,Sneha Agarwal,2025-10-25,Pune,West,Clothing,Jeans,1,1734.54,0.15,1474.36,493.74,Net Banking,Express,4.5
3517,ORD101193,CUST1545,Ananya Verma,2025-01-20,Kolkata,East,Clothing,Jeans,3,1818.82,0.0,5456.46,1476.49,Cash on Delivery,Standard,2.6
3518,ORD101716,CUST2082,Aditi Malhotra,2025-08-30,Chandigarh,North,Clothing,Sneakers,1,2925.4,0.05,2779.13,522.16,Net Banking,Express,4.3
3519,ORD103416,CUST1894,Aditi Malhotra,2025-01-30,Bengaluru,South,Home & Kitchen,Cookware Set,4,2679.18,0.1,9645.05,2354.48,Debit Card,Express,3.5
3520,ORD102604,CUST1236,Aditya Joshi,2025-03-31,Chandigarh,North,Electronics,Wireless Mouse,2,726.07,0.2,1161.71,259.15,Credit Card,Express,3.1
3521,ORD104147,CUST1473,Ishaan Kumar,2025-06-09,Bengaluru,South,Clothing,T-Shirt,1,760.1,0.15,646.09,74.15,Net Banking,Express,5.0
3522,ORD102828,CUST1204,Sneha Agarwal,2025-02-26,Noida,North,Home & Kitchen,Table Lamp,1,941.6,0.15,800.36,216.4,Debit Card,Standard,2.1
3523,ORD101704,CUST1362,Meera Mishra,2025-11-16,Kolkata,East,Electronics,Wireless Mouse,2,866.98,0.05,1647.26,245.38,Net Banking,Same Day,2.8
3524,ORD102863,CUST2003,Sneha Agarwal,2025-01-07,Pune,West,Clothing,Hoodie,2,1482.54,0.0,2965.08,596.62,Debit Card,Standard,4.4
3525,ORD102618,CUST2174,Aditi Malhotra,2025-10-16,Ahmedabad,West,Sports,Yoga Mat,2,942.17,0.05,1790.12,308.39,UPI,Express,3.9
3526,ORD102400,CUST1628,Meera Mishra,2025-04-28,Lucknow,North,Beauty,Sunscreen,2,701.26,0.25,1051.89,165.01,Net Banking,Express,4.2
3527,ORD102139,CUST1705,Arjun Singh,2025-09-13,Kolkata,East,Beauty,Perfume,5,1199.42,0.05,5697.24,1612.5,Debit Card,Same Day,5.0
3528,ORD103239,CUST1829,Karan Mehta,2025-12-19,Jaipur,North,Sports,Yoga Mat,1,971.95,0.15,826.16,208.2,Credit Card,Express,4.7
3529,ORD102383,CUST1466,Aarav Sharma,2025-04-18,Kolkata,East,Clothing,Jeans,5,1732.36,0.05,8228.71,2846.55,Cash on Delivery,Standard,3.2
3530,ORD103218,CUST2141,Rohan Patel,2025-01-04,Jaipur,North,Beauty,Sunscreen,5,635.51,0.1,2859.8,853.96,Debit Card,Standard,4.1
3531,ORD103787,CUST2143,Ananya Verma,2025-09-30,Jaipur,North,Clothing,Sneakers,1,3232.47,0.15,2747.6,749.31,UPI,Express,4.2
3532,ORD101285,CUST1435,Ishaan Kumar,2025-07-28,Pune,West,Home & Kitchen,Cookware Set,2,2748.43,0.15,4672.33,1458.46,UPI,Express,2.9
3533,ORD103839,CUST1513,Karan Mehta,2025-10-29,Jaipur,North,Books,Programming Book,1,1171.89,0.25,878.92,130.49,Credit Card,Same Day,4.0
3534,ORD104937,CUST1328,Ananya Verma,2025-02-18,Kolkata,East,Beauty,Perfume,2,1262.85,0.2,2020.56,478.81,Net Banking,Same Day,2.6
3535,ORD104487,CUST1618,Karan Mehta,2025-03-18,Mumbai,West,Sports,Running Shoes,5,3166.73,0.1,14250.28,2865.37,Debit Card,Express,4.6
3536,ORD102087,CUST1679,Meera Mishra,2025-12-13,Delhi,North,Sports,Running Shoes,1,3086.97,0.1,2778.27,415.23,Credit Card,Express,3.4
3537,ORD101889,CUST1295,Aditya Joshi,2025-08-07,Mumbai,West,Sports,Running Shoes,2,3177.92,0.05,6038.05,1137.8,UPI,Standard,3.6
3538,ORD103875,CUST1304,Ishaan Kumar,2025-09-01,Noida,North,Home & Kitchen,Cookware Set,1,2283.94,0.1,2055.55,422.13,Credit Card,Express,2.9
3539,ORD101591,CUST1759,Ishaan Kumar,2025-09-20,Pune,West,Beauty,Perfume,4,1288.05,0.0,5152.2,653.67,Credit Card,Express,3.9
3540,ORD101346,CUST1487,Meera Mishra,2025-02-07,Chennai,South,Home & Kitchen,Coffee Maker,1,3323.73,0.1,2991.36,345.02,Debit Card,Express,3.8
3541,ORD104450,CUST1621,Arjun Singh,2025-03-02,Mumbai,West,Clothing,Jeans,4,1706.94,0.1,6144.98,1437.55,UPI,Same Day,3.6
3542,ORD102162,CUST1272,Ananya Verma,2025-01-01,Delhi,North,Home & Kitchen,Cookware Set,4,2384.27,0.1,8583.37,2005.39,Net Banking,Express,5.0
3543,ORD102396,CUST1698,Rahul Tiwari,2025-04-22,Chandigarh,North,Electronics,Wireless Mouse,1,811.72,0.0,811.72,153.03,Cash on Delivery,Standard,5.0
3544,ORD103686,CUST1937,Aditi Malhotra,2025-06-19,Hyderabad,South,Clothing,Jeans,1,1962.0,0.1,1765.8,441.22,Debit Card,Standard,3.1
3545,ORD102271,CUST1221,Priya Saxena,2025-10-12,Kolkata,East,Sports,Football,4,927.5,0.2,2968.0,640.22,Net Banking,Standard,2.5
3546,ORD104509,CUST2105,Karan Mehta,2025-02-08,Delhi,North,Books,Novel,3,540.91,0.1,1460.46,236.93,Cash on Delivery,Same Day,4.1
3547,ORD103111,CUST2105,Aditya Joshi,2025-07-17,Ahmedabad,West,Beauty,Face Wash,1,407.29,0.0,407.29,76.6,Net Banking,Standard,3.5
3548,ORD101137,CUST1042,Ananya Verma,2025-04-04,Noida,North,Home & Kitchen,Cookware Set,3,2554.08,0.05,7279.13,1909.98,UPI,Same Day,4.4
3549,ORD103939,CUST1295,Arjun Singh,2025-05-02,Delhi ,North,Clothing,Hoodie,5,1473.44,0.05,6998.84,2164.37,Cash on Delivery,Standard,3.9
3550,ORD100972,CUST2166,Aarav Sharma,2025-09-08,Mumbai,West,Electronics,Headphones,3,2111.36,0.05,6017.38,2023.46,Cash on Delivery,Standard,4.2
3551,ORD100795,CUST2103,Aditi Malhotra,2025-03-05,Ahmedabad,West,Home & Kitchen,Cookware Set,2,2687.63,0.05,5106.5,674.54,Credit Card,Standard,3.9
3552,ORD103020,CUST1516,Aarav Sharma,2025-04-23,Jaipur,North,Electronics,Keyboard,1,1279.41,0.0,1279.41,354.11,UPI,Express,4.0
3553,ORD101711,CUST1937,Aditya Joshi,2025-06-17,Noida,North,Clothing,T-Shirt,4,722.85,0.0,2891.4,943.38,Credit Card,Express,4.3
3554,ORD103387,CUST1415,Karan Mehta,2025-09-04,Lucknow,North,Home & Kitchen,Table Lamp,1,855.41,0.0,855.41,163.74,UPI,Express,2.9
3555,ORD100036,CUST1960,Karan Mehta,2025-01-19,Chennai,South,Electronics,Keyboard,1,1409.37,0.0,1409.37,438.16,Credit Card,Same Day,3.7
3556,ORD100453,CUST1526,Aarav Sharma,2025-04-11,Jaipur,North,Home & Kitchen,Bedsheet,3,905.14,0.15,2308.11,332.63,Cash on Delivery,Same Day,3.1
3557,ORD100913,CUST1343,Sneha Agarwal,2025-06-05,Bengaluru,South,ELECTRONICS,Headphones,3,1883.67,0.2,4520.81,860.28,Debit Card,Express,4.2
3558,ORD104922,CUST2091,Meera Mishra,2025-03-16,Hyderabad,South,Electronics,Headphones,2,2130.14,0.05,4047.27,937.9,Credit Card,Express,3.0
3559,ORD101199,CUST2127,Diya Gupta,2025-12-13,Kolkata,East,Beauty,Face Wash,2,418.41,0.15,711.3,195.73,UPI,Express,3.3
3560,ORD101274,CUST1523,Aarav Sharma,2025-09-27,Kolkata,East,Beauty,Sunscreen,3,730.37,0.15,1862.44,220.71,UPI,Express,4.0
3561,ORD102375,CUST2066,Ishaan Kumar,2025-07-15,Lucknow,North,Home & Kitchen,Bedsheet,4,1014.42,0.05,3854.8,711.92,Debit Card,Express,4.5
3562,ORD100037,CUST1387,Meera Mishra,2025-08-23,Ahmedabad,West,Books,Novel,3,526.84,0.0,1580.52,369.87,Net Banking,Same Day,2.2
3563,ORD100974,CUST1730,Arjun Singh,2025-07-30,Chandigarh,North,Books,Programming Book,2,1155.25,0.05,2194.97,761.58,Net Banking,Same Day,4.2
3564,ORD103195,CUST1806,Arjun Singh,2025-06-01,Lucknow,North,Clothing,Jeans,1,1906.71,0.0,1906.71,488.09,Cash on Delivery,Same Day,3.9
3565,ORD100983,CUST1219,Ananya Verma,2025-02-24,Delhi,North,Home & Kitchen,Coffee Maker,3,3417.44,0.15,8714.47,2143.93,Cash on Delivery,Same Day,3.4
3566,ORD103948,CUST1106,Kavya Srivastava,2025-02-02,Lucknow,North,Beauty,Face Wash,5,360.45,0.2,1441.8,160.29,Credit Card,Standard,2.8
3567,ORD104100,CUST1735,Aditya Joshi,2025-10-10,Ahmedabad,West,Beauty,Perfume,3,1397.63,0.1,3773.6,677.9,Debit Card,Express,3.5
3568,ORD101418,CUST1391,Sneha Agarwal,2025-11-24,Lucknow,North,Beauty,Sunscreen,1,671.15,0.1,604.03,103.81,Debit Card,Standard,4.3
3569,ORD103332,CUST1699,Rohan Patel,2025-03-03,Pune,West,Home & Kitchen,Bedsheet,1,973.82,0.05,925.13,230.72,UPI,Same Day,4.4
3570,ORD101560,CUST1274,Arjun Singh,2025-09-30,Jaipur,North,Home & Kitchen,Bedsheet,2,1001.57,0.05,1902.98,239.61,Net Banking,Express,4.7
3571,ORD100039,CUST1951,Aditi Malhotra,2025-04-30,Hyderabad,South,Home & Kitchen,Bedsheet,3,974.92,0.15,2486.05,433.12,Cash on Delivery,Same Day,5.0
3572,ORD101486,CUST1957,Kavya Srivastava,2025-09-25,Kolkata,East,Sports,Football,5,1049.24,0.05,4983.89,933.3,Debit Card,Same Day,4.4
3573,ORD103927,CUST2199,Aditya Joshi,2025-11-09,Kolkata,East,Books,Programming Book,5,1310.81,0.05,6226.35,1460.84,Debit Card,Standard,4.3
3574,ORD100169,CUST1948,Aditya Joshi,2025-09-09,Pune,West,Home & Kitchen,Bedsheet,2,931.75,0.15,1583.97,307.58,UPI,Standard,4.7
3575,ORD101355,CUST1060,Diya Gupta,2025-10-26,Delhi,North,Sports,Yoga Mat,3,856.11,0.3,1797.83,432.95,Cash on Delivery,Express,4.7
3576,ORD102785,CUST1300,Karan Mehta,2025-11-02,Lucknow,North,Beauty,Sunscreen,5,662.83,0.2,2651.32,742.55,Net Banking,Same Day,3.4
3577,ORD104005,CUST2102,Arjun Singh,2025-07-03,Chennai,South,Electronics,Keyboard,4,1417.62,0.2,4536.38,1309.73,UPI,Express,4.5
3578,ORD104768,CUST1318,Diya Gupta,2025-02-09,Hyderabad,South,Books,Data Science Book,4,924.72,0.15,3144.05,927.51,Credit Card,Express,3.5
3579,ORD104049,CUST1138,Rahul Tiwari,2025-10-27,Jaipur,North,Beauty,Face Wash,2,384.36,0.25,576.54,167.24,Cash on Delivery,Same Day,4.1
3580,ORD102682,CUST1998,Aditi Malhotra,2025-10-10,Ahmedabad,West,Sports,Football,2,956.11,0.2,1529.78,493.93,Cash on Delivery,Express,2.7
3581,ORD104724,CUST2118,Sneha Agarwal,2025-09-27,Bengaluru,South,Clothing,Jeans,1,1704.38,0.05,1619.16,376.3,Credit Card,Standard,3.7
3582,ORD104649,CUST1951,Aditi Malhotra,2025-11-04,Ahmedabad,West,Home & Kitchen,Coffee Maker,2,3663.27,0.05,6960.21,1613.01,Net Banking,Express,3.6
3583,ORD101640,CUST1069,Aarav Sharma,2025-06-01,Ahmedabad,West,Home & Kitchen,Coffee Maker,2,3458.04,0.2,5532.86,600.83,Cash on Delivery,Standard,4.5
3584,ORD101290,CUST1907,Rohan Patel,2025-07-24,Pune,West,Clothing,Sneakers,1,3144.46,0.1,2830.01,764.3,Credit Card,Express,3.3
3585,ORD101380,CUST2035,Ananya Verma,2025-11-15,Delhi,North,Home & Kitchen,Coffee Maker,1,3378.05,0.25,2533.54,453.01,Net Banking,Express,5.0
3586,ORD101933,CUST1300,Meera Mishra,2025-12-31,Chandigarh,North,Beauty,Perfume,5,1266.46,0.0,6332.3,1058.51,UPI,Express,3.2
3587,ORD100579,CUST1795,Kavya Srivastava,2025-11-05,Pune,West,Beauty,Sunscreen,1,741.31,0.0,741.31,97.19,Cash on Delivery,Same Day,4.1
3588,ORD104238,CUST1803,Priya Saxena,2025-11-13,Hyderabad,South,Electronics,Keyboard,2,1390.13,0.15,2363.22,418.92,Net Banking,Standard,3.2
3589,ORD103160,CUST1727,Arjun Singh,2025-02-28,Lucknow,North,Clothing,T-Shirt,2,761.97,0.1,1371.55,419.39,Net Banking,Standard,3.7
3590,ORD102030,CUST1907,Kavya Srivastava,2025-04-15,Hyderabad,South,Home & Kitchen,Bedsheet,3,952.97,0.15,2430.07,503.79,Net Banking,Standard,3.7
3591,ORD100892,CUST1072,Kavya Srivastava,2025-06-13,Chandigarh,North,Sports,Football,1,1013.13,0.15,861.16,286.7,Credit Card,Same Day,3.6
3592,ORD103996,CUST1836,Ananya Verma,2025-12-19,Chennai,South,Electronics,Smart Watch,4,3728.42,0.1,13422.31,1577.97,Debit Card,Standard,3.5
3593,ORD100780,CUST1221,Ananya Verma,2025-01-20,Delhi,North,Home & Kitchen,Cookware Set,3,2601.17,0.1,7023.16,2174.31,UPI,Same Day,3.7
3594,ORD100159,CUST1800,Kavya Srivastava,2025-02-07,Mumbai,West,Clothing,T-Shirt,5,750.19,0.1,3375.86,640.29,Debit Card,Express,4.0
3595,ORD100002,CUST1840,Ishaan Kumar,2025-01-24,Jaipur,North,Electronics,Keyboard,5,1384.12,0.15,5882.51,1703.12,UPI,Same Day,3.9
3596,ORD102263,CUST1150,Rahul Tiwari,2025-09-21,Kolkata,East,Electronics,Keyboard,1,1421.61,0.1,1279.45,379.27,Debit Card,Same Day,4.1
3597,ORD103216,CUST1344,Ishaan Kumar,2025-11-28,Lucknow,North,Clothing,T-Shirt,1,735.84,0.05,699.05,241.86,Net Banking,Express,2.3
3598,ORD102109,CUST1841,Diya Gupta,2025-09-26,Ahmedabad,West,Clothing,Hoodie,2,1565.93,0.3,2192.3,746.81,Net Banking,Standard,4.3
3599,ORD100849,CUST2178,Aditi Malhotra,2025-03-11,Chandigarh,North,Beauty,Perfume,2,1201.19,0.25,1801.79,476.68,Credit Card,Express,4.3
3600,ORD102737,CUST1685,Aditi Malhotra,2025-08-06,Chandigarh,North,Electronics,Smart Watch,2,3264.2,0.15,5549.14,891.03,Cash on Delivery,Standard,3.8
3601,ORD102466,CUST1097,Ananya Verma,2025-05-26,Hyderabad,South,Home & Kitchen,Bedsheet,4,1079.76,0.15,3671.18,806.88,Credit Card,Express,4.3
3602,ORD103739,CUST1022,Kavya Srivastava,2025-08-28,Delhi,North,Clothing,Hoodie,2,1541.4,0.0,3082.8,485.39,Credit Card,Same Day,3.9
3603,ORD103693,CUST1228,Priya Saxena,2025-10-24,Pune,West,Beauty,Face Wash,2,410.99,0.0,821.98,119.94,Debit Card,Standard,3.3
3604,ORD101596,CUST1265,Karan Mehta,2025-02-23,Delhi,North,Home & Kitchen,Table Lamp,2,923.41,0.05,1754.48,582.62,Debit Card,Same Day,3.9
3605,ORD101776,CUST1668,Aarav Sharma,2025-06-14,Lucknow,North,Clothing,Jeans,1,1884.95,0.05,1790.7,496.18,UPI,Same Day,4.7
3606,ORD101913,CUST2197,Aarav Sharma,2025-11-23,Jaipur,North,Beauty,Face Wash,5,417.81,0.0,2089.05,418.25,Debit Card,Standard,3.8
3607,ORD101043,CUST1230,Priya Saxena,2025-05-28,Mumbai,West,Clothing,Jeans,5,1847.82,0.1,8315.19,2334.82,Debit Card,Express,3.9
3608,ORD104733,CUST1562,Karan Mehta,2025-10-22,Noida,North,Books,Programming Book,1,1210.25,0.25,907.69,175.38,Credit Card,Express,2.2
3610,ORD102736,CUST1995,Arjun Singh,2025-10-17,Hyderabad,South,Electronics,Smart Watch,1,3284.21,0.05,3120.0,1045.18,UPI,Standard,4.4
3611,ORD103749,CUST1809,Priya Saxena,2025-04-21,Ahmedabad,West,Clothing,Sneakers,3,3112.05,0.0,9336.15,1710.01,UPI,Standard,4.6
3613,ORD100053,CUST1983,Priya Saxena,2025-10-20,Lucknow,North,Clothing,Jeans,3,1952.92,0.15,4979.95,1367.15,Debit Card,Standard,3.5
3614,ORD101796,CUST2127,Rahul Tiwari,2025-09-12,Hyderabad,South,Books,Programming Book,1,1162.66,0.0,1162.66,143.57,Net Banking,Standard,2.8
3615,ORD103588,CUST1412,Rohan Patel,2025-11-25,Chennai,South,Sports,Running Shoes,1,3022.33,0.1,2720.1,455.92,UPI,Express,4.1
3616,ORD101911,CUST1069,Arjun Singh,2025-08-15,Lucknow,North,Sports,Football,1,940.04,0.2,752.03,183.0,UPI,Same Day,3.7
3617,ORD102306,CUST1333,Ishaan Kumar,2025-02-12,Kolkata,East,Books,Programming Book,1,1238.74,0.15,1052.93,303.22,Cash on Delivery,Express,5.0
3618,ORD102553,CUST1737,Aditi Malhotra,2025-01-31,Bengaluru,South,Books,Programming Book,3,1169.75,0.15,2982.86,1003.31,Debit Card,Standard,3.4
3619,ORD102800,CUST2178,Aarav Sharma,2025-11-13,Jaipur,North,Books,Programming Book,1,1113.68,0.15,946.63,285.67,Cash on Delivery,Standard,3.9
3620,ORD100936,CUST2062,Aarav Sharma,2025-11-14,Jaipur,North,Beauty,Perfume,1,1343.8,0.05,1276.61,133.95,Debit Card,Express,3.3
3621,ORD104145,CUST1959,Ishaan Kumar,2025-12-20,Chandigarh,North,Clothing,Jeans,2,1725.94,0.15,2934.1,678.44,UPI,Express,5.0
3622,ORD100824,CUST1699,Priya Saxena,2025-05-31,Delhi,North,Beauty,Face Wash,1,427.06,0.05,405.71,67.65,Credit Card,Standard,4.0
3623,ORD104753,CUST1411,Arjun Singh,2025-04-07,Bengaluru,South,Beauty,Sunscreen,1,712.66,0.1,641.39,209.26,Credit Card,Standard,4.1
3624,ORD103178,CUST1281,Aarav Sharma,2025-09-29,Jaipur,North,Clothing,Jeans,1,1863.01,0.3,1304.11,220.27,Net Banking,Standard,4.4
3625,ORD103401,CUST1568,Aditya Joshi,2025-03-24,Kolkata,East,Clothing,Hoodie,3,1404.7,0.05,4003.39,698.15,UPI,Standard,4.5
3626,ORD101389,CUST1278,Ananya Verma,2025-02-21,Lucknow,North,Electronics,Keyboard,3,1346.51,0.0,4039.53,452.72,Debit Card,Same Day,3.9
3627,ORD103564,CUST1420,Rahul Tiwari,2025-11-26,Pune,West,Sports,Yoga Mat,5,883.5,0.05,4196.62,860.02,UPI,Express,4.5
3628,ORD104896,CUST1205,Rahul Tiwari,2025-02-01,Chandigarh,North,Electronics,Headphones,1,2169.42,0.2,1735.54,406.05,Debit Card,Express,4.5
3629,ORD100884,CUST1969,Diya Gupta,2025-05-03,Pune,West,Books,Novel,1,472.55,0.0,472.55,87.36,Net Banking,Express,3.1
3630,ORD103848,CUST1529,Sneha Agarwal,2025-10-08,Delhi,North,Home & Kitchen,Table Lamp,5,904.31,0.1,4069.39,798.74,UPI,Standard,3.3
3631,ORD101607,CUST2026,Aditya Joshi,2025-10-29,Kolkata,East,Beauty,Face Wash,2,381.26,0.0,762.52,195.36,Debit Card,Standard,3.4
3632,ORD101594,CUST1904,Arjun Singh,2025-10-12,Kolkata,East,Home & Kitchen,Bedsheet,4,1054.59,0.05,4007.44,1055.87,UPI,Express,4.0
3633,ORD100771,CUST1923,Aarav Sharma,2025-11-03,Chandigarh,North,Beauty,Perfume,1,1204.45,0.05,1144.23,253.44,UPI,Express,3.5
3635,ORD103898,CUST1396,Rohan Patel,2025-04-06,Ahmedabad,West,Books,Data Science Book,1,920.81,0.15,782.69,150.67,Debit Card,Express,4.9
3636,ORD102273,CUST2041,Aarav Sharma,2025-08-23,Chandigarh,North,Home & Kitchen,Cookware Set,3,2423.86,0.0,7271.58,1530.35,Credit Card,Express,2.6
3637,ORD101868,CUST1786,Karan Mehta,2025-11-11,Ahmedabad,West,Beauty,Face Wash,3,386.56,0.1,1043.71,325.65,UPI,Standard,4.3
3638,ORD101085,CUST1108,Rahul Tiwari,2025-05-08,Lucknow,North,Books,Novel,1,520.84,0.0,520.84,154.56,Credit Card,Standard,3.8
3639,ORD100010,CUST1127,Ananya Verma,2025-05-29,Chandigarh,North,Sports,Football,2,1061.74,0.0,2123.48,224.41,Cash on Delivery,Same Day,4.3
3640,ORD103654,CUST2097,Aditya Joshi,2025-08-09,Lucknow,North,Home & Kitchen,Coffee Maker,2,3253.78,0.0,6507.56,2225.2,Credit Card,Standard,3.2
3641,ORD101325,CUST1806,Aditi Malhotra,2025-12-28,Bengaluru,South,Sports,Football,4,1025.86,0.15,3487.92,411.72,UPI,Same Day,4.4
3642,ORD103390,CUST2023,Rahul Tiwari,2025-07-25,Kolkata,East,Electronics,Wireless Mouse,5,760.93,0.1,3424.18,512.15,Cash on Delivery,Same Day,4.8
3643,ORD101463,CUST1397,Kavya Srivastava,2025-10-23,Ahmedabad,West,Electronics,Wireless Mouse,1,776.84,0.15,660.31,161.67,Net Banking,Same Day,3.8
3644,ORD100806,CUST2085,Priya Saxena,2025-12-28,Chandigarh,North,Electronics,Keyboard,4,1316.78,0.0,5267.12,586.53,upi,Express,5.0
3645,ORD103778,CUST2022,Arjun Singh,2025-03-14,Noida,North,Beauty,Perfume,2,1302.65,0.05,2475.03,746.63,Cash on Delivery,Same Day,3.0
3646,ORD104030,CUST1876,Aditya Joshi,2025-12-22,Delhi,North,Home & Kitchen,Table Lamp,1,892.83,0.05,848.19,112.1,Debit Card,Standard,3.8
3647,ORD103814,CUST1923,Kavya Srivastava,2025-08-15,Bengaluru,South,Books,Programming Book,4,1318.64,0.0,5274.56,1224.22,Credit Card,Standard,4.0
3648,ORD102108,CUST1388,Ananya Verma,2025-06-07,Ahmedabad,West,Sports,Yoga Mat,5,857.22,0.0,4286.1,430.08,UPI,Standard,3.6
3649,ORD104254,CUST1902,Karan Mehta,2025-03-08,Delhi,North,Home & Kitchen,Coffee Maker,4,3562.79,0.0,14251.16,3701.19,Net Banking,Standard,4.8
3650,ORD104976,CUST2144,Kavya Srivastava,2025-10-07,Jaipur,North,Electronics,Headphones,5,1865.88,0.05,8862.93,2743.45,Credit Card,Express,3.1
3651,ORD102234,CUST1922,Rahul Tiwari,2025-06-01,Noida,North,Electronics,Smart Watch,5,3420.19,0.2,13680.76,3532.77,UPI,Express,3.5
3652,ORD103211,CUST2035,Aarav Sharma,2025-09-10,Pune,West,Clothing,Sneakers,4,3202.47,0.0,12809.88,4286.87,Net Banking,Same Day,4.1
3653,ORD100963,CUST1001,Rohan Patel,2025-03-29,Hyderabad,South,Electronics,Smart Watch,2,3725.27,0.1,6705.49,1908.52,Credit Card,Standard,4.5
3654,ORD103415,CUST1070,Ishaan Kumar,2025-06-15,Noida,North,Beauty,Sunscreen,1,766.46,0.05,728.14,217.23,Debit Card,Standard,5.0
3655,ORD103796,CUST1311,Rahul Tiwari,2025-12-11,Kolkata,East,Beauty,Sunscreen,1,708.26,0.1,637.43,83.0,Net Banking,Same Day,5.0
3656,ORD100398,CUST1630,Karan Mehta,2025-10-05,lucknow ,North,Home & Kitchen,Table Lamp,2,975.01,0.2,1560.02,409.27,Net Banking,Express,4.0
3657,ORD102632,CUST1299,Diya Gupta,2025-04-23,Pune,West,Beauty,Sunscreen,2,662.61,0.15,1126.44,116.0,Cash on Delivery,Express,3.7
3658,ORD104871,CUST1908,Ananya Verma,2025-01-12,Lucknow,North,Home & Kitchen,Bedsheet,5,1053.52,0.1,4740.84,1072.49,Net Banking,Same Day,4.7
3660,ORD100704,CUST1847,Karan Mehta,2025-08-04,Pune,West,Electronics,Headphones,3,1943.18,0.05,5538.06,834.75,Cash on Delivery,Same Day,3.9
3661,ORD100431,CUST1579,Ishaan Kumar,2025-10-02,Bengaluru,South,Home & Kitchen,Coffee Maker,3,3704.06,0.1,10000.96,1753.31,Cash on Delivery,Same Day,3.4
3662,ORD100292,CUST1360,Aarav Sharma,2025-01-25,Kolkata,East,Electronics,Wireless Mouse,1,856.94,0.2,685.55,83.8,Net Banking,Standard,3.4
3663,ORD104943,CUST1744,Priya Saxena,2025-08-19,Hyderabad,South,Clothing,Jeans,2,1892.55,0.0,3785.1,679.89,Cash on Delivery,Standard,4.8
3664,ORD100145,CUST1052,Ananya Verma,2025-11-11,Delhi,North,Electronics,Wireless Mouse,1,850.64,0.1,765.58,233.35,Debit Card,Express,4.9
3665,ORD104371,CUST2037,Ananya Verma,2025-09-28,Hyderabad,South,Home & Kitchen,Cookware Set,5,2713.55,0.05,12889.36,1551.17,Cash on Delivery,Standard,2.1
3666,ORD102033,CUST1103,Ishaan Kumar,2025-12-31,Lucknow,North,Home & Kitchen,Coffee Maker,2,3641.07,0.1,6553.93,1332.36,Cash on Delivery,Same Day,3.7
3667,ORD104224,CUST1706,Ishaan Kumar,2025-02-24,Hyderabad,South,Clothing,Hoodie,1,1509.77,0.05,1434.28,178.14,Cash on Delivery,Same Day,3.5
3668,ORD101165,CUST1288,Sneha Agarwal,2025-10-11,Lucknow,North,Beauty,Face Wash,1,399.56,0.05,379.58,106.94,UPI,Standard,2.7
3669,ORD103500,CUST1328,Rohan Patel,2025-08-19,Chennai,South,Home & Kitchen,Coffee Maker,1,3836.04,0.25,2877.03,731.44,Credit Card,Standard,3.8
3670,ORD102050,CUST2019,Rahul Tiwari,2025-09-24,Ahmedabad,West,Clothing,Hoodie,2,1410.6,0.1,2539.08,315.47,Credit Card,Same Day,4.2
3671,ORD102624,CUST1617,Kavya Srivastava,2025-03-24,Jaipur,North,Home & Kitchen,Coffee Maker,3,3713.46,0.1,10026.34,1144.45,Credit Card,Same Day,3.7
3672,ORD104397,CUST1733,Arjun Singh,2025-05-18,Bengaluru,South,Beauty,Face Wash,1,362.74,0.05,344.6,110.5,Credit Card,Express,3.9
3673,ORD100339,CUST1191,Kavya Srivastava,2025-03-03,Hyderabad,South,Books,Programming Book,2,1256.75,0.15,2136.47,286.64,Debit Card,Same Day,4.0
3674,ORD104787,CUST1934,Arjun Singh,2025-04-18,Ahmedabad,West,Books,Programming Book,4,1161.39,0.0,4645.56,862.69,Net Banking,Express,4.3
3675,ORD104365,CUST1980,Rahul Tiwari,2025-04-13,Bengaluru,South,Sports,Running Shoes,1,2781.76,0.0,2781.76,490.51,Net Banking,Express,3.0
3676,ORD102973,CUST1373,Aarav Sharma,2025-01-01,Bengaluru,South,Books,Programming Book,5,1197.31,0.05,5687.22,1185.96,Debit Card,Express,4.9
3677,ORD100265,CUST1421,Karan Mehta,2025-01-10,Delhi,North,Clothing,Hoodie,2,1409.69,0.15,2396.47,833.26,UPI,Express,3.7
3678,ORD102424,CUST1736,Rahul Tiwari,2025-12-12,Bengaluru,South,Electronics,Keyboard,1,1426.91,0.15,1212.87,137.78,Net Banking,Standard,3.6
3679,ORD101262,CUST1588,Rohan Patel,2025-02-15,Noida,North,Electronics,Headphones,3,1952.28,0.2,4685.47,593.38,Cash on Delivery,Same Day,4.2
3680,ORD101771,CUST2110,Diya Gupta,2025-03-23,Lucknow,North,Electronics,Headphones,5,2116.53,0.1,9524.39,1158.69,Cash on Delivery,Standard,4.4
3681,ORD103511,CUST1106,Ananya Verma,2025-03-17,Chennai,South,Electronics,Keyboard,1,1412.01,0.1,1270.81,176.83,UPI,Standard,3.4
3682,ORD100271,CUST1596,Aditi Malhotra,2025-10-28,Hyderabad,South,Home & Kitchen,Table Lamp,2,855.26,0.25,1282.89,379.97,Debit Card,Same Day,3.8
3683,ORD100696,CUST1331,Aditya Joshi,2025-06-28,Bengaluru,South,Electronics,Keyboard,2,1328.54,0.1,2391.37,712.11,Debit Card,Standard,3.3
3684,ORD100747,CUST1714,Meera Mishra,2025-11-11,Ahmedabad,West,Sports,Running Shoes,1,3190.24,0.1,2871.22,372.44,Debit Card,Standard,3.6
3685,ORD100244,CUST1850,Ananya Verma,2025-06-02,Chandigarh,North,Sports,Running Shoes,2,3042.09,0.0,6084.18,1733.64,Cash on Delivery,Same Day,2.7
3686,ORD100317,CUST1290,Rohan Patel,2025-03-05,Noida,North,Electronics,Wireless Mouse,2,770.18,0.05,1463.34,345.1,UPI,Express,2.5
3687,ORD100476,CUST1963,Aditi Malhotra,2025-09-21,Lucknow,North,Home & Kitchen,Table Lamp,2,907.09,0.05,1723.47,313.6,Cash on Delivery,Express,4.4
3688,ORD102032,CUST1457,Rahul Tiwari,2025-06-21,Jaipur,North,Electronics,Smart Watch,2,3820.84,0.25,5731.26,1582.93,Debit Card,Same Day,3.0
3689,ORD100957,CUST1487,Kavya Srivastava,2025-11-01,Lucknow,North,Beauty,Perfume,3,1298.29,0.15,3310.64,640.65,UPI,Standard,3.6
3690,ORD103860,CUST1638,Ishaan Kumar,2025-11-07,Ahmedabad,West,Books,Programming Book,1,1289.88,0.2,1031.9,161.36,UPI,Same Day,3.980060240963855
3691,ORD100813,CUST1368,Sneha Agarwal,2025-07-07,Lucknow,North,Clothing,Jeans,1,1649.18,0.05,1566.72,545.37,Cash on Delivery,Standard,5.0
3692,ORD104189,CUST1186,Meera Mishra,2025-01-16,Pune,West,Clothing,T-Shirt,2,726.2,0.0,1452.4,288.68,Debit Card,Same Day,3.7
3693,ORD101914,CUST1025,Sneha Agarwal,2025-11-03,Bengaluru,South,Beauty,Perfume,5,1293.12,0.15,5495.76,1763.95,Credit Card,Same Day,4.4
3694,ORD104622,CUST1791,Aditi Malhotra,2025-12-30,delhi,South,Home & Kitchen,Cookware Set,4,2678.74,0.05,10179.21,2454.12,Debit Card,Express,4.2
3695,ORD103487,CUST1692,Ishaan Kumar,2025-02-06,Hyderabad,South,Books,Data Science Book,1,820.96,0.05,779.91,104.22,Debit Card,Standard,4.3
3696,ORD101297,CUST1195,Ananya Verma,2025-08-25,Kolkata,East,Home & Kitchen,Bedsheet,5,952.44,0.1,4285.98,453.32,Cash on Delivery,Express,3.7
3697,ORD104075,CUST1321,Diya Gupta,2025-02-11,Delhi,North,Beauty,Face Wash,5,375.87,0.1,1691.41,563.75,UPI,Same Day,4.7
3698,ORD101804,CUST1566,Priya Saxena,2025-01-12,Delhi,North,Home & Kitchen,Bedsheet,2,979.59,0.15,1665.3,354.06,Net Banking,Standard,3.6
3699,ORD100758,CUST1820,Aarav Sharma,2025-06-29,Ahmedabad,West,Books,Programming Book,2,1137.01,0.05,2160.32,609.88,UPI,Standard,5.0
3700,ORD100250,CUST1251,Rohan Patel,2025-09-08,Delhi,North,Clothing,Jeans,1,1636.14,0.05,1554.33,209.75,upi,Express,3.8
3701,ORD102461,CUST1556,Aarav Sharma,2025-08-23,Chandigarh,North,Electronics,Keyboard,2,1265.72,0.05,2404.87,694.2,Net Banking,Same Day,5.0
3702,ORD100545,CUST1359,Diya Gupta,2025-11-24,Mumbai,West,Beauty,Face Wash,3,361.19,0.1,975.21,175.56,Credit Card,Express,2.2
3703,ORD103241,CUST1818,Rohan Patel,2025-07-08,Chennai,South,Clothing,Hoodie,4,1352.93,0.15,4599.96,532.63,Debit Card,Standard,3.7
3704,ORD100738,CUST1136,Aditi Malhotra,2025-10-27,Mumbai,West,Home & Kitchen,Bedsheet,2,1062.39,0.2,1699.82,189.5,Cash on Delivery,Standard,4.3
3705,ORD100310,CUST2159,Karan Mehta,2025-08-11,Delhi,North,Books,Novel,5,544.82,0.1,2451.69,276.39,Net Banking,Same Day,4.4
3706,ORD104366,CUST1798,Diya Gupta,2025-01-28,Noida,North,Books,Programming Book,5,1249.56,0.0,6247.8,736.82,Net Banking,Standard,4.3
3708,ORD101131,CUST1692,Kavya Srivastava,2025-09-09,Ahmedabad,West,Clothing,Sneakers,2,2717.4,0.05,5163.06,1118.72,Net Banking,Standard,4.4
3709,ORD101449,CUST1444,Sneha Agarwal,2025-04-20,Ahmedabad,West,Electronics,Wireless Mouse,1,752.53,0.25,564.4,101.61,Debit Card,Same Day,4.1
3710,ORD104939,CUST1028,Diya Gupta,2025-12-21,Hyderabad,South,Home & Kitchen,Bedsheet,1,968.95,0.0,968.95,327.92,UPI,Same Day,3.4
3711,ORD100015,CUST1215,Rohan Patel,2025-08-26,Chandigarh,North,Electronics,Headphones,1,1832.86,0.1,1649.57,182.12,UPI,Standard,4.2
3713,ORD102769,CUST1201,Kavya Srivastava,2025-10-16,Mumbai,West,Electronics,Headphones,1,1852.72,0.15,1574.81,464.28,UPI,Standard,3.6
3714,ORD103468,CUST1015,Meera Mishra,2025-07-17,Bengaluru,South,Home & Kitchen,Bedsheet,5,992.61,0.05,4714.9,544.94,Net Banking,Standard,4.0
3715,ORD100920,CUST1598,Diya Gupta,2025-10-16,Delhi,North,Home & Kitchen,Table Lamp,1,907.88,0.0,907.88,98.61,Net Banking,Standard,3.7
3716,ORD103029,CUST1852,Ishaan Kumar,2025-03-10,Ahmedabad,West,Home & Kitchen,Bedsheet,2,1047.63,0.15,1780.97,213.59,Debit Card,Standard,3.5
3717,ORD101372,CUST1923,Sneha Agarwal,2025-05-04,Chandigarh,North,Books,Novel,4,537.33,0.1,1934.39,605.91,Cash on Delivery,Standard,4.8
3718,ORD103587,CUST1302,Sneha Agarwal,2025-03-25,Chennai,South,Electronics,Headphones,2,1840.9,0.0,3681.8,514.01,Net Banking,Express,5.0
3719,ORD102544,CUST1662,Diya Gupta,2025-01-06,Hyderabad,South,Clothing,Hoodie,5,1381.18,0.1,6215.31,2084.14,Net Banking,Same Day,4.4
3720,ORD103598,CUST1198,Kavya Srivastava,2025-01-04,Noida,North,Beauty,Perfume,1,1391.52,0.1,1252.37,219.57,Net Banking,Express,4.8
3721,ORD100038,CUST1198,Kavya Srivastava,2025-08-22,Hyderabad,South,Beauty,Perfume,3,1238.33,0.0,3714.99,815.33,Cash on Delivery,Standard,2.9
3722,ORD100363,CUST1665,Aarav Sharma,2025-11-08,Mumbai,West,Beauty,Sunscreen,1,633.92,0.15,538.83,188.51,Net Banking,Standard,3.8
3723,ORD104119,CUST2157,Ananya Verma,2025-01-16,Noida,North,Home & Kitchen,Bedsheet,2,986.51,0.15,1677.07,512.83,Credit Card,Express,4.3
3724,ORD100182,CUST1194,Rohan Patel,2025-03-08,Jaipur,North,Electronics,Headphones,2,1927.33,0.15,3276.46,878.79,Net Banking,Standard,4.5
3725,ORD103033,CUST1713,Sneha Agarwal,2025-01-30,Chandigarh,North,Home & Kitchen,Coffee Maker,3,3817.06,0.2,9160.94,1351.42,Credit Card,Same Day,4.5
3726,ORD102983,CUST1053,Kavya Srivastava,2025-11-01,Pune,West,Home & Kitchen,Coffee Maker,1,3519.03,0.15,2991.18,803.55,UPI,Express,3.4
3727,ORD101194,CUST1015,Ishaan Kumar,2025-03-23,Lucknow,North,Clothing,T-Shirt,5,744.4,0.15,3163.7,991.92,UPI,Express,3.8
3728,ORD102852,CUST1253,Ananya Verma,2025-06-18,Pune,West,Home & Kitchen,Cookware Set,1,2724.43,0.05,2588.21,412.15,Cash on Delivery,Express,4.5
3729,ORD103809,CUST1159,Aditya Joshi,2025-07-20,Ahmedabad,West,Sports,Running Shoes,5,2973.6,0.15,12637.8,2880.79,Cash on Delivery,Same Day,2.5
3730,ORD101121,CUST1172,Diya Gupta,2025-06-19,Chennai,South,Electronics,Headphones,1,2188.1,0.15,1859.88,592.21,UPI,Express,4.2
3731,ORD102235,CUST1463,Sneha Agarwal,2025-12-19,Lucknow,North,Electronics,Keyboard,1,1228.32,0.1,1105.49,142.22,Cash on Delivery,Express,3.9
3732,ORD102667,CUST2119,Meera Mishra,2025-04-25,Lucknow,North,Beauty,Sunscreen,5,751.51,0.0,3757.55,907.55,Net Banking,Express,4.1
3733,ORD103742,CUST1642,Rohan Patel,2025-09-07,Mumbai,West,Sports,Running Shoes,1,2915.43,0.2,2332.34,669.74,Debit Card,Same Day,4.8
3734,ORD103223,CUST1870,Meera Mishra,2025-02-10,Noida,North,Clothing,Sneakers,1,2872.13,0.15,2441.31,736.2,upi,Standard,4.0
3735,ORD101182,CUST1723,Kavya Srivastava,2025-08-23,Bengaluru,South,Sports,Football,5,1001.2,0.25,3754.5,1224.6,Debit Card,Same Day,3.9
3736,ORD104338,CUST1385,Meera Mishra,2025-11-17,Chennai,South,Home & Kitchen,Table Lamp,1,881.4,0.15,749.19,194.5,Net Banking,Standard,4.9
3737,ORD104510,CUST1315,Aarav Sharma,2025-12-18,Kolkata,East,Electronics,Wireless Mouse,1,750.64,0.2,600.51,113.91,UPI,Standard,3.6
3738,ORD100614,CUST1775,Arjun Singh,2025-08-18,Ahmedabad,West,Home & Kitchen,Table Lamp,4,950.7,0.05,3612.66,931.19,Cash on Delivery,Express,5.0
3739,ORD104928,CUST1551,Sneha Agarwal,2025-10-04,Hyderabad,South,Sports,Yoga Mat,5,895.66,0.1,4030.47,1143.27,Cash on Delivery,Express,4.3
3740,ORD101466,CUST1623,Aarav Sharma,2025-06-22,Pune,West,Beauty,Face Wash,5,364.63,0.0,1823.15,608.65,Debit Card,Express,4.0
3741,ORD100401,CUST1354,Sneha Agarwal,2025-02-20,Kolkata,East,Clothing,Hoodie,1,1591.29,0.15,1352.6,201.14,Credit Card,Express,3.5
3742,ORD103042,CUST1448,Ishaan Kumar,2025-02-20,Lucknow,North,Beauty,Perfume,1,1354.11,0.05,1286.4,149.15,Credit Card,Standard,2.9
3743,ORD100934,CUST2180,Meera Mishra,2025-07-03,Lucknow,North,Home & Kitchen,Cookware Set,1,2615.15,0.05,2484.39,524.08,Cash on Delivery,Same Day,3.2
3744,ORD102419,CUST1045,Rohan Patel,2025-08-17,Mumbai,West,Beauty,Sunscreen,1,750.13,0.15,637.61,83.64,UPI,Express,4.0
3745,ORD104074,CUST1815,Arjun Singh,2025-08-31,Bengaluru,South,Beauty,Sunscreen,2,675.33,0.0,1350.66,309.9,Net Banking,Standard,4.0
3746,ORD104533,CUST1410,Aditya Joshi,2025-11-21,Ahmedabad,West,Home & Kitchen,Cookware Set,3,2637.88,0.15,6726.59,1466.27,Credit Card,Same Day,3.6
3747,ORD102641,CUST1640,Rohan Patel,2025-10-04,Pune,West,Electronics,Headphones,2,2165.57,0.15,3681.47,664.5,UPI,Standard,4.9
3748,ORD104062,CUST1717,Arjun Singh,2025-03-04,Noida,North,Sports,Running Shoes,2,3109.42,0.0,6218.84,676.3,UPI,Express,3.3
3749,ORD100726,CUST1746,Meera Mishra,2025-09-02,Ahmedabad,West,Home & Kitchen,Bedsheet,2,958.72,0.05,1821.57,479.69,Credit Card,Standard,2.7
3750,ORD100826,CUST1587,Ananya Verma,2025-11-18,Lucknow,North,Books,Novel,30,506.93,0.15,12926.72,214.23,Net Banking,Same Day,4.5
3751,ORD101521,CUST1044,Kavya Srivastava,2025-08-18,Ahmedabad,West,Clothing,Jeans,1,1945.66,0.1,1751.09,452.38,UPI,Standard,3.9
3752,ORD104764,CUST1968,Aarav Sharma,2025-10-08,Jaipur,North,Electronics,Headphones,2,2161.35,0.15,3674.29,1142.6,Net Banking,Express,5.0
3753,ORD102930,CUST1007,Karan Mehta,2025-09-28,Ahmedabad,West,Clothing,Jeans,1,1728.66,0.1,1555.79,484.05,Credit Card,Same Day,3.6
3754,ORD100136,CUST1788,Priya Saxena,2025-04-05,Bengaluru,South,Books,Data Science Book,1,914.46,0.1,823.01,127.33,Credit Card,Same Day,3.5
3755,ORD103590,CUST1407,Rohan Patel,2025-05-18,Jaipur,North,Home & Kitchen,Cookware Set,4,2269.26,0.15,7715.48,2330.62,Net Banking,Same Day,2.9
3756,ORD100628,CUST1971,Priya Saxena,2025-05-26,Bengaluru,South,Electronics,Smart Watch,2,3321.1,0.3,4649.54,731.9,Net Banking,Standard,5.0
3757,ORD100334,CUST1204,Diya Gupta,2025-04-15,Jaipur,North,Electronics,Keyboard,3,1361.14,0.05,3879.25,1039.06,Debit Card,Express,3.3
3758,ORD100390,CUST1019,Ishaan Kumar,2025-11-04,Ahmedabad,West,Home & Kitchen,Bedsheet,2,910.45,0.15,1547.77,300.48,Debit Card,Standard,5.0
3759,ORD104406,CUST1140,Meera Mishra,2025-03-06,Jaipur,North,Home & Kitchen,Cookware Set,2,2686.19,0.0,5372.38,1863.41,Credit Card,Same Day,4.0
3760,ORD104895,CUST1991,Aditi Malhotra,2025-11-21,Ahmedabad,West,Home & Kitchen,Bedsheet,1,920.85,0.0,920.85,276.0,UPI,Express,3.4
3761,ORD104135,CUST1874,Kavya Srivastava,2025-03-08,Pune,West,Home & Kitchen,Table Lamp,5,829.24,0.1,3731.58,757.5,UPI,Standard,4.8
3762,ORD101817,CUST1389,Ishaan Kumar,2025-01-28,Chandigarh,North,Clothing,Sneakers,4,2761.29,0.05,10492.9,3088.7,Credit Card,Express,3.7
3763,ORD100400,CUST2002,Diya Gupta,2025-05-10,Kolkata,East,Beauty,Sunscreen,1,630.92,0.05,599.37,109.48,Debit Card,Same Day,3.9
3764,ORD100710,CUST1798,Meera Mishra,2025-10-28,Lucknow,North,Books,Novel,1,458.8,0.0,458.8,132.89,UPI,Express,3.8
3765,ORD101039,CUST1252,Meera Mishra,2025-07-26,Delhi,North,Home & Kitchen,Bedsheet,1,1033.33,0.05,981.66,302.35,Credit Card,Express,3.8
3766,ORD104034,CUST1952,Arjun Singh,2025-11-02,Hyderabad,South,Sports,Running Shoes,4,2963.15,0.2,9482.08,2955.91,Credit Card,Same Day,4.4
3767,ORD103359,CUST1035,Kavya Srivastava,2025-09-23,Jaipur,North,Electronics,Keyboard,4,1209.35,0.05,4595.53,731.86,Debit Card,Same Day,5.0
3768,ORD100046,CUST2153,Arjun Singh,2025-04-09,Ahmedabad,West,Beauty,Sunscreen,3,680.01,0.05,1938.03,270.17,UPI,Same Day,3.3
3769,ORD101561,CUST1529,Aarav Sharma,2025-03-29,Noida,North,Home & Kitchen,Bedsheet,3,1032.18,0.0,3096.54,862.2,Cash on Delivery,Express,4.4
3770,ORD104819,CUST2052,Diya Gupta,2025-02-10,Pune,West,Beauty,Perfume,1,1275.37,0.2,1020.3,112.53,Cash on Delivery,Same Day,4.2
3771,ORD103642,CUST1858,Ananya Verma,2025-12-08,Delhi,North,Electronics,Keyboard,1,1257.52,0.15,1068.89,273.99,Cash on Delivery,Same Day,4.5
3772,ORD103726,CUST2054,Arjun Singh,2025-01-22,Jaipur,North,Electronics,Keyboard,5,1340.68,0.0,6703.4,1039.61,Cash on Delivery,Express,4.3
3773,ORD104863,CUST1676,Ananya Verma,2025-08-20,Ahmedabad,West,Home & Kitchen,Cookware Set,4,2694.95,0.15,9162.83,2104.35,Net Banking,Same Day,2.9
3774,ORD101112,CUST1845,Ishaan Kumar,2025-06-21,Pune,West,Books,Programming Book,2,1258.65,0.25,1887.98,368.15,Net Banking,Express,4.3
3775,ORD102513,CUST1513,Aarav Sharma,2025-06-01,Lucknow,North,Home & Kitchen,Coffee Maker,1,3678.69,0.1,3310.82,963.15,Debit Card,Standard,4.3
3776,ORD103608,CUST1583,Ananya Verma,2025-09-11,Chennai,South,Books,Novel,4,514.69,0.2,1647.01,387.67,UPI,Same Day,3.6
3777,ORD101223,CUST1890,Priya Saxena,2025-01-10,Mumbai,West,Clothing,Sneakers,1,2702.29,0.1,2432.06,780.85,Net Banking,Same Day,3.7
3778,ORD104877,CUST1948,Kavya Srivastava,2025-10-08,Chandigarh,North,Beauty,Sunscreen,2,677.33,0.2,1083.73,285.66,UPI,Same Day,3.2
3779,ORD103023,CUST1303,Meera Mishra,2025-07-15,Mumbai,West,Electronics,Wireless Mouse,2,836.63,0.1,1505.93,316.99,Debit Card,Express,3.5
3780,ORD102421,CUST1722,Kavya Srivastava,2025-06-29,Noida,North,Home & Kitchen,Table Lamp,1,826.49,0.15,702.52,181.5,Cash on Delivery,Same Day,5.0
3781,ORD101508,CUST2067,Kavya Srivastava,2025-11-12,Delhi,North,Books,Data Science Book,1,918.63,0.0,918.63,189.21,Debit Card,Express,4.9
3782,ORD101750,CUST1417,Diya Gupta,2025-10-30,Jaipur,North,Electronics,Headphones,2,2088.22,0.2,3341.15,1014.78,UPI,Same Day,3.5
3783,ORD104857,CUST1261,Diya Gupta,2025-03-24,Mumbai,West,Clothing,Hoodie,3,1529.9,0.05,4360.22,1035.94,Credit Card,Express,4.5
3784,ORD104114,CUST1036,Rohan Patel,2025-02-05,Pune,West,Clothing,T-Shirt,1,655.23,0.15,556.95,176.01,Cash on Delivery,Express,5.0
3785,ORD101799,CUST1900,Sneha Agarwal,2025-11-17,Ahmedabad,West,Home & Kitchen,Bedsheet,1,908.03,0.15,771.83,105.58,Net Banking,Express,5.0
3786,ORD100338,CUST1620,Meera Mishra,2025-07-03,Mumbai,West,Sports,Football,1,1097.08,0.0,1097.08,262.34,Net Banking,Same Day,3.3
3787,ORD100215,CUST1499,Aditi Malhotra,2025-05-08,Lucknow,North,Home & Kitchen,Cookware Set,2,2681.48,0.0,5362.96,1067.81,Net Banking,Standard,2.9
3788,ORD103663,CUST1773,Karan Mehta,2025-04-02,Chandigarh,North,Books,Novel,1,480.99,0.1,432.89,104.58,Cash on Delivery,Express,3.4
3789,ORD101341,CUST1053,Aditya Joshi,2025-03-09,Chennai,South,Clothing,Hoodie,2,1554.81,0.05,2954.14,903.45,UPI,Standard,3.2
3790,ORD100011,CUST1199,Kavya Srivastava,2025-07-02,Delhi,North,Beauty,Face Wash,5,371.25,0.15,1577.81,333.77,COD,Standard,3.9
3791,ORD101520,CUST1678,Meera Mishra,2025-04-01,Hyderabad,South,Beauty,Face Wash,2,370.74,0.0,741.48,121.64,Cash on Delivery,Same Day,3.5
3792,ORD103640,CUST1206,Karan Mehta,2025-04-14,Chandigarh,North,Sports,Running Shoes,1,2727.67,0.15,2318.52,662.17,Credit Card,Same Day,4.8
3793,ORD104390,CUST1154,Ananya Verma,2025-11-11,Kolkata,East,Clothing,Sneakers,4,3160.05,0.0,12640.2,1679.55,Debit Card,Standard,3.2
3794,ORD104368,CUST1734,Aditi Malhotra,2025-06-29,Jaipur,North,Sports,Football,2,920.65,0.15,1565.11,513.69,Net Banking,Standard,5.0
3795,ORD103004,CUST1399,Meera Mishra,2025-10-02,Hyderabad,South,Beauty,Perfume,3,1406.44,0.05,4008.35,730.24,Net Banking,Express,4.1
3796,ORD102864,CUST1372,Karan Mehta,2025-03-21,Chandigarh,North,Electronics,Headphones,2,1956.66,0.0,3913.32,412.92,Cash on Delivery,Same Day,4.2
3797,ORD103115,CUST1842,Aditi Malhotra,2025-08-23,Jaipur,North,Electronics,Wireless Mouse,4,845.92,0.0,3383.68,375.51,Credit Card,Same Day,4.1
3798,ORD104860,CUST1133,Priya Saxena,2025-12-15,Ahmedabad,West,Home & Kitchen,Cookware Set,1,2568.42,0.05,2440.0,683.96,UPI,Express,5.0
3799,ORD102322,CUST1817,Priya Saxena,2025-09-26,Mumbai,West,Sports,Yoga Mat,2,937.0,0.0,1874.0,600.18,Cash on Delivery,Same Day,3.3
3800,ORD102571,CUST1634,Ishaan Kumar,2025-01-28,Lucknow,North,Books,Novel,5,546.28,0.15,2321.69,782.55,Cash on Delivery,Express,4.4
3801,ORD102913,CUST1331,Rohan Patel,2025-11-28,Pune,West,Books,Data Science Book,1,816.84,0.0,816.84,181.82,Debit Card,Express,4.2
3802,ORD100101,CUST1498,Meera Mishra,2025-08-02,Noida,North,Home & Kitchen,Table Lamp,2,831.92,0.2,1331.07,426.07,UPI,Express,3.9
3803,ORD103549,CUST1624,Ishaan Kumar,2025-06-29,Mumbai,West,Clothing,Jeans,3,1679.39,0.0,5038.17,1291.71,Net Banking,Express,4.3
3804,ORD101458,CUST1760,Rahul Tiwari,2025-07-13,Kolkata,East,Sports,Football,5,1062.89,0.15,4517.28,891.97,Cash on Delivery,Standard,4.0
3805,ORD100171,CUST2061,Aditya Joshi,2025-12-22,Ahmedabad,West,Clothing,T-Shirt,2,640.39,0.15,1088.66,346.03,Credit Card,Express,4.3
3806,ORD100107,CUST1934,Karan Mehta,2025-09-24,Kolkata,East,Electronics,Keyboard,3,1372.51,0.1,3705.78,467.5,Cash on Delivery,Same Day,3.4
3807,ORD104214,CUST1685,Diya Gupta,2025-04-15,Kolkata,East,Home & Kitchen,Coffee Maker,1,3548.32,0.25,2661.24,344.73,Credit Card,Same Day,3.5
3808,ORD103569,CUST1562,Meera Mishra,2025-12-05,Mumbai,West,Electronics,Wireless Mouse,1,763.42,0.1,687.08,76.43,Net Banking,Standard,3.6
3810,ORD104314,CUST1873,Diya Gupta,2025-07-06,Delhi,North,Electronics,Keyboard,3,1405.37,0.1,3794.5,1045.06,Net Banking,Express,4.9
3811,ORD100024,CUST1863,Karan Mehta,2025-10-31,Delhi,North,Electronics,Wireless Mouse,1,743.59,0.0,743.59,185.78,UPI,Standard,3.4
3812,ORD103905,CUST2027,Arjun Singh,2025-10-23,Chandigarh,North,Books,Data Science Book,1,873.37,0.1,786.03,177.29,Cash on Delivery,Same Day,4.6
3813,ORD104140,CUST1204,Kavya Srivastava,2025-08-05,Chennai,South,Home & Kitchen,Bedsheet,1,951.66,0.1,856.49,187.91,Credit Card,Same Day,3.2
3814,ORD100938,CUST1737,Meera Mishra,2025-05-23,Delhi,North,Beauty,Perfume,1,1180.93,0.05,1121.88,381.87,Credit Card,Same Day,4.0
3815,ORD100060,CUST1421,Meera Mishra,2025-06-02,Lucknow,North,Sports,Running Shoes,1,2983.48,0.05,2834.31,689.06,Debit Card,Same Day,3.8
3816,ORD101240,CUST1231,Rahul Tiwari,2025-10-25,Noida,North,Books,Novel,1,497.65,0.15,423.0,92.7,Credit Card,Standard,4.9
3817,ORD104657,CUST2078,Sneha Agarwal,2025-12-28,Chandigarh,North,Home & Kitchen,Cookware Set,1,2744.85,0.1,2470.36,473.72,Cash on Delivery,Express,4.2
3818,ORD101040,CUST1887,Arjun Singh,2025-01-19,Lucknow,North,Electronics,Smart Watch,1,3781.66,0.2,3025.33,913.34,Debit Card,Express,3.3
3819,ORD104205,CUST1396,Karan Mehta,2025-11-18,Chennai,South,Clothing,T-Shirt,1,677.76,0.1,609.98,117.62,Debit Card,Standard,3.5
3820,ORD102760,CUST1745,Diya Gupta,2025-11-15,Jaipur,North,Beauty,Sunscreen,4,759.98,0.05,2887.92,946.71,Credit Card,Same Day,4.2
3821,ORD102120,CUST2109,Rohan Patel,2025-08-16,Noida,North,Beauty,Sunscreen,1,745.29,0.0,745.29,217.15,Net Banking,Express,2.4
3822,ORD101524,CUST1840,Karan Mehta,2025-07-06,Lucknow,North,Home & Kitchen,Cookware Set,3,2686.82,0.1,7254.41,1632.62,Cash on Delivery,Standard,3.4
3823,ORD103521,CUST1639,Arjun Singh,2025-10-10,Bengaluru,South,Clothing,Jeans,2,1974.63,0.25,2961.95,744.74,Net Banking,Standard,3.9
3824,ORD100153,CUST1361,Sneha Agarwal,2025-01-22,Noida,North,Beauty,Sunscreen,2,659.18,0.1,1186.52,176.64,UPI,Standard,3.3
3825,ORD102248,CUST1851,Karan Mehta,2025-08-18,Jaipur,North,Clothing,Hoodie,3,1609.74,0.1,4346.3,536.91,Cash on Delivery,Express,4.1
3826,ORD100481,CUST1198,Aditya Joshi,2025-12-13,Hyderabad,South,Electronics,Wireless Mouse,1,770.9,0.1,693.81,114.03,Cash on Delivery,Express,2.7
3827,ORD104251,CUST1976,Rahul Tiwari,2025-10-04,Hyderabad,South,Home & Kitchen,Bedsheet,2,1080.94,0.1,1945.69,308.94,Debit Card,Same Day,3.6
3828,ORD104324,CUST1046,Aarav Sharma,2025-06-05,Jaipur,North,Books,Novel,2,527.28,0.1,949.1,244.53,Debit Card,Same Day,3.5
3829,ORD103578,CUST1788,Kavya Srivastava,2025-02-11,Bengaluru,South,Clothing,Sneakers,3,2760.52,0.25,6211.17,1672.23,Cash on Delivery,Same Day,3.1
3830,ORD104336,CUST1672,Aditya Joshi,2025-12-24,Hyderabad,South,Beauty,Perfume,1,1384.33,0.15,1176.68,269.36,Debit Card,Express,3.8
3831,ORD103562,CUST1978,Aarav Sharma,2025-06-05,Delhi,North,Beauty,Sunscreen,1,690.6,0.2,552.48,177.52,Credit Card,Same Day,3.1
3832,ORD103315,CUST1158,Arjun Singh,2025-02-21,Jaipur,North,Beauty,Sunscreen,5,647.64,0.2,2590.56,595.85,COD,Same Day,3.7
3833,ORD101762,CUST1032,Arjun Singh,2025-12-22,Chandigarh,North,Home & Kitchen,Cookware Set,2,2374.61,0.15,4036.84,914.58,Net Banking,Express,3.5
3834,ORD103538,CUST1780,Sneha Agarwal,2025-06-01,Kolkata,East,Beauty,Face Wash,1,408.32,0.1,367.49,67.34,Debit Card,Standard,2.5
3835,ORD104823,CUST2140,Meera Mishra,2025-04-28,Ahmedabad,West,Beauty,Perfume,4,1226.69,0.1,4416.08,532.8,UPI,Express,2.7
3836,ORD100750,CUST1946,Arjun Singh,2025-02-18,Chennai,South,Home & Kitchen,Bedsheet,3,1074.6,0.2,2579.04,819.55,Cash on Delivery,Standard,4.6
3837,ORD103619,CUST2172,Karan Mehta,2025-08-27,Ahmedabad,West,Electronics,Smart Watch,1,3562.57,0.0,3562.57,742.54,UPI,Express,4.0
3838,ORD101785,CUST1880,Aditya Joshi,2025-09-09,Jaipur,North,Electronics,Smart Watch,5,3753.21,0.05,17827.75,3831.42,UPI,Standard,3.7
3839,ORD104289,CUST1009,Priya Saxena,2025-08-05,Jaipur,North,Sports,Yoga Mat,2,812.15,0.2,1299.44,317.95,Cash on Delivery,Same Day,2.7
3840,ORD103383,CUST1618,Aditi Malhotra,2025-02-26,Chennai,South,Beauty,Sunscreen,2,732.47,0.1,1318.45,349.87,UPI,Standard,3.8
3841,ORD104350,CUST1833,Arjun Singh,2025-09-08,Hyderabad,South,Clothing,Sneakers,5,3142.19,0.15,13354.31,3235.68,UPI,Same Day,3.3
3842,ORD100405,CUST1005,Ananya Verma,2025-02-07,Ahmedabad,West,Clothing,Jeans,1,1730.19,0.1,1557.17,172.45,UPI,Same Day,3.5
3843,ORD100757,CUST1140,Aditya Joshi,2025-01-26,Hyderabad,South,Books,Data Science Book,5,963.04,0.05,4574.44,495.25,Cash on Delivery,Standard,3.0
3844,ORD102711,CUST1655,Aarav Sharma,2025-07-09,Chandigarh,North,Clothing,Hoodie,1,1633.38,0.1,1470.04,474.97,UPI,Express,3.4
3845,ORD102670,CUST1877,Aditya Joshi,2025-08-03,Noida,North,Clothing,Hoodie,5,1415.67,0.15,6016.6,1086.2,Net Banking,Standard,3.6
3846,ORD104028,CUST1519,Rohan Patel,2025-01-09,Delhi,North,Electronics,Wireless Mouse,2,723.46,0.0,1446.92,432.64,Cash on Delivery,Express,3.1
3847,ORD100097,CUST1095,Kavya Srivastava,2025-12-02,Bengaluru,South,Clothing,Hoodie,1,1485.35,0.1,1336.82,462.76,Cash on Delivery,Same Day,4.6
3848,ORD101333,CUST1007,Rahul Tiwari,2025-06-21,Delhi,North,Books,Data Science Book,2,917.85,0.2,1468.56,457.87,Cash on Delivery,Express,3.8
3849,ORD104470,CUST1136,Ishaan Kumar,2025-11-17,Jaipur,North,Home & Kitchen,Bedsheet,1,942.32,0.0,942.32,293.64,Net Banking,Standard,2.7
3850,ORD102791,CUST1902,Arjun Singh,2025-11-16,Bengaluru,South,Home & Kitchen,Bedsheet,4,1009.51,0.0,4038.04,1150.05,Debit Card,Same Day,3.5
3851,ORD102854,CUST1195,Ananya Verma,2025-04-24,Hyderabad,South,Home & Kitchen,Bedsheet,1,920.95,0.0,920.95,206.22,Debit Card,Standard,4.5
3852,ORD100186,CUST1361,Ishaan Kumar,2025-06-06,Ahmedabad,West,Beauty,Face Wash,5,410.01,0.2,1640.04,422.75,Debit Card,Express,4.7
3853,ORD104048,CUST1802,Sneha Agarwal,2025-05-15,Chennai,South,Sports,Running Shoes,2,2948.3,0.15,5012.11,1183.95,Net Banking,Standard,3.0
3854,ORD102723,CUST1430,Diya Gupta,2025-10-03,Kolkata,East,Beauty,Perfume,1,1175.45,0.0,1175.45,184.46,Net Banking,Same Day,3.3
3855,ORD103583,CUST1808,Rohan Patel,2025-01-29,Pune,West,Beauty,Face Wash,1,388.91,0.15,330.57,54.4,Cash on Delivery,Express,5.0
3856,ORD102058,CUST1109,Sneha Agarwal,2025-08-12,Delhi,North,Home & Kitchen,Table Lamp,1,914.24,0.1,822.82,181.89,Debit Card,Same Day,3.8
3857,ORD101319,CUST1768,Ananya Verma,2025-06-07,Pune,West,Beauty,Perfume,1,1346.78,0.1,1212.1,415.77,Net Banking,Express,3.3
3858,ORD104216,CUST1386,Ishaan Kumar,2025-04-16,Mumbai,West,Clothing,Hoodie,2,1514.65,0.0,3029.3,370.21,UPI,Same Day,4.7
3859,ORD100148,CUST2143,Aditi Malhotra,2025-08-27,Delhi,North,Beauty,Sunscreen,5,691.83,0.1,3113.24,992.41,Net Banking,Same Day,3.0
3860,ORD100028,CUST2008,Ananya Verma,2025-12-04,Bengaluru,South,Home & Kitchen,Bedsheet,5,904.07,0.1,4068.32,1051.64,Cash on Delivery,Standard,4.2
3861,ORD104428,CUST1843,Aditya Joshi,2025-04-04,Delhi,North,Home & Kitchen,Table Lamp,1,880.89,0.2,704.71,154.76,Debit Card,Standard,3.9
3862,ORD104054,CUST1640,Diya Gupta,2025-10-18,Mumbai,West,Beauty,Face Wash,2,438.06,0.05,832.31,285.08,Net Banking,Express,3.7
3863,ORD103363,CUST1990,Sneha Agarwal,2025-10-07,Ahmedabad,West,Books,Programming Book,3,1317.45,0.15,3359.5,532.41,Cash on Delivery,Same Day,4.1
3864,ORD100692,CUST1310,Aditi Malhotra,2025-04-21,Chennai,South,Clothing,Jeans,4,1738.87,0.15,5912.16,811.85,Credit Card,Express,2.9
3865,ORD102866,CUST1773,Aarav Sharma,2025-10-19,Bengaluru,South,Beauty,Face Wash,2,359.7,0.15,611.49,121.28,Cash on Delivery,Same Day,3.1
3867,ORD101386,CUST1189,Aditi Malhotra,2025-11-25,Kolkata,East,Sports,Football,3,1009.07,0.15,2573.13,306.97,Debit Card,Standard,2.0
3868,ORD101845,CUST2014,Meera Mishra,2025-04-14,Kolkata,East,Electronics,Wireless Mouse,3,730.17,0.1,1971.46,558.03,Credit Card,Standard,3.5
3869,ORD104750,CUST1624,Ananya Verma,2025-04-15,Kolkata,East,Electronics,Headphones,1,1938.57,0.25,1453.93,413.02,Debit Card,Express,3.8
3870,ORD100129,CUST1389,Sneha Agarwal,2025-05-29,Hyderabad,South,Home & Kitchen,Coffee Maker,3,3457.05,0.0,10371.15,1274.94,UPI,Express,4.5
3871,ORD101599,CUST1886,Meera Mishra,2025-02-28,Chennai,South,Home & Kitchen,Cookware Set,5,2620.47,0.0,13102.35,2534.37,UPI,Standard,4.1
3872,ORD103629,CUST2005,Ananya Verma,2025-08-15,Delhi,North,Clothing,Sneakers,2,3047.68,0.2,4876.29,1361.16,Cash on Delivery,Express,4.0
3873,ORD104522,CUST1170,Rohan Patel,2025-10-02,Mumbai,West,Sports,Running Shoes,2,2861.98,0.1,5151.56,717.78,Credit Card,Standard,4.3
3874,ORD100701,CUST2167,Kavya Srivastava,2025-01-22,Ahmedabad,West,Books,Novel,1,479.41,0.1,431.47,62.54,UPI,Standard,3.2
3876,ORD103028,CUST2199,Aditya Joshi,2025-07-19,Delhi,North,Clothing,Hoodie,1,1375.6,0.05,1306.82,231.67,Net Banking,Express,4.0
3877,ORD102969,CUST1762,Ishaan Kumar,2025-07-17,Bengaluru,South,Books,Data Science Book,5,951.56,0.1,4282.02,915.94,UPI,Standard,3.6
3878,ORD104375,CUST1480,Rahul Tiwari,2025-04-25,Ahmedabad,West,Sports,Running Shoes,5,3078.79,0.05,14624.25,2000.25,Net Banking,Express,3.7
3879,ORD101708,CUST1444,Aarav Sharma,2025-02-04,Bengaluru,South,Clothing,Jeans,2,1806.75,0.0,3613.5,1059.74,Debit Card,Express,4.4
3880,ORD102953,CUST2149,Sneha Agarwal,2025-06-01,Chandigarh,North,Sports,Football,2,1045.73,0.1,1882.31,253.44,Debit Card,Express,4.8
3882,ORD102868,CUST2013,Priya Saxena,2025-09-08,Hyderabad,South,Clothing,Jeans,2,1949.92,0.05,3704.85,383.59,Debit Card,Same Day,4.4
3883,ORD102040,CUST1158,Priya Saxena,2025-08-23,Hyderabad,South,Clothing,Sneakers,1,3233.69,0.15,2748.64,718.88,Debit Card,Standard,4.3
3884,ORD101772,CUST1642,Ishaan Kumar,2025-08-30,Chennai,South,Home & Kitchen,Table Lamp,1,941.24,0.0,941.24,194.72,Credit Card,Same Day,4.4
3885,ORD102315,CUST1480,Ishaan Kumar,2025-07-06,Jaipur,North,Electronics,Wireless Mouse,3,822.74,0.0,2468.22,808.5,Credit Card,Standard,3.8
3886,ORD100609,CUST1814,Sneha Agarwal,2025-03-24,Noida,North,Books,Data Science Book,1,859.54,0.1,773.59,129.33,Credit Card,Express,3.1
3887,ORD100167,CUST2092,Kavya Srivastava,2025-06-25,Ahmedabad,West,Home & Kitchen,Coffee Maker,2,3544.06,0.3,4961.68,1249.37,Net Banking,Express,3.8
3888,ORD100730,CUST1444,Priya Saxena,2025-08-24,Lucknow,North,Home & Kitchen,Table Lamp,1,941.15,0.15,799.98,146.42,Debit Card,Same Day,4.0
3889,ORD104267,CUST2018,Karan Mehta,2025-05-17,Pune,West,Electronics,Headphones,1,1883.62,0.2,1506.9,240.31,Cash on Delivery,Standard,5.0
3890,ORD103358,CUST1395,Sneha Agarwal,2025-09-22,Pune,West,Clothing,Jeans,1,1924.47,0.0,1924.47,233.16,Debit Card,Express,4.7
3891,ORD102074,CUST2114,Ishaan Kumar,2025-09-02,Pune,West,Clothing,T-Shirt,1,718.7,0.05,682.76,188.62,Net Banking,Same Day,3.6
3892,ORD104084,CUST1923,Diya Gupta,2025-06-01,Chennai,South,Sports,Running Shoes,2,3208.35,0.1,5775.03,1180.35,Debit Card,Same Day,5.0
3893,ORD103700,CUST1221,Rahul Tiwari,2025-07-16,Noida,North,Electronics,Smart Watch,1,3606.69,0.2,2885.35,839.42,Debit Card,Express,4.2
3894,ORD101622,CUST2043,Sneha Agarwal,2025-12-27,Chandigarh,North,Sports,Football,5,951.19,0.05,4518.15,651.62,Debit Card,Express,3.8
3895,ORD100587,CUST1069,Meera Mishra,2025-07-26,Chennai,South,Home & Kitchen,Cookware Set,2,2345.96,0.05,4457.32,1103.6,Credit Card,Standard,4.4
3896,ORD101401,CUST2097,Priya Saxena,2025-10-17,Delhi,North,Books,Data Science Book,1,823.22,0.1,740.9,193.58,UPI,Express,5.0
3897,ORD103045,CUST1760,Rohan Patel,2025-03-09,Chandigarh,North,Sports,Yoga Mat,3,884.88,0.25,1990.98,602.72,Net Banking,Standard,3.9
3898,ORD103224,CUST1432,Aditya Joshi,2025-04-13,Lucknow,North,Sports,Football,3,1030.34,0.0,3091.02,859.68,UPI,Express,3.0
3900,ORD103088,CUST1337,Priya Saxena,2025-12-10,Lucknow,North,Home & Kitchen,Table Lamp,2,834.91,0.0,1669.82,185.95,Net Banking,Standard,3.7
3901,ORD104409,CUST1040,Diya Gupta,2025-06-15,Noida,North,Home & Kitchen,Bedsheet,3,951.38,0.0,2854.14,928.38,Debit Card,Standard,3.5
3902,ORD102981,CUST2105,Diya Gupta,2025-03-24,Hyderabad,South,Home & Kitchen,Table Lamp,2,987.62,0.05,1876.48,393.3,Debit Card,Express,4.8
3903,ORD100040,CUST1663,Meera Mishra,2025-07-15,Bengaluru,South,Beauty,Perfume,2,1389.56,0.15,2362.25,711.27,Cash on Delivery,Express,3.5
3904,ORD101379,CUST1345,Kavya Srivastava,2025-03-22,Bengaluru,South,Home & Kitchen,Table Lamp,1,871.16,0.2,696.93,144.89,Cash on Delivery,Express,5.0
3905,ORD102089,CUST1914,Sneha Agarwal,2025-01-14,Bengaluru,South,Electronics,Smart Watch,2,3796.65,0.3,5315.31,700.32,Net Banking,Express,4.2
3906,ORD102175,CUST1601,Aditya Joshi,2025-01-23,Noida,North,Beauty,Perfume,3,1239.47,0.25,2788.81,791.57,Net Banking,Express,2.6
3907,ORD103217,CUST1517,Priya Saxena,2025-11-17,Kolkata,East,Electronics,Keyboard,1,1399.74,0.1,1259.77,210.06,Net Banking,Express,4.4
3908,ORD102885,CUST1748,Sneha Agarwal,2025-10-30,Pune,West,Beauty,Perfume,3,1200.71,0.1,3241.92,940.29,Cash on Delivery,Express,4.6
3910,ORD104094,CUST1088,Rohan Patel,2025-08-04,Bengaluru,South,Sports,Yoga Mat,2,981.54,0.1,1766.77,470.53,Credit Card,Same Day,4.2
3911,ORD103934,CUST1589,Arjun Singh,2025-06-05,Mumbai,West,Electronics,Smart Watch,3,3233.79,0.1,8731.23,2654.72,Credit Card,Same Day,3.7
3912,ORD102657,CUST1563,Kavya Srivastava,2025-06-28,Hyderabad,South,Clothing,Jeans,5,1849.34,0.25,6935.02,2045.98,Credit Card,Express,3.4
3913,ORD103180,CUST2159,Priya Saxena,2025-07-20,Delhi,North,Beauty,Perfume,1,1407.01,0.15,1195.96,239.77,Debit Card,Express,4.8
3914,ORD102076,CUST1820,Meera Mishra,2025-06-09,Chandigarh,North,Sports,Yoga Mat,1,824.85,0.3,577.39,93.06,UPI,Same Day,4.8
3915,ORD100441,CUST1193,Ananya Verma,2025-05-01,Mumbai,West,Home & Kitchen,Cookware Set,1,2484.48,0.1,2236.03,781.3,Credit Card,Same Day,5.0
3916,ORD104096,CUST1741,Kavya Srivastava,2025-04-29,Chennai,South,Home & Kitchen,Coffee Maker,3,3226.3,0.0,9678.9,2165.07,UPI,Express,2.6
3917,ORD102051,CUST1157,Aarav Sharma,2025-05-04,Chennai,South,Clothing,T-Shirt,4,664.68,0.2,2126.98,290.34,Cash on Delivery,Standard,4.1
3918,ORD102541,CUST1691,Meera Mishra,2025-12-15,Noida,North,Beauty,Face Wash,1,361.55,0.1,325.4,75.35,UPI,Same Day,4.2
3919,ORD103306,CUST1620,Rohan Patel,2025-03-03,Chennai,South,Beauty,Sunscreen,2,749.74,0.05,1424.51,491.77,Debit Card,Same Day,4.9
3920,ORD101301,CUST2136,Meera Mishra,2025-04-21,Pune,West,Sports,Running Shoes,1,2927.65,0.3,2049.36,521.97,Cash on Delivery,Standard,2.3
3921,ORD101781,CUST1330,Karan Mehta,2025-05-16,Hyderabad,South,Home & Kitchen,Cookware Set,1,2690.64,0.1,2421.58,604.47,Debit Card,Express,4.1
3922,ORD104834,CUST1992,Rahul Tiwari,2025-03-11,Mumbai,West,Clothing,T-Shirt,1,655.66,0.1,590.09,104.71,Debit Card,Same Day,2.1
3923,ORD103430,CUST1847,Sneha Agarwal,2025-10-11,Kolkata,East,Books,Data Science Book,2,891.52,0.0,1783.04,584.92,Credit Card,Same Day,4.3
3924,ORD101304,CUST1380,Rohan Patel,2025-04-02,Kolkata,East,Home & Kitchen,Table Lamp,3,964.12,0.1,2603.12,390.22,Cash on Delivery,Standard,3.1
3926,ORD102599,CUST2144,Sneha Agarwal,2025-05-18,Bengaluru,South,Sports,Football,2,1063.82,0.15,1808.49,472.44,UPI,Express,4.3
3927,ORD100520,CUST2057,Sneha Agarwal,2025-08-27,Noida,North,Home & Kitchen,Table Lamp,5,970.71,0.15,4125.52,543.94,Credit Card,Express,3.7
3928,ORD102573,CUST1340,Priya Saxena,2025-08-16,Noida,North,Electronics,Smart Watch,1,3522.52,0.15,2994.14,347.13,Debit Card,Same Day,3.7
3929,ORD103280,CUST2125,Kavya Srivastava,2025-07-29,Jaipur,North,Home & Kitchen,Table Lamp,5,939.25,0.1,4226.62,1167.77,Credit Card,Standard,3.3
3930,ORD103186,CUST1620,Arjun Singh,2025-05-18,Lucknow,North,Clothing,Jeans,4,1821.19,0.15,6192.05,1711.57,Cash on Delivery,Standard,4.0
3931,ORD102768,CUST1064,Rahul Tiwari,2025-10-18,Delhi,North,Beauty,Perfume,1,1276.26,0.15,1084.82,116.7,Net Banking,Standard,2.9
3932,ORD100735,CUST1670,Aditya Joshi,2025-02-20,Lucknow,North,Home & Kitchen,Table Lamp,3,952.55,0.1,2571.88,823.89,UPI,Express,4.4
3933,ORD104792,CUST1761,Priya Saxena,2025-11-30,Ahmedabad,West,Electronics,Wireless Mouse,4,769.39,0.0,3077.56,998.4,Net Banking,Same Day,4.6
3934,ORD104949,CUST1550,Diya Gupta,2025-05-07,Ahmedabad,West,Clothing,Sneakers,5,3062.81,0.15,13016.94,4448.26,UPI,Standard,3.0
3935,ORD102106,CUST1675,Karan Mehta,2025-06-08,Noida,North,Electronics,Headphones,5,1852.43,0.0,9262.15,2156.96,Net Banking,Standard,5.0
3936,ORD102679,CUST2137,Ishaan Kumar,2025-11-30,Noida,North,Electronics,Wireless Mouse,2,745.93,0.05,1417.27,354.97,Cash on Delivery,Same Day,4.1
3937,ORD103229,CUST1748,Rahul Tiwari,2025-02-05,Chennai,South,Beauty,Face Wash,2,397.25,0.1,715.05,93.46,Debit Card,Express,3.0
3938,ORD102761,CUST1379,Priya Saxena,2025-09-22,Jaipur,North,Clothing,Sneakers,1,3202.3,0.2,2561.84,447.6,Cash on Delivery,Standard,5.0
3939,ORD100592,CUST1486,Aarav Sharma,2025-12-04,Pune,West,Clothing,T-Shirt,4,705.28,0.1,2539.01,881.95,Net Banking,Same Day,4.0
3940,ORD101303,CUST2117,Aditi Malhotra,2025-07-12,Ahmedabad,West,Home & Kitchen,Table Lamp,4,840.47,0.1,3025.69,776.04,Cash on Delivery,Express,4.1
3941,ORD101387,CUST1670,Arjun Singh,2025-01-31,Mumbai,West,Electronics,Wireless Mouse,1,845.35,0.05,803.08,137.06,Credit Card,Same Day,3.7
3942,ORD104715,CUST1662,Ishaan Kumar,2025-04-13,Chandigarh,North,Sports,Yoga Mat,2,815.55,0.15,1386.43,168.73,Cash on Delivery,Express,3.2
3943,ORD104545,CUST2026,Kavya Srivastava,2025-05-27,Kolkata,East,Clothing,T-Shirt,1,704.08,0.0,704.08,202.89,UPI,Same Day,4.2
3944,ORD104793,CUST1945,Sneha Agarwal,2025-12-22,Lucknow,North,Home & Kitchen,Table Lamp,2,897.82,0.05,1705.86,502.04,UPI,Standard,3.1
3945,ORD101890,CUST1564,Ananya Verma,2025-07-05,Hyderabad,South,Electronics,Smart Watch,1,3285.88,0.05,3121.59,819.77,Credit Card,Same Day,4.3
3946,ORD102987,CUST1514,Rohan Patel,2025-08-24,Pune,West,Clothing,Jeans,2,1912.91,0.1,3443.24,940.38,Credit Card,Express,3.9
3947,ORD104944,CUST1274,Diya Gupta,2025-12-10,Chandigarh,North,Beauty,Perfume,2,1358.83,0.25,2038.24,542.85,UPI,Same Day,3.2
3948,ORD103297,CUST1280,Aditi Malhotra,2025-10-23,Kolkata,East,Books,Programming Book,4,1099.88,0.05,4179.54,667.41,Net Banking,Same Day,3.1
3949,ORD100904,CUST1587,Priya Saxena,2025-11-28,Pune,West,Clothing,Hoodie,2,1562.48,0.0,3124.96,1003.11,Net Banking,Express,3.9
3950,ORD104629,CUST2095,Aditya Joshi,2025-08-07,Chandigarh,North,Electronics,Wireless Mouse,3,731.73,0.15,1865.91,570.02,Net Banking,Standard,4.8
3951,ORD101279,CUST1620,Priya Saxena,2025-04-20,Mumbai,West,Electronics,Wireless Mouse,4,786.91,0.1,2832.88,489.71,Debit Card,Standard,3.5
3952,ORD100933,CUST2112,Ishaan Kumar,2025-10-06,Noida,North,Home & Kitchen,Cookware Set,1,2303.14,0.2,1842.51,526.85,Cash on Delivery,Express,4.1
3953,ORD104919,CUST1287,Priya Saxena,2025-02-14,Bengaluru,South,Clothing,T-Shirt,3,679.0,0.15,1731.45,436.44,Credit Card,Same Day,5.0
3954,ORD102308,CUST1883,Ananya Verma,2025-04-25,Chandigarh,North,Home & Kitchen,Bedsheet,3,978.55,0.0,2935.65,971.49,Credit Card,Express,3.9
3955,ORD101555,CUST1432,Rohan Patel,2025-09-09,Chandigarh,North,Books,Novel,1,514.32,0.1,462.89,158.09,Debit Card,Same Day,4.3
3956,ORD104552,CUST1415,Rohan Patel,2025-06-29,Jaipur,North,Electronics,Wireless Mouse,2,803.75,0.0,1607.5,335.02,Cash on Delivery,Same Day,3.5
3957,ORD103190,CUST1331,Priya Saxena,2025-01-02,Noida,North,Books,Novel,2,536.53,0.1,965.75,133.09,Credit Card,Express,3.2
3958,ORD104460,CUST1449,Kavya Srivastava,2025-04-29,Chennai,South,Books,Novel,1,465.2,0.05,441.94,60.01,UPI,Standard,3.5
3959,ORD100706,CUST1821,Kavya Srivastava,2025-08-28,Chennai,South,Books,Novel,1,532.16,0.1,478.94,151.93,Cash on Delivery,Express,4.1
3960,ORD104710,CUST1634,Aditi Malhotra,2025-10-24,Kolkata,East,Clothing,Hoodie,4,1571.12,0.0,6284.48,1783.89,Cash on Delivery,Express,5.0
3961,ORD103070,CUST1106,Sneha Agarwal,2025-07-29,Delhi,North,Electronics,Headphones,2,1978.75,0.1,3561.75,380.18,Net Banking,Same Day,3.7
3962,ORD100745,CUST1684,Aarav Sharma,2025-10-29,Jaipur,North,Electronics,Headphones,1,1933.65,0.15,1643.6,314.83,Debit Card,Express,4.7
3963,ORD103594,CUST1277,Karan Mehta,2025-06-10,Noida,North,Clothing,T-Shirt,5,681.47,0.25,2555.51,857.47,Net Banking,Express,5.0
3964,ORD101939,CUST1615,Meera Mishra,2025-01-23,Noida,North,Books,Programming Book,2,1295.63,0.1,2332.13,768.87,Cash on Delivery,Same Day,5.0
3965,ORD104419,CUST1396,Aditi Malhotra,2025-08-07,Bengaluru,South,Clothing,Sneakers,1,3075.19,0.1,2767.67,324.16,Credit Card,Same Day,4.1
3966,ORD102862,CUST1873,Ishaan Kumar,2025-07-10,Chennai,South,Clothing,Sneakers,1,2730.16,0.1,2457.14,344.48,Debit Card,Express,4.0
3967,ORD104041,CUST1470,Aditi Malhotra,2025-10-23,Noida,North,Clothing,T-Shirt,2,721.85,0.1,1299.33,266.51,Cash on Delivery,Standard,4.1
3969,ORD100081,CUST2083,Ishaan Kumar,2025-03-28,Kolkata,East,Books,Novel,1,534.21,0.05,507.5,159.02,Cash on Delivery,Express,3.8
3970,ORD104996,CUST2129,Arjun Singh,2025-06-27,Chandigarh,North,Books,Programming Book,2,1264.23,0.1,2275.61,493.38,UPI,Standard,3.7
3971,ORD101308,CUST1217,Kavya Srivastava,2025-05-06,Chennai,South,Beauty,Perfume,1,1349.92,0.15,1147.43,335.97,Cash on Delivery,Standard,3.5
3972,ORD104567,CUST1003,Aarav Sharma,2025-08-07,Noida,North,Books,Programming Book,2,1117.64,0.25,1676.46,394.55,Debit Card,Standard,3.2
3973,ORD100914,CUST1596,Diya Gupta,2025-06-28,Chandigarh,North,Clothing,T-Shirt,5,647.57,0.2,2590.28,613.13,Cash on Delivery,Same Day,4.5
3974,ORD103452,CUST1581,Kavya Srivastava,2025-06-16,Chennai,South,Electronics,Headphones,3,1915.69,0.15,4885.01,1457.5,Net Banking,Same Day,2.9
3975,ORD103695,CUST1516,Rohan Patel,2025-03-31,Chennai,South,Beauty,Perfume,1,1267.74,0.15,1077.58,289.1,Cash on Delivery,Express,3.5
3976,ORD104824,CUST1802,Kavya Srivastava,2025-03-31,Chandigarh,North,Beauty,Sunscreen,3,731.64,0.05,2085.17,338.11,Credit Card,Standard,3.5
3977,ORD103156,CUST1694,Aditi Malhotra,2025-08-19,Lucknow,North,Sports,Yoga Mat,1,886.65,0.0,886.65,136.38,Credit Card,Standard,3.7
3978,ORD102198,CUST1338,Aditi Malhotra,2025-02-22,Mumbai,West,Books,Data Science Book,2,981.6,0.2,1570.56,451.02,Credit Card,Express,3.9
3979,ORD104250,CUST1376,Ananya Verma,2025-03-25,Hyderabad,South,Clothing,T-Shirt,2,708.33,0.0,1416.66,437.32,Debit Card,Standard,4.3
3980,ORD100774,CUST1452,Arjun Singh,2025-04-01,Chandigarh,North,Books,Data Science Book,5,837.04,0.1,3766.68,1031.71,Debit Card,Express,3.2
3981,ORD100329,CUST1005,Sneha Agarwal,2025-04-17,Chennai,South,Clothing,Hoodie,1,1613.41,0.15,1371.4,410.99,UPI,Same Day,5.0
3982,ORD102054,CUST1612,Aditi Malhotra,2025-03-21,Jaipur,North,Clothing,Hoodie,4,1639.97,0.25,4919.91,1254.36,Debit Card,Express,4.0
3983,ORD102001,CUST1874,Aditya Joshi,2025-10-07,Kolkata,East,Home & Kitchen,Cookware Set,2,2460.83,0.1,4429.49,655.06,Debit Card,Express,3.3
3984,ORD100943,CUST1643,Karan Mehta,2025-01-28,Noida,North,Electronics,Headphones,2,1942.74,0.0,3885.48,1341.64,Cash on Delivery,Standard,4.3
3985,ORD100822,CUST1989,Rahul Tiwari,2025-01-07,Hyderabad,South,Electronics,Keyboard,2,1198.82,0.05,2277.76,318.81,UPI,Standard,4.5
3987,ORD100909,CUST1901,Sneha Agarwal,2025-01-29,Kolkata,East,Books,Data Science Book,1,972.33,0.15,826.48,176.93,UPI,Same Day,4.4
3988,ORD102516,CUST1106,Ishaan Kumar,2025-02-10,Ahmedabad,West,Clothing,Sneakers,5,2986.04,0.15,12690.67,2805.43,Cash on Delivery,Same Day,3.9
3989,ORD100181,CUST1745,Aditi Malhotra,2025-05-07,Noida,North,Books,Data Science Book,1,825.39,0.05,784.12,164.24,Net Banking,Express,3.8
3990,ORD100164,CUST1243,Rohan Patel,2025-01-10,Jaipur,North,Sports,Running Shoes,1,3145.03,0.2,2516.02,563.85,Debit Card,Standard,4.2
3991,ORD101523,CUST1072,Rahul Tiwari,2025-09-10,Noida,North,Clothing,Hoodie,4,1565.36,0.1,5635.3,1562.97,Cash on Delivery,Standard,5.0
3992,ORD100451,CUST2097,Aditya Joshi,2025-09-01,Chennai,South,Electronics,Smart Watch,2,3541.44,0.2,5666.3,1519.19,UPI,Standard,5.0
3993,ORD103983,CUST1909,Ananya Verma,2025-11-12,Noida,North,Clothing,Hoodie,2,1446.18,0.15,2458.51,292.54,Debit Card,Express,4.5
3994,ORD102538,CUST1381,Ananya Verma,2025-11-27,Bengaluru,South,Beauty,Perfume,2,1217.17,0.05,2312.62,709.12,UPI,Standard,4.6
3995,ORD104124,CUST1130,Aditi Malhotra,2025-01-09,Delhi,North,Beauty,Perfume,4,1209.48,0.15,4112.23,1424.61,UPI,Same Day,3.5
3996,ORD104795,CUST1931,Arjun Singh,2025-12-22,Pune,West,Books,Data Science Book,4,862.3,0.2,2759.36,513.6,Credit Card,Standard,4.6
3997,ORD101311,CUST1370,Karan Mehta,2025-11-27,Noida,North,Home & Kitchen,Cookware Set,1,2623.67,0.0,2623.67,577.46,Credit Card,Express,3.6
3999,ORD101111,CUST1799,Rahul Tiwari,2025-03-22,Jaipur,North,Books,Programming Book,5,1287.13,0.15,5470.3,1108.12,Credit Card,Standard,3.5
4000,ORD104566,CUST1293,Diya Gupta,2025-06-02,Delhi ,West,Sports,Running Shoes,5,3289.55,0.15,13980.59,3835.57,Cash on Delivery,Same Day,5.0
4001,ORD103874,CUST1841,Karan Mehta,2025-01-10,Kolkata,East,Clothing,Sneakers,4,2840.82,0.05,10795.12,3479.24,UPI,Standard,4.7
4002,ORD103489,CUST1768,Rohan Patel,2025-02-27,Noida,North,Electronics,Headphones,5,1988.43,0.15,8450.83,2764.9,Cash on Delivery,Same Day,3.8
4003,ORD101287,CUST1836,Meera Mishra,2025-05-16,Mumbai,West,Home & Kitchen,Coffee Maker,2,3770.94,0.1,6787.69,2112.99,Cash on Delivery,Standard,4.7
4004,ORD104195,CUST1638,Priya Saxena,2025-03-07,Hyderabad,South,Home & Kitchen,Table Lamp,2,860.08,0.1,1548.14,364.35,Net Banking,Standard,4.7
4005,ORD104665,CUST2039,Priya Saxena,2025-06-27,Jaipur,North,Beauty,Perfume,1,1200.68,0.15,1020.58,147.03,Debit Card,Same Day,3.7
4006,ORD103680,CUST1866,Aarav Sharma,2025-03-03,Hyderabad,South,Clothing,Hoodie,1,1494.06,0.05,1419.36,402.21,Net Banking,Same Day,4.7
4007,ORD104349,CUST1514,Diya Gupta,2025-09-05,Chennai,South,Sports,Football,3,1003.77,0.1,2710.18,636.4,Cash on Delivery,Express,4.3
4008,ORD104501,CUST2059,Diya Gupta,2025-07-06,Lucknow,North,Electronics,Wireless Mouse,1,878.06,0.1,790.25,133.22,UPI,Express,3.0
4009,ORD103300,CUST1720,Ananya Verma,2025-10-05,Chennai,South,Home & Kitchen,Coffee Maker,1,3501.05,0.0,3501.05,933.62,Cash on Delivery,Same Day,4.7
4010,ORD103310,CUST2134,Aditya Joshi,2025-09-17,Bengaluru,South,Clothing,Sneakers,2,2904.34,0.2,4646.94,1003.38,Net Banking,Same Day,5.0
4012,ORD103125,CUST1494,Diya Gupta,2025-05-29,Jaipur,North,Clothing,Sneakers,1,2815.74,0.25,2111.8,302.13,Cash on Delivery,Standard,4.2
4013,ORD100327,CUST1999,Karan Mehta,2025-04-16,Hyderabad,South,Clothing,Sneakers,1,2843.84,0.0,2843.84,637.42,Debit Card,Express,4.3
4014,ORD101790,CUST1608,Rahul Tiwari,2025-02-24,Delhi,North,Books,Data Science Book,5,983.11,0.1,4423.99,729.05,UPI,Same Day,4.3
4015,ORD102490,CUST1810,Sneha Agarwal,2025-09-17,Bengaluru,South,Beauty,Perfume,5,1256.43,0.0,6282.15,1442.01,Debit Card,Express,4.1
4016,ORD102006,CUST1012,Kavya Srivastava,2025-12-21,Hyderabad,South,Home & Kitchen,Table Lamp,1,933.88,0.1,840.49,148.66,Debit Card,Express,4.0
4017,ORD102007,CUST1202,Meera Mishra,2025-09-12,Delhi,North,Books,Programming Book,1,1287.6,0.2,1030.08,319.69,Net Banking,Same Day,3.4
4018,ORD101858,CUST1809,Diya Gupta,2025-08-27,Chandigarh,North,Beauty,Face Wash,3,367.32,0.1,991.76,258.48,Debit Card,Express,5.0
4019,ORD104705,CUST1094,Karan Mehta,2025-02-07,Ahmedabad,West,Books,Novel,1,529.67,0.1,476.7,121.56,Net Banking,Same Day,2.7
4020,ORD100312,CUST1936,Aditya Joshi,2025-01-20,Bengaluru,South,Beauty,Face Wash,4,434.14,0.25,1302.42,303.6,Net Banking,Express,3.6
4021,ORD100832,CUST1651,Diya Gupta,2025-08-30,Pune,West,Electronics,Headphones,2,2154.01,0.1,3877.22,1186.9,Credit Card,Express,4.3
4022,ORD103079,CUST2170,Diya Gupta,2025-01-11,Noida,North,Electronics,Keyboard,5,1357.47,0.05,6447.98,1194.33,UPI,Same Day,4.2
4023,ORD104853,CUST2000,Rohan Patel,2025-07-28,Chandigarh,North,Books,Data Science Book,3,833.61,0.1,2250.75,497.34,Debit Card,Standard,5.0
4024,ORD103462,CUST1311,Aditya Joshi,2025-10-23,Chennai,South,Clothing,Hoodie,2,1565.99,0.1,2818.78,471.4,Net Banking,Standard,3.3
4025,ORD101201,CUST2074,Karan Mehta,2025-09-22,Bengaluru,South,Beauty,Perfume,4,1207.04,0.2,3862.53,483.7,Cash on Delivery,Express,3.5
4026,ORD104410,CUST1523,Kavya Srivastava,2025-05-21,Pune,West,Electronics,Keyboard,4,1319.43,0.1,4749.95,556.22,Cash on Delivery,Same Day,4.1
4027,ORD103547,CUST1818,Meera Mishra,2025-03-02,Chennai,South,Clothing,Hoodie,1,1573.12,0.0,1573.12,266.2,UPI,Express,3.4
4028,ORD104038,CUST1486,Rohan Patel,2025-06-18,Hyderabad,South,Books,Data Science Book,1,827.27,0.25,620.45,103.73,Cash on Delivery,Same Day,3.5
4029,ORD102134,CUST1683,Ananya Verma,2025-12-13,Bengaluru,South,Clothing,T-Shirt,1,675.29,0.15,574.0,112.18,UPI,Same Day,3.7
4030,ORD103451,CUST1071,Arjun Singh,2025-05-26,Delhi,North,Beauty,Face Wash,4,426.09,0.25,1278.27,231.46,Credit Card,Standard,4.0
4031,ORD102209,CUST1007,Rohan Patel,2025-09-11,Bengaluru,South,Electronics,Headphones,2,1885.04,0.25,2827.56,983.06,Debit Card,Express,3.980060240963855
4032,ORD101901,CUST1334,Ishaan Kumar,2025-09-17,Lucknow,North,Clothing,T-Shirt,2,655.13,0.05,1244.75,177.28,Credit Card,Same Day,5.0
4033,ORD101481,CUST2064,Kavya Srivastava,2025-10-31,Chandigarh,North,Home & Kitchen,Cookware Set,4,2545.11,0.25,7635.33,1363.64,Cash on Delivery,Same Day,3.3
4034,ORD100777,CUST1511,Aarav Sharma,2025-11-02,Kolkata,East,Beauty,Sunscreen,1,708.21,0.15,601.98,86.88,UPI,Same Day,4.3
4035,ORD100799,CUST1141,Ishaan Kumar,2025-06-14,Delhi,North,Sports,Running Shoes,1,2820.79,0.2,2256.63,615.44,Cash on Delivery,Express,4.3
4036,ORD103714,CUST1608,Rahul Tiwari,2025-11-10,Hyderabad,South,Clothing,Hoodie,1,1375.65,0.15,1169.3,354.82,Debit Card,Same Day,3.2
4037,ORD103942,CUST2022,Ishaan Kumar,2025-09-23,Jaipur,North,Clothing,Hoodie,1,1454.93,0.1,1309.44,220.11,Credit Card,Standard,3.1
4038,ORD100054,CUST1538,Arjun Singh,2025-07-04,Delhi,North,Electronics,Headphones,3,2097.03,0.15,5347.43,1672.58,Net Banking,Same Day,3.4
4039,ORD102972,CUST1930,Diya Gupta,2025-07-08,Pune,West,Clothing,Jeans,3,1939.17,0.0,5817.51,1453.51,Net Banking,Standard,4.7
4040,ORD103335,CUST2131,Priya Saxena,2025-10-16,Hyderabad,South,Clothing,Hoodie,1,1369.09,0.0,1369.09,416.91,Cash on Delivery,Express,3.7
4041,ORD101920,CUST1079,Priya Saxena,2025-05-11,Mumbai,West,Books,Programming Book,1,1114.14,0.25,835.61,233.44,Credit Card,Same Day,5.0
4042,ORD103715,CUST1767,Rohan Patel,2025-05-21,Pune,West,Sports,Yoga Mat,1,852.44,0.1,767.2,210.51,Net Banking,Same Day,4.6
4043,ORD104666,CUST1915,Aditya Joshi,2025-08-30,Ahmedabad,West,Clothing,Sneakers,1,3288.0,0.15,2794.8,552.12,Debit Card,Express,5.0
4044,ORD100946,CUST1042,Aditi Malhotra,2025-04-20,Chennai,South,Sports,Running Shoes,3,3121.18,0.1,8427.19,2106.79,UPI,Same Day,3.8
4045,ORD101701,CUST1651,Priya Saxena,2025-08-16,Ahmedabad,West,Electronics,Smart Watch,5,3681.6,0.0,18408.0,3949.0,Debit Card,Standard,3.3
4047,ORD102161,CUST2043,Diya Gupta,2025-05-17,Jaipur,North,Clothing,Sneakers,1,2836.48,0.1,2552.83,256.04,UPI,Express,3.6
4048,ORD101136,CUST1945,Karan Mehta,2025-08-14,Jaipur,North,Electronics,Headphones,5,2139.42,0.1,9627.39,3273.36,Net Banking,Express,4.4
4049,ORD100987,CUST1259,Sneha Agarwal,2025-03-12,Chennai,South,Electronics,Keyboard,1,1217.16,0.1,1095.44,110.85,Cash on Delivery,Standard,4.4
4050,ORD102549,CUST1455,Arjun Singh,2025-10-25,Hyderabad,South,Clothing,Jeans,1,1789.61,0.0,1789.61,340.71,UPI,Same Day,4.2
4051,ORD100193,CUST2080,Diya Gupta,2025-02-17,Bengaluru,South,Electronics,Smart Watch,1,3456.19,0.05,3283.38,631.45,Debit Card,Same Day,3.5
4052,ORD103057,CUST1583,Diya Gupta,2025-11-02,Hyderabad,South,Sports,Running Shoes,1,3252.1,0.15,2764.28,609.74,Cash on Delivery,Express,3.8
4053,ORD103246,CUST1854,Ishaan Kumar,2025-05-17,Chandigarh,North,Clothing,Hoodie,3,1355.61,0.05,3863.49,700.13,Cash on Delivery,Same Day,3.7
4054,ORD101394,CUST1642,Diya Gupta,2025-01-25,Chennai,South,Clothing,T-Shirt,2,684.68,0.25,1027.02,231.51,Debit Card,Express,4.3
4055,ORD102637,CUST1374,Kavya Srivastava,2025-12-03,Bengaluru,South,Clothing,Jeans,2,1978.1,0.05,3758.39,575.1,Cash on Delivery,Express,5.0
4056,ORD100768,CUST1794,Aditi Malhotra,2025-08-08,Chandigarh,North,Beauty,Sunscreen,3,693.44,0.05,1976.3,542.76,Credit Card,Express,4.1
4057,ORD104722,CUST1215,Rohan Patel,2025-03-30,Ahmedabad,West,Home & Kitchen,Cookware Set,2,2305.41,0.15,3919.2,825.41,Net Banking,Same Day,4.1
4058,ORD103090,CUST1602,Priya Saxena,2025-05-08,Ahmedabad,West,Home & Kitchen,Cookware Set,1,2321.03,0.05,2204.98,638.43,Net Banking,Same Day,3.0
4059,ORD103495,CUST1626,Aditya Joshi,2025-07-03,Delhi,North,Books,Data Science Book,4,965.43,0.1,3475.55,477.68,Cash on Delivery,Same Day,5.0
4060,ORD103215,CUST2010,Priya Saxena,2025-11-25,Chandigarh,North,Sports,Yoga Mat,3,816.23,0.15,2081.39,548.8,Net Banking,Same Day,2.5
4061,ORD100285,CUST1257,Ishaan Kumar,2025-04-17,Mumbai,West,Electronics,Keyboard,1,1421.64,0.15,1208.39,305.28,Cash on Delivery,Standard,3.6
4062,ORD104958,CUST1193,Aditi Malhotra,2025-03-01,Jaipur,North,Books,Data Science Book,2,958.96,0.1,1726.13,354.06,UPI,Standard,3.9
4063,ORD100428,CUST1122,Karan Mehta,2025-04-07,Chandigarh,North,Books,Novel,1,467.85,0.0,467.85,89.4,UPI,Express,4.2
4064,ORD104467,CUST1965,Aditya Joshi,2025-10-10,Noida,North,Clothing,T-Shirt,4,706.55,0.1,2543.58,791.23,Credit Card,Express,4.5
4065,ORD102332,CUST1494,Karan Mehta,2025-06-14,Pune,West,Home & Kitchen,Cookware Set,2,2269.46,0.1,4085.03,1016.91,Debit Card,Express,4.5
4066,ORD102717,CUST1905,Rahul Tiwari,2025-09-17,Chennai,South,Home & Kitchen,Bedsheet,3,928.09,0.05,2645.06,630.33,UPI,Same Day,3.5
4067,ORD102079,CUST1073,Diya Gupta,2025-08-16,Hyderabad,South,Home & Kitchen,Bedsheet,3,980.95,0.15,2501.42,846.93,Debit Card,Express,3.3
4068,ORD103389,CUST1559,Karan Mehta,2025-05-28,Kolkata,East,Beauty,Face Wash,1,359.65,0.15,305.7,84.61,UPI,Standard,2.7
4069,ORD100722,CUST1821,Rahul Tiwari,2025-08-29,Chennai,South,Books,Novel,2,488.64,0.1,879.55,221.04,Cash on Delivery,Express,3.9
4070,ORD100951,CUST1106,Aarav Sharma,2025-07-01,Lucknow,North,Books,Programming Book,3,1306.73,0.1,3528.17,681.77,Cash on Delivery,Same Day,5.0
4071,ORD104402,CUST1672,Diya Gupta,2025-12-09,Bengaluru,South,Books,Programming Book,1,1287.53,0.15,1094.4,274.63,Cash on Delivery,Express,4.3
4072,ORD104385,CUST1685,Rohan Patel,2025-11-11,Mumbai,West,Beauty,Sunscreen,5,715.92,0.0,3579.6,1011.21,Debit Card,Same Day,4.1
4073,ORD102262,CUST1782,Ishaan Kumar,2025-11-13,Chennai,South,Clothing,T-Shirt,1,729.49,0.0,729.49,82.41,Net Banking,Express,3.5
4074,ORD100989,CUST1161,Diya Gupta,2025-05-13,Mumbai,West,Sports,Football,3,1036.54,0.1,2798.66,697.76,Cash on Delivery,Same Day,3.8
4075,ORD103212,CUST1992,Priya Saxena,2025-05-24,Lucknow,North,Beauty,Face Wash,4,379.71,0.15,1291.01,201.87,UPI,Standard,2.8
4076,ORD101759,CUST1648,Aarav Sharma,2025-03-22,Pune,West,Home & Kitchen,Bedsheet,2,979.66,0.0,1959.32,616.49,Net Banking,Same Day,3.8
4077,ORD104125,CUST1512,Priya Saxena,2025-07-12,Chennai,South,Clothing,Sneakers,2,2836.22,0.15,4821.57,652.83,Credit Card,Express,3.980060240963855
4078,ORD100326,CUST2080,Meera Mishra,2025-11-17,Chennai,South,Sports,Running Shoes,1,3274.67,0.05,3110.94,1035.81,UPI,Express,4.3
4079,ORD102608,CUST1038,Meera Mishra,2025-05-19,Jaipur,North,Sports,Football,2,1024.97,0.2,1639.95,344.75,Net Banking,Express,4.8
4080,ORD101383,CUST1869,Karan Mehta,2025-01-19,Ahmedabad,West,Sports,Running Shoes,1,3102.35,0.0,3102.35,645.73,Debit Card,Standard,3.5
4081,ORD101724,CUST1422,Rahul Tiwari,2025-03-26,Lucknow,North,Electronics,Keyboard,5,1180.11,0.1,5310.49,1646.35,Credit Card,Same Day,3.7
4082,ORD101086,CUST1348,Rohan Patel,2025-01-21,Mumbai,West,Clothing,Sneakers,2,3017.8,0.0,6035.6,1814.67,Net Banking,Same Day,4.0
4083,ORD102523,CUST1107,Arjun Singh,2025-02-07,Delhi,North,Beauty,Face Wash,2,409.43,0.15,696.03,78.84,UPI,Express,4.5
4084,ORD100341,CUST2033,Kavya Srivastava,2025-02-03,Jaipur,North,Electronics,Keyboard,5,1388.48,0.0,6942.4,2021.65,Debit Card,Same Day,3.980060240963855
4085,ORD103701,CUST1111,Rohan Patel,2025-09-13,Chandigarh,North,Beauty,Sunscreen,1,705.45,0.05,670.18,108.64,Cash on Delivery,Standard,3.2
4086,ORD100147,CUST1052,Priya Saxena,2025-02-13,Ahmedabad,West,Books,Data Science Book,5,824.56,0.0,4122.8,593.01,UPI,Express,4.7
4087,ORD100688,CUST1158,Aditi Malhotra,2025-04-13,Kolkata,East,Home & Kitchen,Cookware Set,1,2706.54,0.05,2571.21,384.51,Net Banking,Same Day,2.8
4089,ORD101107,CUST1639,Aarav Sharma,2025-02-25,Pune,West,Electronics,Smart Watch,4,3182.54,0.1,11457.14,3371.04,Credit Card,Same Day,5.0
4090,ORD100848,CUST1124,Ananya Verma,2025-10-15,Pune,West,Books,Programming Book,4,1119.37,0.05,4253.61,784.88,Cash on Delivery,Express,3.4
4091,ORD100966,CUST1882,Aditi Malhotra,2025-01-11,Delhi,North,Books,Novel,2,483.82,0.1,870.88,163.6,Cash on Delivery,Standard,3.9
4092,ORD104747,CUST1175,Ishaan Kumar,2025-03-04,Chandigarh,North,Electronics,Keyboard,1,1275.87,0.15,1084.49,341.05,Credit Card,Same Day,4.4
4093,ORD101492,CUST1096,Ananya Verma,2025-10-10,Bengaluru,South,Clothing,T-Shirt,4,660.76,0.25,1982.28,357.47,Net Banking,Standard,3.4
4095,ORD102203,CUST1422,Kavya Srivastava,2025-08-02,Chennai,South,Home & Kitchen,Bedsheet,1,1025.76,0.1,923.18,306.62,Net Banking,Express,3.8
4096,ORD102713,CUST2003,Aditya Joshi,2025-05-28,Ahmedabad,West,Home & Kitchen,Cookware Set,1,2426.92,0.05,2305.57,795.68,Credit Card,Same Day,2.9
4097,ORD103572,CUST1027,Kavya Srivastava,2025-02-24,Noida,North,Beauty,Sunscreen,1,668.71,0.1,601.84,124.96,Debit Card,Standard,3.9
4098,ORD101990,CUST1102,Sneha Agarwal,2025-01-20,Mumbai,West,Beauty,Sunscreen,1,715.22,0.05,679.46,186.08,Net Banking,Express,3.5
4099,ORD104120,CUST1303,Aarav Sharma,2025-05-07,Mumbai,West,Clothing,T-Shirt,1,684.3,0.1,615.87,148.07,Credit Card,Same Day,3.2
4100,ORD104762,CUST2110,Priya Saxena,2025-04-13,Noida,North,Books,Novel,1,464.13,0.05,440.92,83.9,Net Banking,Standard,3.8
4101,ORD103600,CUST1807,Karan Mehta,2025-02-02,Hyderabad,South,Home & Kitchen,Bedsheet,2,908.62,0.2,1453.79,284.76,UPI,Express,4.1
4102,ORD104586,CUST1845,Karan Mehta,2025-02-10,Ahmedabad,West,Clothing,Hoodie,4,1371.52,0.0,5486.08,1913.68,UPI,Same Day,5.0
4105,ORD100385,CUST2126,Aditi Malhotra,2025-01-31,Lucknow,North,Sports,Yoga Mat,1,879.27,0.05,835.31,119.02,Credit Card,Standard,3.4
4106,ORD104841,CUST1686,Kavya Srivastava,2025-05-06,Noida,North,Beauty,Perfume,2,1333.49,0.05,2533.63,777.4,Credit Card,Express,4.0
4107,ORD104588,CUST1527,Rahul Tiwari,2025-09-04,Chennai,South,Clothing,Sneakers,2,2910.31,0.15,4947.53,1520.26,UPI,Same Day,4.4
4108,ORD100536,CUST1030,Meera Mishra,2025-07-22,Delhi,North,Clothing,T-Shirt,2,677.23,0.25,1015.85,260.93,Net Banking,Same Day,3.9
4109,ORD104685,CUST1755,Arjun Singh,2025-10-29,Kolkata,East,Electronics,Wireless Mouse,4,858.84,0.0,3435.36,529.62,UPI,Express,3.7
4110,ORD103507,CUST1379,Diya Gupta,2025-01-27,Chandigarh,North,Sports,Running Shoes,2,3189.22,0.15,5421.67,1087.16,Cash on Delivery,Same Day,2.6
4112,ORD101332,CUST1041,Aarav Sharma,2025-06-25,Chennai,South,Books,Programming Book,3,1315.46,0.2,3157.1,718.61,Cash on Delivery,Standard,3.9
4113,ORD103502,CUST1732,Rohan Patel,2025-12-08,Jaipur,North,Electronics,Keyboard,2,1302.08,0.05,2473.95,539.07,Cash on Delivery,Standard,4.3
4114,ORD102708,CUST2177,Kavya Srivastava,2025-01-05,Mumbai,West,Clothing,Sneakers,1,3208.82,0.25,2406.62,651.07,Net Banking,Express,4.4
4115,ORD104021,CUST1433,Rahul Tiwari,2025-09-10,Lucknow,North,Home & Kitchen,Cookware Set,5,2727.35,0.05,12954.91,1323.98,Cash on Delivery,Same Day,4.6
4116,ORD101854,CUST1223,Ananya Verma,2025-06-02,Jaipur,North,Sports,Football,1,1038.63,0.25,778.97,173.23,Cash on Delivery,Same Day,4.1
4117,ORD104909,CUST1498,Meera Mishra,2025-10-01,Chennai,South,Sports,Yoga Mat,1,837.28,0.0,837.28,177.25,Net Banking,Express,3.1
4118,ORD102872,CUST1699,Rahul Tiwari,2025-03-23,Pune,West,Electronics,Smart Watch,3,3492.32,0.05,9953.11,3065.05,UPI,Same Day,4.5
4119,ORD103030,CUST1806,Rahul Tiwari,2025-03-30,Bengaluru,South,Clothing,Jeans,1,1942.98,0.2,1554.38,379.99,Net Banking,Same Day,4.5
4120,ORD101205,CUST1194,Aditya Joshi,2025-12-05,Noida,North,Clothing,T-Shirt,2,703.81,0.1,1266.86,161.29,Credit Card,Same Day,4.5
4121,ORD101645,CUST1634,Meera Mishra,2025-01-04,Chennai,South,Home & Kitchen,Cookware Set,2,2453.65,0.2,3925.84,392.78,Cash on Delivery,Standard,4.3
4122,ORD103417,CUST1623,Aarav Sharma,2025-09-17,Kolkata,East,Home & Kitchen,Cookware Set,2,2346.17,0.1,4223.11,812.13,Debit Card,Standard,4.4
4123,ORD103476,CUST1551,Karan Mehta,2025-04-22,Chandigarh,North,Clothing,T-Shirt,4,753.89,0.1,2714.0,503.22,UPI,Express,3.8
4124,ORD102861,CUST1973,Rahul Tiwari,2025-11-05,Ahmedabad,West,Electronics,Keyboard,2,1397.68,0.1,2515.82,625.92,UPI,Standard,3.1
4125,ORD101792,CUST1969,Kavya Srivastava,2025-08-13,Bengaluru,South,Beauty,Sunscreen,1,755.66,0.1,680.09,162.18,Cash on Delivery,Same Day,3.0
4126,ORD103797,CUST1257,Diya Gupta,2025-12-02,Mumbai,West,Electronics,Smart Watch,2,3408.21,0.1,6134.78,956.49,Credit Card,Express,3.1
4127,ORD103368,CUST2189,Ishaan Kumar,2025-02-12,Chandigarh,North,Sports,Football,1,985.32,0.15,837.52,239.36,Net Banking,Same Day,3.7
4128,ORD103367,CUST1842,Rohan Patel,2025-04-17,Hyderabad,South,Clothing,Jeans,1,1677.74,0.0,1677.74,278.68,Cash on Delivery,Same Day,4.8
4129,ORD103533,CUST1669,Kavya Srivastava,2025-12-13,Mumbai,West,Clothing,Hoodie,4,1616.17,0.15,5494.98,1250.82,Net Banking,Same Day,4.2
4130,ORD103449,CUST1839,Kavya Srivastava,2025-08-31,Chennai,South,Home & Kitchen,Bedsheet,1,1063.79,0.05,1010.6,352.56,Net Banking,Express,4.5
4131,ORD100603,CUST1709,Ananya Verma,2025-04-11,Pune,West,Home & Kitchen,Cookware Set,3,2463.55,0.1,6651.59,1166.46,UPI,Express,3.9
4132,ORD103056,CUST1269,Rahul Tiwari,2025-10-28,Ahmedabad,West,Electronics,Smart Watch,3,3373.67,0.25,7590.76,2014.57,Debit Card,Same Day,3.3
4133,ORD104379,CUST1419,Ananya Verma,2025-08-04,Lucknow,North,Clothing,Sneakers,1,2793.04,0.3,1955.13,233.88,Net Banking,Same Day,5.0
4134,ORD100126,CUST2183,Priya Saxena,2025-12-13,Pune,West,Electronics,Keyboard,2,1258.14,0.0,2516.28,678.2,Debit Card,Standard,3.0
4135,ORD103876,CUST1854,Ananya Verma,2025-05-09,Kolkata,East,Clothing,Sneakers,2,3140.94,0.1,5653.69,1653.02,Credit Card,Express,3.9
4136,ORD102935,CUST1602,Arjun Singh,2025-02-20,Kolkata,East,Clothing,Jeans,1,1864.1,0.1,1677.69,307.72,Debit Card,Same Day,4.3
4137,ORD103531,CUST1591,Sneha Agarwal,2025-07-18,Lucknow,North,Home & Kitchen,Cookware Set,3,2519.19,0.05,7179.69,1331.25,UPI,Standard,3.9
4138,ORD102730,CUST1446,Rohan Patel,2025-03-10,Delhi,North,Clothing,Sneakers,4,3151.37,0.2,10084.38,1550.52,Debit Card,Standard,2.6
4139,ORD100827,CUST1883,Aditya Joshi,2025-01-09,Hyderabad,South,Electronics,Keyboard,3,1381.68,0.05,3937.79,727.54,UPI,Standard,3.6
4140,ORD101639,CUST1532,Kavya Srivastava,2025-07-06,Delhi,North,Electronics,Smart Watch,3,3322.87,0.15,8473.32,2492.69,Credit Card,Express,4.2
4141,ORD100984,CUST1424,Arjun Singh,2025-08-16,Hyderabad,South,Clothing,Sneakers,3,3266.01,0.15,8328.33,2820.75,Credit Card,Express,4.8
4142,ORD103281,CUST1647,Ananya Verma,2025-06-18,Lucknow,North,Electronics,Wireless Mouse,1,837.4,0.15,711.79,112.48,Cash on Delivery,Standard,4.9
4143,ORD104991,CUST1312,Diya Gupta,2025-01-30,Pune,West,Home & Kitchen,Cookware Set,1,2400.11,0.05,2280.1,763.4,Cash on Delivery,Express,4.8
4144,ORD102188,CUST1821,Priya Saxena,2025-11-20,Chennai,South,Beauty,Face Wash,1,359.31,0.15,305.41,37.69,UPI,Same Day,2.6
4145,ORD104632,CUST2122,Kavya Srivastava,2025-01-01,Lucknow,North,Beauty,Perfume,4,1410.28,0.1,5077.01,1386.17,Cash on Delivery,Same Day,4.3
4146,ORD102443,CUST1786,Aditi Malhotra,2025-12-30,Noida,North,Books,Programming Book,1,1213.85,0.0,1213.85,293.42,Debit Card,Same Day,5.0
4147,ORD100362,CUST1182,Sneha Agarwal,2025-07-27,Noida,North,Home & Kitchen,Coffee Maker,2,3642.04,0.0,7284.08,1699.72,UPI,Express,3.9
4148,ORD102349,CUST2129,Rohan Patel,2025-11-24,Chennai,South,Home & Kitchen,Bedsheet,1,1089.63,0.0,1089.63,189.65,UPI,Express,4.7
4149,ORD100345,CUST1787,Sneha Agarwal,2025-11-20,Ahmedabad,West,Clothing,Hoodie,1,1363.75,0.15,1159.19,218.72,Debit Card,Express,4.1
4150,ORD100814,CUST1327,Karan Mehta,2025-02-14,Mumbai,West,Home & Kitchen,Bedsheet,2,1016.4,0.1,1829.52,522.72,UPI,Standard,4.5
4151,ORD103205,CUST1521,Aditi Malhotra,2025-01-11,Noida,North,Beauty,Face Wash,2,361.62,0.05,687.08,213.72,Debit Card,Standard,3.7
4152,ORD104414,CUST1704,Ananya Verma,2025-12-05,Ahmedabad,West,Clothing,Sneakers,2,2895.48,0.2,4632.77,924.76,UPI,Express,3.0
4153,ORD104815,CUST1206,Ishaan Kumar,2025-06-08,Hyderabad,South,Books,Novel,2,529.11,0.1,952.4,282.16,Debit Card,Same Day,4.2
4154,ORD103325,CUST1986,Meera Mishra,2025-10-09,Lucknow,North,Home & Kitchen,Coffee Maker,1,3227.11,0.05,3065.75,759.11,Cash on Delivery,Same Day,3.980060240963855
4155,ORD104106,CUST1010,Sneha Agarwal,2025-04-04,Kolkata,East,Clothing,Hoodie,3,1404.15,0.1,3791.21,601.77,Cash on Delivery,Same Day,4.4
4156,ORD102116,CUST1646,Rohan Patel,2025-03-16,Ahmedabad,West,Beauty,Sunscreen,1,650.63,0.0,650.63,159.72,Credit Card,Standard,4.4
4157,ORD101834,CUST2163,Rahul Tiwari,2025-03-09,Noida,North,Clothing,Hoodie,3,1546.69,0.0,4640.07,1080.15,Net Banking,Standard,4.4
4158,ORD100793,CUST1374,Aditi Malhotra,2025-07-21,Mumbai,West,electronics,T-Shirt,2,727.25,0.2,1163.6,131.37,Credit Card,Same Day,4.1
4159,ORD104966,CUST2124,Ishaan Kumar,2025-03-15,Lucknow,North,Home & Kitchen,Cookware Set,1,2699.6,0.1,2429.64,717.56,Debit Card,Standard,3.9
4160,ORD102674,CUST1296,Aditi Malhotra,2025-07-01,Chandigarh,North,Beauty,Sunscreen,4,759.05,0.2,2428.96,682.39,UPI,Same Day,4.9
4162,ORD103756,CUST1661,Priya Saxena,2025-12-13,Lucknow,North,Clothing,T-Shirt,1,764.06,0.2,611.25,212.24,UPI,Same Day,4.3
4163,ORD102891,CUST1937,Ishaan Kumar,2025-04-17,Hyderabad,South,Beauty,Face Wash,1,397.55,0.05,377.67,44.68,UPI,Standard,4.4
4165,ORD104167,CUST1008,Ishaan Kumar,2025-12-07,Bengaluru,South,Sports,Running Shoes,2,3025.17,0.15,5142.79,1298.52,Cash on Delivery,Express,3.9
4166,ORD104451,CUST1327,Kavya Srivastava,2025-07-26,Chennai,South,Sports,Running Shoes,4,3053.23,0.05,11602.27,2644.26,Cash on Delivery,Same Day,3.0
4167,ORD103228,CUST1230,Rahul Tiwari,2025-12-03,Ahmedabad,West,Electronics,Smart Watch,2,3364.77,0.25,5047.15,1515.24,Debit Card,Same Day,4.8
4168,ORD102853,CUST1454,Meera Mishra,2025-10-24,Lucknow,North,Books,Programming Book,3,1157.9,0.1,3126.33,394.42,Cash on Delivery,Express,4.8
4169,ORD102912,CUST1843,Rahul Tiwari,2025-04-20,Hyderabad,South,Electronics,Wireless Mouse,2,872.02,0.15,1482.43,490.21,Debit Card,Same Day,5.0
4170,ORD101865,CUST2172,Rahul Tiwari,2025-01-21,Delhi,North,Home & Kitchen,Coffee Maker,5,3832.59,0.1,17246.66,4870.65,UPI,Express,3.8
4171,ORD101857,CUST1279,Ananya Verma,2025-01-15,Delhi,North,Electronics,Keyboard,5,1325.5,0.2,5302.0,1063.93,Net Banking,Express,4.6
4172,ORD102645,CUST1651,Ananya Verma,2025-04-13,Lucknow,North,Home & Kitchen,Cookware Set,1,2331.78,0.25,1748.84,532.41,Debit Card,Express,4.2
4173,ORD102243,CUST1427,Priya Saxena,2025-08-06,Chandigarh,North,Electronics,Smart Watch,4,3749.96,0.05,14249.85,1912.04,COD,Same Day,5.0
4174,ORD102336,CUST1684,Ishaan Kumar,2025-12-12,Pune,West,Beauty,Perfume,1,1283.47,0.2,1026.78,207.67,Credit Card,Standard,3.2
4175,ORD100950,CUST2126,Karan Mehta,2025-01-18,Chennai,South,Home & Kitchen,Table Lamp,5,959.83,0.1,4319.24,1189.91,Cash on Delivery,Express,4.8
4176,ORD103068,CUST2171,Aditi Malhotra,2025-03-03,Delhi,North,Home & Kitchen,Bedsheet,4,1050.22,0.0,4200.88,719.43,Debit Card,Express,2.8
4177,ORD101120,CUST1944,Kavya Srivastava,2025-05-22,Lucknow,North,Electronics,Keyboard,1,1398.26,0.05,1328.35,179.77,UPI,Express,4.3
4178,ORD102597,CUST1578,Karan Mehta,2025-01-30,Pune,West,Beauty,Perfume,2,1355.74,0.15,2304.76,547.07,Cash on Delivery,Same Day,4.2
4179,ORD102204,CUST1882,Diya Gupta,2025-06-13,Chandigarh,North,Books,Data Science Book,1,856.23,0.05,813.42,244.32,Credit Card,Standard,3.9
4180,ORD100419,CUST2041,Priya Saxena,2025-02-19,Chandigarh,North,Clothing,Hoodie,2,1481.32,0.2,2370.11,258.52,UPI,Standard,4.0
4181,ORD100922,CUST1970,Aarav Sharma,2025-04-03,Jaipur,North,Sports,Running Shoes,1,2891.82,0.1,2602.64,612.98,UPI,Same Day,4.4
4182,ORD101254,CUST1199,Diya Gupta,2025-07-28,Lucknow,North,Home & Kitchen,Cookware Set,1,2711.06,0.1,2439.95,829.64,Credit Card,Standard,3.7
4184,ORD102035,CUST2148,Ishaan Kumar,2025-08-10,Bengaluru,South,Electronics,Keyboard,4,1411.15,0.15,4797.91,1374.25,Net Banking,Standard,3.8
4185,ORD101202,CUST1361,Arjun Singh,2025-03-15,Jaipur,North,Electronics,Wireless Mouse,1,792.24,0.2,633.79,190.29,Debit Card,Same Day,3.2
4186,ORD102626,CUST1465,Aarav Sharma,2025-03-01,Lucknow,North,Beauty,Perfume,4,1218.16,0.15,4141.74,1336.33,UPI,Same Day,3.5
4187,ORD104838,CUST1350,Arjun Singh,2025-08-20,mumbai,North,Sports,Yoga Mat,1,971.52,0.25,728.64,115.68,Credit Card,Same Day,3.2
4188,ORD101970,CUST1878,Ishaan Kumar,2025-01-20,Lucknow,North,Electronics,Keyboard,2,1220.64,0.15,2075.09,531.2,Net Banking,Same Day,3.6
4189,ORD103110,CUST1319,Diya Gupta,2025-01-24,Lucknow,North,Sports,Football,3,992.85,0.25,2233.91,282.32,Cash on Delivery,Same Day,3.6
4190,ORD104018,CUST1365,Arjun Singh,2025-11-01,Mumbai,West,Beauty,Sunscreen,1,738.06,0.05,701.16,239.03,Debit Card,Standard,4.2
4191,ORD102151,CUST1965,Meera Mishra,2025-04-27,Chandigarh,North,Books,Novel,2,460.93,0.1,829.67,236.33,UPI,Standard,4.3
4192,ORD103687,CUST1446,Rohan Patel,2025-07-24,Noida,North,Electronics,Headphones,5,2185.24,0.2,8740.96,2173.5,Debit Card,Express,3.5
4193,ORD101997,CUST1172,Karan Mehta,2025-10-20,Noida,North,Home & Kitchen,Table Lamp,1,988.77,0.15,840.45,188.48,Credit Card,Same Day,3.1
4194,ORD104033,CUST1540,Arjun Singh,2025-03-22,Delhi,North,Electronics,Headphones,1,2178.51,0.0,2178.51,385.06,Credit Card,Express,3.7
4195,ORD103054,CUST1670,Priya Saxena,2025-06-03,Mumbai,West,Home & Kitchen,Bedsheet,1,947.45,0.15,805.33,184.76,UPI,Same Day,4.0
4196,ORD101248,CUST1819,Arjun Singh,2025-08-20,Delhi,North,Sports,Running Shoes,5,3174.34,0.05,15078.11,4241.01,Net Banking,Standard,4.5
4197,ORD102192,CUST1696,Meera Mishra,2025-02-23,Jaipur,North,Home & Kitchen,Table Lamp,1,937.8,0.1,844.02,107.69,Cash on Delivery,Same Day,4.8
4198,ORD102712,CUST1144,Aditi Malhotra,2025-06-27,Chennai,South,Clothing,Jeans,4,1788.96,0.15,6082.46,1117.68,Debit Card,Standard,4.2
4199,ORD100992,CUST1474,Aarav Sharma,2025-10-25,Delhi,North,Home & Kitchen,Bedsheet,1,1001.06,0.2,800.85,97.56,Credit Card,Express,4.2
4201,ORD103762,CUST1007,Karan Mehta,2025-01-13,Lucknow,North,Home & Kitchen,Bedsheet,2,1041.52,0.15,1770.58,269.28,Cash on Delivery,Same Day,2.5
4202,ORD103597,CUST1417,Karan Mehta,2025-03-19,Mumbai,West,Electronics,Keyboard,5,1412.08,0.1,6354.36,2140.9,Net Banking,Express,4.2
4203,ORD101318,CUST1268,Rahul Tiwari,2025-10-10,Kolkata,East,Home & Kitchen,Table Lamp,2,884.81,0.05,1681.14,204.62,Net Banking,Express,3.9
4204,ORD101863,CUST1216,Rahul Tiwari,2025-01-05,Pune,West,Electronics,Keyboard,1,1295.56,0.15,1101.23,228.49,Debit Card,Same Day,4.2
4205,ORD102343,CUST2142,Ishaan Kumar,2025-05-16,Noida,North,Clothing,T-Shirt,5,658.44,0.0,3292.2,451.82,Credit Card,Express,4.2
4206,ORD102449,CUST1195,Meera Mishra,2025-05-31,Lucknow,North,Sports,Football,1,955.31,0.1,859.78,281.26,Cash on Delivery,Same Day,3.2
4207,ORD102136,CUST2012,Aditi Malhotra,2025-01-19,Chennai,South,Sports,Yoga Mat,5,904.35,0.0,4521.75,1237.85,UPI,Same Day,5.0
4210,ORD102621,CUST2055,Priya Saxena,2025-07-22,Kolkata,East,Books,Novel,2,528.72,0.15,898.82,311.24,Credit Card,Standard,3.8
4211,ORD100077,CUST1290,Kavya Srivastava,2025-06-28,Ahmedabad,West,Home & Kitchen,Bedsheet,5,1096.01,0.1,4932.05,1698.99,UPI,Same Day,4.9
4212,ORD102898,CUST1628,Aarav Sharma,2025-05-13,Chennai,South,Electronics,Keyboard,1,1387.66,0.05,1318.28,449.67,Net Banking,Express,3.5
4213,ORD101314,CUST1180,Meera Mishra,2025-03-30,Ahmedabad,West,Sports,Running Shoes,3,3204.62,0.1,8652.47,1717.72,Debit Card,Express,3.6
4214,ORD104391,CUST1893,Ishaan Kumar,2025-09-21,Bengaluru,South,Home & Kitchen,Table Lamp,1,928.86,0.1,835.97,96.08,Debit Card,Standard,4.2
4215,ORD100872,CUST1898,Rohan Patel,2025-11-26,Kolkata,East,Home & Kitchen,Coffee Maker,1,3568.04,0.1,3211.24,1035.76,Net Banking,Same Day,4.3
4216,ORD103850,CUST1847,Sneha Agarwal,2025-06-03,Bengaluru,South,Electronics,Headphones,2,2022.03,0.05,3841.86,1057.69,Cash on Delivery,Same Day,4.2
4217,ORD104807,CUST1400,Diya Gupta,2025-08-26,Hyderabad,South,Electronics,Keyboard,4,1316.07,0.25,3948.21,889.27,Credit Card,Express,4.5
4218,ORD102965,CUST1423,Priya Saxena,2025-07-08,Chandigarh,North,Home & Kitchen,Bedsheet,2,1092.09,0.0,2184.18,255.21,UPI,Standard,4.5
4219,ORD103391,CUST1402,Arjun Singh,2025-11-25,Bengaluru,South,Books,Data Science Book,3,893.91,0.1,2413.56,819.78,UPI,Express,3.8
4220,ORD102560,CUST1348,Karan Mehta,2025-07-08,Pune,West,Books,Programming Book,5,1085.81,0.0,5429.05,1046.64,Cash on Delivery,Same Day,5.0
4221,ORD104916,CUST1493,Aditya Joshi,2025-03-29,Pune,West,Sports,Yoga Mat,4,965.61,0.2,3089.95,521.2,UPI,Express,5.0
4222,ORD102635,CUST1330,Ananya Verma,2025-12-12,Pune,West,Electronics,Wireless Mouse,4,865.26,0.1,3114.94,934.5,Cash on Delivery,Standard,5.0
4223,ORD103530,CUST2012,Diya Gupta,2025-01-02,Chandigarh,North,Books,Novel,5,532.26,0.05,2528.24,704.29,Cash on Delivery,Same Day,4.4
4224,ORD100375,CUST1298,Ananya Verma,2025-09-12,Ahmedabad,West,Home & Kitchen,Bedsheet,2,954.77,0.15,1623.11,547.05,Debit Card,Standard,3.8
4225,ORD101908,CUST1561,Rahul Tiwari,2025-05-14,Chennai,South,Beauty,Perfume,2,1360.44,0.1,2448.79,577.35,Credit Card,Standard,3.2
4226,ORD104351,CUST2184,Sneha Agarwal,2025-11-24,Delhi,North,Home & Kitchen,Cookware Set,4,2719.56,0.15,9246.5,1181.39,Credit Card,Express,4.4
4227,ORD104398,CUST2072,Aarav Sharma,2025-01-30,Ahmedabad,West,Books,Novel,1,508.17,0.15,431.94,64.51,Debit Card,Same Day,3.5
4228,ORD104027,CUST1364,Meera Mishra,2025-06-25,Lucknow,North,Beauty,Perfume,2,1226.95,0.0,2453.9,282.12,Debit Card,Standard,3.5
4229,ORD101604,CUST1234,Ananya Verma,2025-09-06,Bengaluru,South,Electronics,Keyboard,3,1208.69,0.0,3626.07,1179.84,Cash on Delivery,Standard,4.3
4230,ORD101118,CUST1230,Karan Mehta,2025-01-21,Ahmedabad,West,Sports,Football,4,958.66,0.0,3834.64,413.81,Cash on Delivery,Same Day,4.0
4231,ORD103677,CUST1295,Aditya Joshi,2025-06-20,Kolkata,East,Beauty,Perfume,1,1407.34,0.1,1266.61,157.0,Cash on Delivery,Standard,4.4
4232,ORD103490,CUST2148,Aarav Sharma,2025-10-26,Kolkata,East,Sports,Yoga Mat,1,941.06,0.1,846.95,248.29,UPI,Same Day,3.3
4233,ORD104884,CUST1351,Kavya Srivastava,2025-09-15,Jaipur,North,Clothing,Hoodie,3,1469.75,0.15,3747.86,381.76,Debit Card,Same Day,3.6
4234,ORD102958,CUST2138,Kavya Srivastava,2025-05-01,Lucknow,North,Sports,Running Shoes,5,2822.92,0.15,11997.41,2589.63,Net Banking,Same Day,3.7
4235,ORD101994,CUST1981,Priya Saxena,2025-03-24,Hyderabad,South,Sports,Running Shoes,4,2749.25,0.0,10997.0,3737.41,Debit Card,Standard,4.3
4236,ORD104975,CUST2056,Sneha Agarwal,2025-09-18,Chennai,South,Books,Programming Book,5,1249.15,0.2,4996.6,713.26,Cash on Delivery,Express,4.0
4237,ORD104374,CUST2199,Rohan Patel,2025-05-18,Chandigarh,North,Books,Programming Book,1,1251.33,0.15,1063.63,172.17,Cash on Delivery,Standard,4.4
4238,ORD102376,CUST2001,Rahul Tiwari,2025-12-29,Pune,West,Electronics,Headphones,5,1949.49,0.15,8285.33,1965.62,Net Banking,Same Day,4.1
4239,ORD101342,CUST1221,Kavya Srivastava,2025-10-20,Pune,West,Home & Kitchen,Bedsheet,2,1058.17,0.0,2116.34,371.57,Net Banking,Express,3.6
4240,ORD100320,CUST1190,Aditya Joshi,2025-07-23,Lucknow,North,Clothing,Sneakers,3,3149.56,0.2,7558.94,1786.19,COD,Same Day,5.0
4242,ORD103713,CUST1056,Rohan Patel,2025-04-01,Chandigarh,North,Sports,Football,5,995.18,0.2,3980.72,666.44,Debit Card,Standard,3.1
4243,ORD102060,CUST1058,Arjun Singh,2025-02-26,Jaipur,North,ELECTRONICS,Perfume,3,1379.2,0.2,3310.08,572.98,Net Banking,Express,3.9
4244,ORD102219,CUST1828,Rahul Tiwari,2025-12-31,Mumbai,West,Clothing,Sneakers,2,2803.25,0.2,4485.2,686.73,Cash on Delivery,Same Day,4.0
4245,ORD101673,CUST1036,Aditi Malhotra,2025-12-28,Ahmedabad,West,Beauty,Perfume,1,1305.9,0.1,1175.31,218.32,UPI,Express,4.6
4246,ORD100260,CUST1318,Arjun Singh,2025-06-20,Kolkata,East,Clothing,Hoodie,2,1457.42,0.2,2331.87,566.62,UPI,Same Day,3.2
4247,ORD104436,CUST1866,Rahul Tiwari,2025-11-16,Chennai,South,Beauty,Sunscreen,4,724.44,0.2,2318.21,391.51,Net Banking,Standard,4.0
4248,ORD102039,CUST1804,Meera Mishra,2025-06-18,Chennai,South,Clothing,Sneakers,1,2889.77,0.0,2889.77,591.65,Debit Card,Express,3.7
4249,ORD100901,CUST1634,Aditya Joshi,2025-05-17,Mumbai,West,Beauty,Perfume,3,1326.5,0.15,3382.57,646.56,Net Banking,Express,3.5
4250,ORD103744,CUST1225,Aditya Joshi,2025-12-23,Mumbai,West,Books,Programming Book,1,1106.36,0.3,774.45,216.84,Net Banking,Express,2.1
4251,ORD102026,CUST1129,Aarav Sharma,2025-10-22,Ahmedabad,West,Home & Kitchen,Bedsheet,2,915.1,0.2,1464.16,497.51,Debit Card,Same Day,3.9
4252,ORD104234,CUST1333,Ananya Verma,2025-01-18,Chennai,South,Beauty,Perfume,5,1301.38,0.2,5205.52,1530.72,Net Banking,Same Day,4.0
4253,ORD101917,CUST1694,Aditya Joshi,2025-02-08,Ahmedabad,West,Electronics,Wireless Mouse,3,811.81,0.05,2313.66,355.81,UPI,Standard,5.0
4254,ORD101828,CUST1016,Diya Gupta,2025-06-26,Lucknow,North,Electronics,Smart Watch,3,3187.72,0.2,7650.53,982.44,UPI,Express,4.5
4255,ORD101573,CUST1393,Aditya Joshi,2025-12-26,Bengaluru,South,Clothing,Sneakers,2,3132.26,0.15,5324.84,1555.8,Credit Card,Same Day,3.1
4256,ORD104924,CUST1954,Rahul Tiwari,2025-08-14,Hyderabad,South,Books,Novel,1,531.51,0.05,504.93,118.05,Credit Card,Standard,3.5
4257,ORD104208,CUST1120,Aditi Malhotra,2025-04-10,Lucknow,North,Electronics,Wireless Mouse,5,871.53,0.1,3921.88,1121.89,UPI,Express,4.2
4258,ORD100224,CUST1392,Sneha Agarwal,2025-08-15,Jaipur,North,Clothing,Sneakers,1,3065.18,0.15,2605.4,348.52,Cash on Delivery,Same Day,3.6
4259,ORD100723,CUST1978,Meera Mishra,2025-09-15,Kolkata,East,Clothing,Sneakers,5,3197.14,0.0,15985.7,4615.68,Cash on Delivery,Standard,3.6
4260,ORD104504,CUST1154,Rohan Patel,2025-08-31,Ahmedabad,West,Books,Programming Book,1,1081.76,0.1,973.58,325.75,UPI,Same Day,4.8
4261,ORD101141,CUST1010,Sneha Agarwal,2025-03-26,Delhi,North,Electronics,Smart Watch,1,3434.28,0.05,3262.57,1032.46,Net Banking,Express,4.6
4262,ORD102762,CUST1396,Aditya Joshi,2025-03-28,Lucknow,North,Clothing,Jeans,5,1661.71,0.15,7062.27,961.86,UPI,Standard,4.5
4263,ORD100846,CUST2171,Arjun Singh,2025-08-01,Kolkata,East,Electronics,Keyboard,3,1333.24,0.1,3599.75,1055.35,UPI,Express,4.2
4264,ORD102551,CUST1658,Rahul Tiwari,2025-09-21,Kolkata,East,Beauty,Face Wash,2,376.95,0.25,565.42,63.96,UPI,Same Day,3.7
4265,ORD102928,CUST1755,Ananya Verma,2025-11-24,Delhi,North,Electronics,Headphones,2,1919.92,0.0,3839.84,1326.52,Credit Card,Standard,4.4
4266,ORD100117,CUST1222,Diya Gupta,2025-11-05,Bengaluru,South,Home & Kitchen,Coffee Maker,1,3274.71,0.1,2947.24,626.18,Net Banking,Same Day,4.8
4267,ORD100645,CUST1293,Sneha Agarwal,2025-07-12,Jaipur,North,Electronics,Wireless Mouse,5,824.23,0.1,3709.03,373.88,Credit Card,Standard,3.3
4268,ORD100003,CUST1892,Sneha Agarwal,2025-03-13,Ahmedabad,West,Books,Programming Book,29,1191.02,0.0,34539.58,660.17,Net Banking,Same Day,3.7
4269,ORD104170,CUST1630,Aditya Joshi,2025-08-24,Delhi,North,Clothing,Jeans,4,1947.38,0.1,7010.57,2390.93,UPI,Same Day,3.8
4270,ORD100467,CUST1577,Diya Gupta,2025-06-14,Jaipur,North,Beauty,Face Wash,4,419.05,0.1,1508.58,280.53,Credit Card,Standard,4.4
4271,ORD100005,CUST1522,Priya Saxena,2025-10-31,Pune,West,Sports,Running Shoes,1,3119.12,0.05,2963.16,912.85,Net Banking,Express,4.2
4272,ORD100919,CUST1739,Kavya Srivastava,2025-12-16,Lucknow,North,Electronics,Keyboard,5,1279.72,0.05,6078.67,1149.33,Cash on Delivery,Same Day,3.4
4273,ORD102595,CUST1280,Sneha Agarwal,2025-09-04,Noida,North,Home & Kitchen,Table Lamp,2,966.85,0.1,1740.33,228.05,UPI,Express,4.8
4274,ORD101063,CUST1298,Aditi Malhotra,2025-12-07,Mumbai,West,Sports,Running Shoes,5,3142.49,0.05,14926.83,1908.33,Cash on Delivery,Standard,3.9
4275,ORD102590,CUST1129,Aditi Malhotra,2025-05-06,Ahmedabad,West,Books,Novel,2,527.46,0.15,896.68,218.53,Cash on Delivery,Express,3.2
4276,ORD100242,CUST1364,Karan Mehta,2025-12-04,Ahmedabad,West,Electronics,Headphones,2,1879.6,0.25,2819.4,294.53,Debit Card,Same Day,4.0
4277,ORD101160,CUST1929,Arjun Singh,2025-03-24,Chandigarh,North,Sports,Running Shoes,4,3035.12,0.05,11533.46,2800.78,Credit Card,Same Day,4.1
4278,ORD102870,CUST2184,Aditya Joshi,2025-06-14,Chandigarh,North,Beauty,Sunscreen,4,670.02,0.05,2546.08,729.42,Credit Card,Standard,2.8
4279,ORD103735,CUST1713,Meera Mishra,2025-01-24,Jaipur,North,Electronics,Smart Watch,1,3167.86,0.15,2692.68,878.46,Debit Card,Express,3.8
4280,ORD102397,CUST1782,Sneha Agarwal,2025-07-27,Ahmedabad,West,Electronics,Keyboard,5,1399.31,0.25,5247.41,570.23,Debit Card,Standard,4.3
4281,ORD103517,CUST1290,Aditi Malhotra,2025-04-25,Lucknow,North,Clothing,Jeans,1,1769.64,0.2,1415.71,484.33,Net Banking,Same Day,3.980060240963855
4282,ORD103421,CUST2166,Ananya Verma,2025-09-21,Hyderabad,South,Home & Kitchen,Coffee Maker,1,3302.03,0.1,2971.83,690.45,Debit Card,Express,2.8
4283,ORD102563,CUST2137,Aditya Joshi,2025-07-16,Ahmedabad,West,Clothing,T-Shirt,2,767.57,0.2,1228.11,165.17,UPI,Express,4.1
4284,ORD101605,CUST1872,Ishaan Kumar,2025-05-25,Hyderabad,South,Home & Kitchen,Coffee Maker,2,3708.84,0.0,7417.68,1947.75,Debit Card,Standard,5.0
4285,ORD104848,CUST1085,Aarav Sharma,2025-01-26,Ahmedabad,West,Clothing,Jeans,4,1872.03,0.2,5990.5,1256.8,Net Banking,Standard,3.6
4286,ORD102324,CUST1771,Rahul Tiwari,2025-11-23,Hyderabad,South,Electronics,Smart Watch,4,3248.5,0.05,12344.3,3295.44,Credit Card,Same Day,3.4
4287,ORD102709,CUST1748,Ananya Verma,2025-02-07,Chennai,South,Sports,Running Shoes,2,3219.72,0.1,5795.5,626.32,Cash on Delivery,Standard,3.7
4288,ORD104417,CUST1883,Kavya Srivastava,2025-12-27,Bengaluru,South,Electronics,Wireless Mouse,4,869.36,0.15,2955.82,566.67,Credit Card,Standard,4.7
4289,ORD101312,CUST1990,Ishaan Kumar,2025-02-09,Chandigarh,North,Sports,Yoga Mat,1,900.67,0.15,765.57,89.07,Credit Card,Same Day,4.4
4290,ORD103448,CUST1379,Ishaan Kumar,2025-11-19,Hyderabad,South,Home & Kitchen,Coffee Maker,3,3610.99,0.1,9749.67,2637.7,Credit Card,Express,4.5
4291,ORD103812,CUST1358,Priya Saxena,2025-12-07,Chennai,South,Clothing,Sneakers,2,3157.61,0.05,5999.46,1970.62,Debit Card,Standard,4.5
4292,ORD104675,CUST2050,Aditya Joshi,2025-05-27,Hyderabad,South,Sports,Yoga Mat,2,937.55,0.2,1500.08,485.32,Cash on Delivery,Express,4.5
4293,ORD102362,CUST1081,Rahul Tiwari,2025-05-25,Chennai,South,Electronics,Wireless Mouse,1,866.83,0.0,866.83,233.33,UPI,Express,4.1
4294,ORD101975,CUST1216,Priya Saxena,2025-12-29,Mumbai,West,Electronics,Headphones,1,2175.94,0.05,2067.14,341.08,Debit Card,Express,5.0
4295,ORD103514,CUST1067,Kavya Srivastava,2025-08-30,Chennai,South,Beauty,Face Wash,2,371.39,0.05,705.64,242.33,Debit Card,Standard,4.3
4296,ORD101761,CUST1653,Meera Mishra,2025-04-16,Chennai,South,Clothing,Sneakers,2,3217.96,0.25,4826.94,1505.39,Credit Card,Same Day,5.0
4297,ORD102739,CUST1955,Ananya Verma,2025-03-14,Hyderabad,South,Sports,Yoga Mat,1,955.84,0.15,812.46,115.13,Net Banking,Standard,2.8
4299,ORD102472,CUST1462,Meera Mishra,2025-10-21,Bengaluru,South,Beauty,Perfume,2,1366.36,0.25,2049.54,448.93,Cash on Delivery,Standard,3.9
4301,ORD101493,CUST1716,Rohan Patel,2025-04-02,Pune,West,Sports,Football,4,1076.13,0.1,3874.07,613.43,UPI,Standard,4.5
4302,ORD104206,CUST1745,Arjun Singh,2025-11-07,Mumbai,West,Electronics,Wireless Mouse,2,773.31,0.2,1237.3,410.8,Net Banking,Same Day,5.0
4303,ORD102158,CUST1279,Rahul Tiwari,2025-03-19,Kolkata,East,Clothing,Hoodie,1,1464.45,0.25,1098.34,115.21,Net Banking,Same Day,2.8
4304,ORD101169,CUST2041,Karan Mehta,2025-06-29,Pune,West,Clothing,Sneakers,5,3255.7,0.1,14650.65,3349.97,Credit Card,Same Day,5.0
4305,ORD104535,CUST1426,Aditi Malhotra,2025-11-08,Ahmedabad,West,Books,Data Science Book,1,879.93,0.15,747.94,199.52,UPI,Express,3.2
4306,ORD100232,CUST1801,Priya Saxena,2025-11-10,Chandigarh,North,Clothing,Sneakers,3,3258.67,0.05,9287.21,2155.89,Credit Card,Standard,4.6
4307,ORD100066,CUST1560,Arjun Singh,2025-08-22,Hyderabad,South,Beauty,Face Wash,5,359.96,0.05,1709.81,395.43,Cash on Delivery,Standard,4.6
4308,ORD101603,CUST1228,Arjun Singh,2025-07-27,Ahmedabad,West,Beauty,Sunscreen,1,708.15,0.2,566.52,90.8,UPI,Express,4.1
4309,ORD103283,CUST1180,Priya Saxena,2025-12-20,Pune,West,Beauty,Perfume,1,1395.56,0.1,1256.0,420.92,Cash on Delivery,Express,4.2
4310,ORD103596,CUST2175,Aditi Malhotra,2025-09-12,Bengaluru,South,Clothing,Sneakers,1,2769.77,0.0,2769.77,794.49,Net Banking,Express,3.7
4311,ORD100125,CUST1863,Rohan Patel,2025-05-24,Chandigarh,North,Beauty,Perfume,2,1408.6,0.05,2676.34,753.51,Credit Card,Express,3.0
4312,ORD101296,CUST1019,Arjun Singh,2025-12-05,Ahmedabad,West,Books,Programming Book,2,1115.75,0.1,2008.35,494.42,UPI,Standard,3.7
4313,ORD101976,CUST1007,Kavya Srivastava,2025-10-05,Chennai,South,Clothing,Jeans,5,1651.45,0.15,7018.66,2434.17,Credit Card,Same Day,4.3
4314,ORD104536,CUST1051,Aditya Joshi,2025-10-01,Chennai,South,Home & Kitchen,Bedsheet,5,924.05,0.1,4158.23,1031.56,Credit Card,Same Day,2.8
4315,ORD104500,CUST1536,Arjun Singh,2025-08-20,Kolkata,East,Sports,Football,1,920.4,0.05,874.38,208.13,Credit Card,Express,3.7
4316,ORD102075,CUST1820,Priya Saxena,2025-10-14,Bengaluru,South,Beauty,Perfume,3,1380.43,0.1,3727.16,454.48,UPI,Express,4.4
4317,ORD103086,CUST2137,Ishaan Kumar,2025-02-02,Kolkata,East,Home & Kitchen,Coffee Maker,1,3225.52,0.2,2580.42,387.61,Credit Card,Same Day,4.2
4318,ORD104672,CUST1681,Aarav Sharma,2025-04-09,Kolkata,East,Electronics,Smart Watch,2,3446.81,0.2,5514.9,808.33,Cash on Delivery,Express,4.7
4319,ORD103345,CUST1048,Sneha Agarwal,2025-12-07,Ahmedabad,West,Sports,Yoga Mat,5,830.68,0.15,3530.39,909.78,Debit Card,Standard,4.3
4320,ORD104483,CUST2056,Diya Gupta,2025-01-02,Delhi,North,Home & Kitchen,Bedsheet,4,965.02,0.05,3667.08,874.24,Credit Card,Same Day,4.6
4321,ORD102797,CUST1303,Priya Saxena,2025-06-01,Lucknow,North,Clothing,T-Shirt,4,635.07,0.2,2032.22,533.44,Cash on Delivery,Express,4.3
4322,ORD100918,CUST1085,Priya Saxena,2025-12-04,Chennai,South,Home & Kitchen,Cookware Set,5,2398.15,0.2,9592.6,2245.23,Credit Card,Express,3.9
4323,ORD101646,CUST1073,Rahul Tiwari,2025-05-23,Pune,West,Clothing,Sneakers,5,3234.09,0.1,14553.41,4743.49,Net Banking,Express,5.0
4325,ORD103287,CUST2033,Rohan Patel,2025-04-28,Pune,West,Home & Kitchen,Table Lamp,3,885.18,0.1,2389.99,447.91,UPI,Express,4.3
4326,ORD102125,CUST1495,Karan Mehta,2025-04-16,Kolkata,East,Beauty,Perfume,1,1294.25,0.05,1229.54,377.5,Cash on Delivery,Express,4.7
4327,ORD104123,CUST1908,Sneha Agarwal,2025-05-01,Chennai,South,Electronics,Wireless Mouse,2,809.88,0.2,1295.81,145.83,Net Banking,Standard,3.5
4328,ORD100525,CUST1896,Ishaan Kumar,2025-12-23,Lucknow,North,Clothing,Sneakers,1,3109.68,0.05,2954.2,305.83,Debit Card,Standard,3.9
4329,ORD100055,CUST1084,Aditya Joshi,2025-09-17,Bengaluru,South,Electronics,Wireless Mouse,1,875.74,0.1,788.17,89.56,UPI,Standard,3.9
4330,ORD100638,CUST1148,Arjun Singh,2025-07-22,Pune,West,Electronics,Headphones,1,2020.01,0.0,2020.01,423.94,Cash on Delivery,Same Day,3.4
4331,ORD100302,CUST1314,Rahul Tiwari,2025-09-22,Chennai,South,Electronics,Smart Watch,5,3197.12,0.15,13587.76,3504.38,UPI,Same Day,4.6
4332,ORD102766,CUST1778,Ananya Verma,2025-08-31,Mumbai,West,Sports,Yoga Mat,5,931.15,0.05,4422.96,451.8,UPI,Standard,4.3
4333,ORD101276,CUST1244,Ishaan Kumar,2025-04-20,Hyderabad,South,Books,Programming Book,5,1079.9,0.05,5129.52,945.95,Debit Card,Same Day,4.6
4334,ORD102055,CUST1446,Diya Gupta,2025-01-17,Pune,West,Home & Kitchen,Cookware Set,4,2523.55,0.15,8580.07,1092.93,Credit Card,Same Day,4.1
4335,ORD103644,CUST1728,Ishaan Kumar,2025-01-02,Noida,North,Clothing,Hoodie,2,1601.65,0.1,2882.97,978.25,Net Banking,Express,3.1
4336,ORD104143,CUST1424,Karan Mehta,2025-02-16,Noida,North,Home & Kitchen,Table Lamp,1,955.86,0.15,812.48,156.55,UPI,Same Day,3.6
4337,ORD102878,CUST1806,Aarav Sharma,2025-10-05,Kolkata,East,Beauty,Face Wash,2,377.8,0.15,642.26,129.47,Debit Card,Express,4.1
4338,ORD104202,CUST1525,Diya Gupta,2025-03-15,Chandigarh,North,Sports,Yoga Mat,1,887.37,0.05,843.0,248.45,UPI,Express,2.9
4339,ORD102286,CUST1815,Diya Gupta,2025-09-29,Hyderabad,South,Electronics,Keyboard,1,1218.84,0.1,1096.96,310.89,Cash on Delivery,Express,5.0
4340,ORD102261,CUST1309,Diya Gupta,2025-07-01,Chandigarh,North,Home & Kitchen,Coffee Maker,5,3819.12,0.0,19095.6,5683.56,Credit Card,Same Day,3.3
4341,ORD102296,CUST1732,Aditi Malhotra,2025-05-21,Kolkata,East,Clothing,Hoodie,1,1549.2,0.0,1549.2,517.85,Debit Card,Express,3.9
4342,ORD101753,CUST1671,Rahul Tiwari,2025-08-07,Pune,West,Home & Kitchen,Table Lamp,1,981.73,0.15,834.47,218.15,Debit Card,Same Day,4.7
4343,ORD101968,CUST1599,Aarav Sharma,2025-12-10,Chennai,South,Clothing,Sneakers,3,2812.57,0.1,7593.94,2063.31,UPI,Same Day,4.0
4344,ORD104370,CUST1969,Ananya Verma,2025-07-04,Bengaluru,South,Electronics,Keyboard,4,1284.31,0.1,4623.52,1604.6,Debit Card,Express,4.9
4345,ORD103117,CUST2007,Arjun Singh,2025-11-01,Noida,North,Home & Kitchen,Bedsheet,2,987.79,0.1,1778.02,401.52,Cash on Delivery,Same Day,3.3
4346,ORD102393,CUST1359,Aditya Joshi,2025-05-17,Kolkata,East,Electronics,Smart Watch,5,3672.47,0.1,16526.11,2897.67,Cash on Delivery,Express,3.6
4347,ORD100523,CUST1276,Arjun Singh,2025-02-08,Ahmedabad,West,Electronics,Keyboard,4,1328.73,0.15,4517.68,1300.05,Cash on Delivery,Standard,3.6
4348,ORD103900,CUST2169,Aditya Joshi,2025-07-18,Chandigarh,North,Home & Kitchen,Cookware Set,1,2722.38,0.05,2586.26,502.79,Cash on Delivery,Express,3.8
4349,ORD103122,CUST1855,Ananya Verma,2025-08-27,Bengaluru,South,Books,Data Science Book,1,874.3,0.0,874.3,301.98,Debit Card,Express,4.0
4350,ORD104156,CUST1640,Meera Mishra,2025-04-02,Delhi,North,Books,Programming Book,3,1314.85,0.15,3352.87,1037.95,UPI,Express,4.0
4351,ORD101969,CUST2079,Rahul Tiwari,2025-09-20,Chennai,South,Clothing,T-Shirt,3,708.16,0.1,1912.03,663.49,Net Banking,Same Day,3.5
4352,ORD100671,CUST1525,Kavya Srivastava,2025-03-11,Delhi,North,Books,Data Science Book,1,891.0,0.25,668.25,160.69,Net Banking,Same Day,2.6
4353,ORD104188,CUST1440,Karan Mehta,2025-06-18,Bengaluru,South,Sports,Football,1,926.39,0.1,833.75,125.12,Cash on Delivery,Express,4.7
4354,ORD100666,CUST1497,Rahul Tiwari,2025-10-01,Kolkata,East,Books,Programming Book,4,1238.85,0.05,4707.63,1545.53,Debit Card,Express,4.3
4355,ORD104357,CUST1646,Meera Mishra,2025-10-12,Bengaluru,South,Electronics,Smart Watch,5,3837.64,0.05,18228.79,3854.71,Debit Card,Express,3.6
4356,ORD101887,CUST1781,Aarav Sharma,2025-10-03,Mumbai,West,Books,Programming Book,1,1177.96,0.1,1060.16,356.44,COD,Express,3.6
4357,ORD103266,CUST1607,Priya Saxena,2025-10-05,Mumbai,West,Clothing,Hoodie,1,1455.06,0.25,1091.3,180.65,Debit Card,Express,3.5
4358,ORD100280,CUST1347,Aditya Joshi,2025-05-07,Hyderabad,South,Clothing,Hoodie,1,1509.16,0.15,1282.79,249.78,Credit Card,Same Day,3.8
4359,ORD101719,CUST1345,Diya Gupta,2025-06-10,Chandigarh,North,Clothing,Hoodie,5,1607.41,0.05,7635.2,1980.42,Debit Card,Express,3.7
4360,ORD102947,CUST1321,Diya Gupta,2025-12-18,Noida,North,Home & Kitchen,Coffee Maker,5,3164.77,0.1,14241.47,2853.37,Cash on Delivery,Same Day,3.5
4361,ORD100899,CUST1529,Arjun Singh,2025-09-19,Kolkata,East,Sports,Running Shoes,5,2864.14,0.05,13604.66,2087.81,UPI,Express,4.1
4362,ORD104870,CUST2163,Sneha Agarwal,2025-04-22,Kolkata,East,Beauty,Face Wash,2,394.36,0.15,670.41,188.05,Credit Card,Standard,4.2
4363,ORD100760,CUST1284,Aditi Malhotra,2025-11-05,Mumbai,West,Beauty,Face Wash,2,425.75,0.1,766.35,261.85,UPI,Standard,5.0
4364,ORD101906,CUST1463,Ananya Verma,2025-02-09,Mumbai,West,Books,Programming Book,2,1126.15,0.0,2252.3,777.13,Cash on Delivery,Standard,3.7
4365,ORD104042,CUST1444,Aditi Malhotra,2025-12-20,Chandigarh,North,Home & Kitchen,Bedsheet,2,1010.67,0.05,1920.27,566.44,Credit Card,Same Day,4.3
4366,ORD103823,CUST2122,Aarav Sharma,2025-11-03,Chandigarh,North,Beauty,Perfume,3,1386.29,0.0,4158.87,879.0,Net Banking,Express,5.0
4367,ORD104138,CUST1496,Ananya Verma,2025-02-23,Mumbai,West,Books,Data Science Book,1,921.08,0.1,828.97,96.69,Cash on Delivery,Same Day,3.7
4368,ORD103818,CUST1881,Arjun Singh,2025-02-17,Bengaluru,South,Electronics,Headphones,2,2173.11,0.05,4128.91,1353.32,Cash on Delivery,Standard,5.0
4369,ORD104300,CUST1663,Aditya Joshi,2025-11-11,Ahmedabad,West,Beauty,Perfume,4,1230.34,0.1,4429.22,1137.03,Cash on Delivery,Same Day,3.7
4370,ORD102593,CUST2089,Aditya Joshi,2025-12-06,Noida,North,Books,Novel,5,523.7,0.05,2487.57,863.51,UPI,Same Day,4.5
4371,ORD104164,CUST1755,Aarav Sharma,2025-04-20,Noida,North,Clothing,Sneakers,1,3030.07,0.1,2727.06,554.47,UPI,Standard,3.2
4372,ORD103031,CUST2164,Sneha Agarwal,2025-08-26,Jaipur,North,Home & Kitchen,Table Lamp,5,974.62,0.15,4142.14,480.93,UPI,Standard,4.0
4373,ORD103579,CUST1637,Diya Gupta,2025-03-14,Delhi,North,Books,Programming Book,1,1262.2,0.1,1135.98,296.09,Debit Card,Same Day,3.6
4374,ORD102832,CUST2112,Aditi Malhotra,2025-05-20,Pune,West,Sports,Yoga Mat,1,936.63,0.0,936.63,209.84,Debit Card,Express,5.0
4375,ORD103472,CUST1346,Karan Mehta,2025-05-22,Noida,North,Home & Kitchen,Cookware Set,4,2719.94,0.15,9247.8,2627.35,Credit Card,Same Day,3.8
4376,ORD100137,CUST1839,Rahul Tiwari,2025-05-03,Lucknow,North,Clothing,Sneakers,1,3177.45,0.2,2541.96,342.1,Cash on Delivery,Standard,3.8
4377,ORD102180,CUST1349,Rahul Tiwari,2025-01-27,Ahmedabad,West,Clothing,Hoodie,1,1501.87,0.05,1426.78,471.29,Credit Card,Standard,4.8
4378,ORD102128,CUST1425,Kavya Srivastava,2025-10-16,Lucknow,North,Sports,Running Shoes,5,3194.24,0.05,15172.64,4545.79,Cash on Delivery,Express,3.4
4380,ORD104386,CUST1214,Priya Saxena,2025-02-16,Lucknow,North,Home & Kitchen,Bedsheet,1,969.52,0.1,872.57,290.59,Credit Card,Same Day,4.4
4381,ORD104261,CUST1307,Rohan Patel,2025-10-28,Hyderabad,South,Sports,Yoga Mat,2,858.94,0.0,1717.88,426.65,UPI,Same Day,4.0
4382,ORD104344,CUST1195,Meera Mishra,2025-03-20,Mumbai,West,Electronics,Keyboard,1,1201.95,0.0,1201.95,384.33,Credit Card,Express,3.6
4383,ORD101331,CUST2146,Sneha Agarwal,2025-07-02,Pune,West,Home & Kitchen,Bedsheet,3,1065.14,0.15,2716.11,847.61,Debit Card,Express,4.4
4384,ORD102017,CUST1723,Aarav Sharma,2025-10-19,Chandigarh,North,Home & Kitchen,Bedsheet,3,1088.6,0.0,3265.8,551.53,Net Banking,Same Day,4.2
4385,ORD102482,CUST1773,Aarav Sharma,2025-03-22,Ahmedabad,West,Clothing,Hoodie,3,1594.89,0.0,4784.67,1589.89,Net Banking,Same Day,2.9
4386,ORD101358,CUST2113,Arjun Singh,2025-04-20,Noida,North,Beauty,Perfume,1,1366.86,0.0,1366.86,172.26,Debit Card,Standard,4.0
4387,ORD101329,CUST1138,Arjun Singh,2025-03-23,Ahmedabad,West,Clothing,T-Shirt,2,716.21,0.05,1360.8,146.35,Cash on Delivery,Standard,3.2
4388,ORD102150,CUST1575,Ishaan Kumar,2025-03-15,Noida,North,Electronics,Wireless Mouse,3,830.13,0.1,2241.35,500.65,Net Banking,Express,4.6
4389,ORD102122,CUST1260,Meera Mishra,2025-11-03,Jaipur,North,Electronics,Headphones,2,2097.31,0.0,4194.62,1007.7,Credit Card,Express,4.0
4390,ORD103981,CUST1329,Meera Mishra,2025-04-29,Noida,North,Electronics,Smart Watch,5,3598.23,0.05,17091.59,4168.93,upi,Standard,4.9
4391,ORD101252,CUST1382,Sneha Agarwal,2025-12-18,Pune,West,Clothing,Hoodie,5,1560.59,0.0,7802.95,825.71,Net Banking,Express,3.1
4392,ORD103278,CUST1879,Karan Mehta,2025-06-02,Mumbai,West,Books,Novel,3,475.1,0.0,1425.3,235.08,Cash on Delivery,Same Day,4.6
4393,ORD103374,CUST1278,Aditi Malhotra,2025-09-04,Ahmedabad,West,Home & Kitchen,Coffee Maker,2,3704.38,0.15,6297.45,1229.54,Cash on Delivery,Same Day,4.8
4395,ORD101848,CUST2076,Kavya Srivastava,2025-11-06,Ahmedabad,West,Clothing,Sneakers,4,2758.05,0.1,9928.98,3211.32,Cash on Delivery,Express,4.6
4396,ORD103037,CUST2095,Arjun Singh,2025-10-15,Chennai,South,Electronics,Headphones,2,1803.07,0.1,3245.53,418.14,Net Banking,Same Day,4.4
4397,ORD100388,CUST1074,Arjun Singh,2025-03-01,Bengaluru,South,Sports,Football,3,965.51,0.05,2751.7,587.61,Cash on Delivery,Standard,3.4
4398,ORD100235,CUST1212,Aarav Sharma,2025-06-12,Chennai,South,Home & Kitchen,Table Lamp,5,850.07,0.15,3612.8,861.64,Net Banking,Standard,3.6
4399,ORD101077,CUST1015,Sneha Agarwal,2025-05-19,Bengaluru,South,Clothing,T-Shirt,5,724.83,0.05,3442.94,740.46,Credit Card,Standard,4.5
4400,ORD101984,CUST1792,Aditya Joshi,2025-01-01,Chennai,South,Electronics,Smart Watch,1,3667.71,0.0,3667.71,933.43,Credit Card,Same Day,4.6
4401,ORD104363,CUST1359,Ananya Verma,2025-03-30,Noida,North,Electronics,Headphones,1,2154.58,0.15,1831.39,451.88,Debit Card,Express,2.4
4402,ORD103962,CUST2013,Karan Mehta,2025-01-08,Lucknow,North,Clothing,Hoodie,2,1534.2,0.1,2761.56,445.23,UPI,Standard,4.3
4403,ORD100770,CUST1026,Rahul Tiwari,2025-10-24,Jaipur,North,Sports,Football,2,1031.08,0.05,1959.05,552.47,UPI,Standard,3.1
4404,ORD102165,CUST1126,Priya Saxena,2025-07-01,Kolkata,East,Sports,Football,4,983.26,0.15,3343.08,1108.07,Cash on Delivery,Same Day,3.4
4405,ORD100673,CUST1191,Arjun Singh,2025-02-23,Hyderabad,South,Books,Data Science Book,3,908.48,0.15,2316.62,437.06,Cash on Delivery,Standard,4.6
4407,ORD101574,CUST1778,Rahul Tiwari,2025-04-10,Jaipur,North,Home & Kitchen,Cookware Set,4,2389.91,0.15,8125.69,1492.62,Cash on Delivery,Same Day,3.0
4408,ORD103419,CUST1876,Priya Saxena,2025-03-11,Delhi,North,Electronics,Headphones,5,1892.03,0.1,8514.14,1643.47,Credit Card,Standard,4.3
4409,ORD102081,CUST2106,Sneha Agarwal,2025-12-08,Ahmedabad,West,Beauty,Perfume,1,1267.37,0.0,1267.37,158.68,Net Banking,Express,3.7
4411,ORD100716,CUST1350,Rahul Tiwari,2025-12-20,Noida,North,Sports,Running Shoes,2,3279.35,0.0,6558.7,1282.96,Credit Card,Same Day,4.3
4412,ORD104688,CUST2115,Ananya Verma,2025-08-13,Lucknow,North,Books,Novel,1,463.63,0.1,417.27,135.38,Net Banking,Same Day,5.0
4413,ORD102048,CUST1696,Kavya Srivastava,2025-09-16,Mumbai,West,Home & Kitchen,Coffee Maker,1,3471.22,0.2,2776.98,614.0,Cash on Delivery,Standard,3.7
4414,ORD104178,CUST1291,Sneha Agarwal,2025-06-27,Mumbai,West,Beauty,Sunscreen,1,730.96,0.15,621.32,115.02,Credit Card,Express,3.1
4415,ORD102724,CUST1803,Arjun Singh,2025-06-05,Delhi,North,Clothing,Sneakers,2,2844.92,0.2,4551.87,1499.61,UPI,Express,4.5
4416,ORD104540,CUST1072,Aditi Malhotra,2025-07-01,Pune,West,Books,Novel,1,449.28,0.15,381.89,46.76,Net Banking,Express,4.5
4417,ORD101460,CUST1558,Rahul Tiwari,2025-05-09,Delhi,North,Sports,Football,2,1067.47,0.2,1707.95,303.0,UPI,Express,5.0
4418,ORD101668,CUST1727,Diya Gupta,2025-03-22,Pune,West,Clothing,Sneakers,3,2713.68,0.15,6919.88,1438.41,Net Banking,Same Day,5.0
4419,ORD102756,CUST2153,Ishaan Kumar,2025-10-15,Ahmedabad,West,Sports,Running Shoes,5,2988.24,0.15,12700.02,1397.47,UPI,Same Day,4.7
4420,ORD102000,CUST1713,Kavya Srivastava,2025-09-20,Ahmedabad,West,Books,Novel,1,493.61,0.3,345.53,95.89,Net Banking,Same Day,4.4
4421,ORD100404,CUST1496,Diya Gupta,2025-11-17,Ahmedabad,West,Clothing,Jeans,2,1789.13,0.25,2683.7,639.4,Net Banking,Express,4.3
4423,ORD104511,CUST1151,Aarav Sharma,2025-11-24,Ahmedabad,West,home & kitchen,Wireless Mouse,5,739.55,0.2,2958.2,854.53,Cash on Delivery,Same Day,3.9
4424,ORD102152,CUST2151,Sneha Agarwal,2025-09-29,Ahmedabad,West,Electronics,Keyboard,1,1171.8,0.1,1054.62,220.76,Cash on Delivery,Standard,3.5
4425,ORD101633,CUST1176,Kavya Srivastava,2025-01-13,Hyderabad,South,Clothing,T-Shirt,5,652.54,0.1,2936.43,820.67,Debit Card,Same Day,5.0
4426,ORD104605,CUST1502,Karan Mehta,2025-06-23,Jaipur,North,Home & Kitchen,Cookware Set,2,2346.75,0.1,4224.15,942.97,Net Banking,Same Day,3.3
4427,ORD103925,CUST1804,Sneha Agarwal,2025-03-01,Lucknow,North,Home & Kitchen,Table Lamp,2,865.8,0.15,1471.86,478.14,Cash on Delivery,Same Day,4.5
4428,ORD104158,CUST1192,Rohan Patel,2025-01-16,Lucknow,North,Electronics,Wireless Mouse,2,832.12,0.15,1414.6,229.41,Credit Card,Express,4.6
4429,ORD100223,CUST1133,Ishaan Kumar,2025-04-23,Ahmedabad,West,Sports,Yoga Mat,1,848.05,0.15,720.84,236.04,Net Banking,Express,4.8
4430,ORD102193,CUST1786,Diya Gupta,2025-12-12,Lucknow,North,Beauty,Sunscreen,4,648.92,0.1,2336.11,551.72,Credit Card,Standard,3.0
4431,ORD103136,CUST1299,Aarav Sharma,2025-09-08,Bengaluru,South,Clothing,Jeans,5,1667.72,0.05,7921.67,914.66,Cash on Delivery,Same Day,4.4
4432,ORD101824,CUST1713,Meera Mishra,2025-10-25,Chennai,South,Beauty,Sunscreen,3,651.82,0.15,1662.14,472.77,UPI,Standard,4.0
4433,ORD104620,CUST1541,Aarav Sharma,2025-05-20,Bengaluru,South,Clothing,Jeans,5,1871.53,0.05,8889.77,1026.56,Credit Card,Express,4.0
4434,ORD100797,CUST1182,Arjun Singh,2025-02-28,Ahmedabad,West,Home & Kitchen,Table Lamp,5,846.44,0.0,4232.2,978.31,UPI,Same Day,4.9
4435,ORD102871,CUST1749,Aditi Malhotra,2025-02-16,Ahmedabad,West,Electronics,Headphones,3,1864.09,0.1,5033.04,632.12,UPI,Express,5.0
4436,ORD100009,CUST1521,Sneha Agarwal,2025-03-27,Chennai,South,Sports,Football,1,910.75,0.05,865.21,150.03,UPI,Express,4.1
4437,ORD101944,CUST1702,Meera Mishra,2025-04-12,Chandigarh,North,Home & Kitchen,Table Lamp,2,847.95,0.15,1441.52,153.92,Net Banking,Express,5.0
4438,ORD101838,CUST2050,Karan Mehta,2025-10-26,Noida,North,Books,Data Science Book,4,873.5,0.1,3144.6,1067.07,Cash on Delivery,Standard,4.1
4439,ORD100255,CUST1123,Priya Saxena,2025-05-03,Delhi,North,Home & Kitchen,Table Lamp,4,986.68,0.0,3946.72,841.15,Debit Card,Standard,3.1
4440,ORD104527,CUST1456,Ananya Verma,2025-03-17,Chandigarh,North,Sports,Football,1,1020.96,0.15,867.82,228.32,UPI,Standard,4.7
4441,ORD101581,CUST1019,Ishaan Kumar,2025-02-22,Lucknow,North,Sports,Football,5,922.94,0.1,4153.23,1188.5,UPI,Standard,4.1
4442,ORD102956,CUST1994,Diya Gupta,2025-04-14,Noida,North,Clothing,T-Shirt,4,638.74,0.0,2554.96,828.74,Cash on Delivery,Express,4.4
4443,ORD100924,CUST1635,Arjun Singh,2025-11-17,Mumbai,West,Home & Kitchen,Cookware Set,1,2479.75,0.0,2479.75,313.45,UPI,Standard,2.4
4444,ORD104448,CUST1473,Ishaan Kumar,2025-06-14,Chandigarh,North,Electronics,Wireless Mouse,1,816.74,0.1,735.07,78.34,Credit Card,Express,4.0
4445,ORD102508,CUST1071,Diya Gupta,2025-12-17,Hyderabad,South,Home & Kitchen,Bedsheet,2,1035.87,0.15,1760.98,593.34,UPI,Express,4.2
4446,ORD103775,CUST2003,Meera Mishra,2025-11-07,Delhi,North,Beauty,Sunscreen,1,670.78,0.1,603.7,95.61,Net Banking,Express,5.0
4447,ORD104136,CUST1381,Priya Saxena,2025-04-09,Mumbai,West,Home & Kitchen,Bedsheet,1,1007.45,0.1,906.71,296.02,Net Banking,Standard,4.7
4448,ORD102779,CUST1868,Karan Mehta,2025-05-14,Mumbai,West,Home & Kitchen,Table Lamp,3,861.88,0.1,2327.08,713.63,Net Banking,Standard,3.6
4449,ORD100539,CUST1032,Priya Saxena,2025-02-07,Noida,North,Clothing,T-Shirt,5,760.47,0.0,3802.35,830.87,Cash on Delivery,Standard,4.1
4450,ORD102745,CUST1890,Arjun Singh,2025-01-23,Lucknow,North,Sports,Running Shoes,2,3250.63,0.25,4875.94,1269.09,UPI,Express,4.7
4451,ORD104517,CUST1608,Kavya Srivastava,2025-06-03,Chandigarh,North,Electronics,Wireless Mouse,4,766.84,0.05,2913.99,975.51,Net Banking,Standard,4.4
4452,ORD104590,CUST1981,Aditi Malhotra,2025-02-16,Ahmedabad,West,Home & Kitchen,Coffee Maker,2,3518.34,0.1,6333.01,1259.54,Net Banking,Express,3.7
4453,ORD101145,CUST1846,Rohan Patel,2025-06-19,Chandigarh,North,Home & Kitchen,Bedsheet,2,957.55,0.1,1723.59,283.74,Credit Card,Standard,4.3
4454,ORD100667,CUST1344,Priya Saxena,2025-12-05,Chennai,South,Beauty,Perfume,1,1323.85,0.1,1191.46,227.49,Debit Card,Express,3.4
4455,ORD103019,CUST1672,Priya Saxena,2025-01-02,Jaipur,North,Clothing,Sneakers,4,3081.77,0.0,12327.08,3451.46,Net Banking,Same Day,3.6
4456,ORD100357,CUST1519,Diya Gupta,2025-01-14,Noida,North,Clothing,Hoodie,1,1535.41,0.1,1381.87,145.19,Net Banking,Standard,3.6
4457,ORD102831,CUST1932,Sneha Agarwal,2025-01-29,Noida,North,Electronics,Headphones,1,1954.37,0.15,1661.21,404.74,UPI,Express,4.2
4458,ORD102783,CUST1746,Ishaan Kumar,2025-11-16,Chennai,South,Clothing,T-Shirt,1,724.21,0.1,651.79,175.53,Debit Card,Express,4.1
4460,ORD100470,CUST1792,Ananya Verma,2025-09-15,Pune,West,Clothing,Sneakers,2,2746.04,0.15,4668.27,1589.35,Debit Card,Same Day,3.4
4461,ORD102703,CUST1583,Rohan Patel,2025-12-21,Delhi,North,Home & Kitchen,Table Lamp,1,947.02,0.15,804.97,269.71,Cash on Delivery,Standard,3.3
4462,ORD103330,CUST1146,Priya Saxena,2025-07-14,Pune,West,Beauty,Perfume,3,1422.49,0.15,3627.35,541.16,Debit Card,Express,4.7
4463,ORD103637,CUST1079,Meera Mishra,2025-03-28,Mumbai,West,Home & Kitchen,Cookware Set,3,2696.88,0.15,6877.04,2377.79,Net Banking,Standard,4.8
4464,ORD101396,CUST1430,Ananya Verma,2025-09-26,Delhi,North,Clothing,Jeans,5,1662.33,0.15,7064.9,1021.57,Debit Card,Standard,4.0
4465,ORD103584,CUST1474,Rahul Tiwari,2025-07-20,Delhi,North,Electronics,Keyboard,3,1177.1,0.0,3531.3,547.99,Debit Card,Standard,4.3
4466,ORD104505,CUST1316,Priya Saxena,2025-11-10,Bengaluru,South,Sports,Football,1,974.51,0.0,974.51,266.63,Net Banking,Express,4.2
4467,ORD103376,CUST2149,Ishaan Kumar,2025-03-16,Chennai,South,Home & Kitchen,Table Lamp,5,983.22,0.1,4424.49,1266.15,Credit Card,Standard,4.6
4468,ORD101256,CUST1155,Sneha Agarwal,2025-07-08,Kolkata,East,Books,Novel,2,471.6,0.0,943.2,320.04,Debit Card,Same Day,4.4
4469,ORD103512,CUST1514,Diya Gupta,2025-07-25,Noida,North,Home & Kitchen,Table Lamp,1,830.35,0.1,747.32,152.78,Debit Card,Standard,4.0
4470,ORD101250,CUST1418,Karan Mehta,2025-09-22,Ahmedabad,West,Clothing,Hoodie,5,1382.24,0.3,4837.84,1622.96,Net Banking,Express,3.7
4471,ORD104827,CUST1785,Aditi Malhotra,2025-07-01,Delhi,North,Home & Kitchen,Coffee Maker,5,3561.61,0.1,16027.24,3551.14,Net Banking,Express,4.6
4472,ORD104298,CUST1884,Arjun Singh,2025-12-02,Noida,North,Sports,Running Shoes,1,3223.29,0.15,2739.8,456.58,Cash on Delivery,Same Day,3.8
4473,ORD103284,CUST1086,Ishaan Kumar,2025-07-16,Jaipur,North,Electronics,Headphones,3,2007.24,0.15,5118.46,1687.27,Net Banking,Express,4.0
4474,ORD102933,CUST1731,Karan Mehta,2025-09-09,Pune,West,Books,Programming Book,1,1294.29,0.1,1164.86,337.05,Cash on Delivery,Same Day,4.3
4475,ORD104175,CUST2023,Ishaan Kumar,2025-06-01,Mumbai,West,Sports,Yoga Mat,3,939.72,0.1,2537.24,877.02,Credit Card,Same Day,4.4
4476,ORD101852,CUST1206,Ishaan Kumar,2025-03-30,Mumbai,West,Electronics,Headphones,4,1988.91,0.05,7557.86,2055.88,Net Banking,Standard,3.7
4477,ORD104889,CUST1397,Karan Mehta,2025-03-28,Hyderabad,South,Beauty,Face Wash,2,374.84,0.1,674.71,204.1,Cash on Delivery,Standard,4.4
4478,ORD102105,CUST1176,Rahul Tiwari,2025-05-01,Delhi,North,Beauty,Perfume,5,1261.94,0.05,5994.22,712.16,Credit Card,Same Day,2.9
4479,ORD100133,CUST1211,Aditi Malhotra,2025-05-27,Lucknow,North,Home & Kitchen,Table Lamp,2,966.44,0.1,1739.59,367.03,Net Banking,Same Day,3.3
4481,ORD100823,CUST1509,Meera Mishra,2025-02-09,Mumbai,West,Electronics,Headphones,2,1803.14,0.15,3065.34,503.19,UPI,Standard,5.0
4482,ORD104562,CUST1799,Kavya Srivastava,2025-05-21,Bengaluru,South,Home & Kitchen,Cookware Set,4,2477.64,0.05,9415.03,2399.0,Net Banking,Standard,5.0
4483,ORD101531,CUST1177,Rahul Tiwari,2025-11-04,Noida,North,Books,Programming Book,2,1229.77,0.05,2336.56,553.46,UPI,Same Day,3.0
4484,ORD101214,CUST1497,Priya Saxena,2025-10-21,Chandigarh,North,Sports,Football,3,1057.49,0.15,2696.6,872.51,Cash on Delivery,Standard,3.6
4485,ORD100504,CUST1785,Priya Saxena,2025-12-13,Kolkata,East,Electronics,Keyboard,2,1342.92,0.1,2417.26,512.82,Credit Card,Same Day,4.4
4486,ORD104285,CUST1572,Priya Saxena,2025-10-23,Noida,North,Home & Kitchen,Coffee Maker,5,3315.0,0.2,13260.0,2162.38,Debit Card,Express,4.8
4487,ORD101996,CUST1373,Aditi Malhotra,2025-09-16,Kolkata,East,Sports,Yoga Mat,3,988.13,0.05,2816.17,802.31,Credit Card,Express,2.8
4488,ORD103072,CUST1196,Arjun Singh,2025-04-02,Chennai,South,Home & Kitchen,Coffee Maker,2,3598.68,0.05,6837.49,2310.14,Debit Card,Same Day,3.5
4489,ORD101958,CUST1181,Ananya Verma,2025-06-07,Hyderabad,South,Electronics,Wireless Mouse,3,832.98,0.1,2249.05,394.7,UPI,Same Day,2.3
4490,ORD101384,CUST1945,Rohan Patel,2025-11-13,Chandigarh,North,Sports,Yoga Mat,5,840.16,0.15,3570.68,758.88,UPI,Express,3.9
4491,ORD100894,CUST2008,Rohan Patel,2025-12-22,Delhi,North,Clothing,Sneakers,5,3252.32,0.05,15448.52,2544.58,Credit Card,Same Day,2.9
4492,ORD100455,CUST1264,Arjun Singh,2025-02-27,Lucknow,North,Sports,Yoga Mat,2,884.09,0.2,1414.54,161.71,Net Banking,Same Day,4.1
4493,ORD104656,CUST1070,Ananya Verma,2025-01-22,Lucknow,North,Clothing,Hoodie,2,1409.38,0.0,2818.76,560.01,Credit Card,Express,3.8
4494,ORD103709,CUST1208,Aditi Malhotra,2025-08-17,Chandigarh,North,Clothing,T-Shirt,4,760.57,0.1,2738.05,609.09,Debit Card,Standard,3.4
4495,ORD104638,CUST1857,Ishaan Kumar,2025-09-18,Kolkata,East,Sports,Yoga Mat,2,973.52,0.25,1460.28,199.64,Credit Card,Same Day,4.3
4496,ORD104268,CUST1161,Rahul Tiwari,2025-07-14,Pune,West,Sports,Yoga Mat,2,862.83,0.25,1294.25,220.85,Credit Card,Standard,4.4
4497,ORD103522,CUST1529,Karan Mehta,2025-05-21,Chandigarh,North,Clothing,T-Shirt,2,726.82,0.15,1235.59,179.29,Net Banking,Standard,4.0
4498,ORD104134,CUST1811,Ananya Verma,2025-05-29,Bengaluru,South,Books,Programming Book,1,1262.37,0.05,1199.25,330.44,UPI,Standard,5.0
4499,ORD103602,CUST1521,Aditya Joshi,2025-04-13,Chennai,South,Sports,Running Shoes,1,3098.93,0.1,2789.04,349.46,Debit Card,Express,4.0
4500,ORD100713,CUST1495,Karan Mehta,2025-10-20,Chennai,South,Books,Programming Book,5,1290.5,0.15,5484.62,990.71,Credit Card,Standard,4.2
4501,ORD104186,CUST1407,Karan Mehta,2025-03-04,Ahmedabad,West,Sports,Running Shoes,4,2712.15,0.05,10306.17,2940.16,Credit Card,Same Day,5.0
4503,ORD102923,CUST1947,Aarav Sharma,2025-08-16,Pune,West,Sports,Yoga Mat,4,917.55,0.15,3119.67,434.17,UPI,Same Day,3.3
4504,ORD101810,CUST1638,Aditya Joshi,2025-04-21,Bengaluru,South,Sports,Yoga Mat,1,843.88,0.15,717.3,244.66,Cash on Delivery,Same Day,3.9
4505,ORD103486,CUST1634,Diya Gupta,2025-02-04,Ahmedabad,West,Clothing,Hoodie,1,1409.83,0.0,1409.83,224.95,Credit Card,Same Day,3.2
4506,ORD103141,CUST2035,Arjun Singh,2025-10-25,Ahmedabad,West,Clothing,Jeans,1,1813.55,0.05,1722.87,519.78,Cash on Delivery,Standard,4.4
4507,ORD101827,CUST1433,Rohan Patel,2025-05-02,Noida,North,Sports,Yoga Mat,5,871.98,0.05,4141.9,1083.13,Cash on Delivery,Same Day,3.9
4508,ORD101155,CUST1845,Aditya Joshi,2025-01-24,Chennai,South,Clothing,Hoodie,1,1576.01,0.25,1182.01,301.81,UPI,Standard,4.7
4509,ORD101324,CUST1384,Priya Saxena,2025-07-01,Jaipur,North,Home & Kitchen,Table Lamp,5,931.87,0.05,4426.38,513.17,Cash on Delivery,Express,3.7
4510,ORD104312,CUST1009,Diya Gupta,2025-07-22,Hyderabad,South,Books,Programming Book,1,1231.19,0.05,1169.63,208.75,UPI,Express,3.9
4511,ORD100510,CUST1527,Meera Mishra,2025-09-08,Chandigarh,North,Electronics,Smart Watch,1,3782.55,0.05,3593.42,951.14,Debit Card,Standard,4.3
4512,ORD101680,CUST1977,Diya Gupta,2025-10-03,Chandigarh,North,Clothing,Sneakers,2,3268.64,0.05,6210.42,874.28,Net Banking,Standard,4.1
4513,ORD100499,CUST1660,Aarav Sharma,2025-08-12,Delhi,North,Home & Kitchen,Coffee Maker,1,3333.7,0.0,3333.7,1108.26,Debit Card,Express,4.5
4514,ORD104763,CUST1736,Meera Mishra,2025-04-20,Chennai,South,Clothing,T-Shirt,4,639.85,0.0,2559.4,831.53,UPI,Express,5.0
4515,ORD101856,CUST2076,Kavya Srivastava,2025-12-30,Pune,West,Home & Kitchen,Table Lamp,5,873.39,0.0,4366.95,1360.28,Credit Card,Same Day,3.7
4516,ORD101388,CUST1925,Ishaan Kumar,2025-11-11,Noida,North,Clothing,T-Shirt,3,755.8,0.1,2040.66,291.07,UPI,Standard,3.4
4517,ORD103719,CUST1656,Priya Saxena,2025-10-20,Ahmedabad,West,Sports,Yoga Mat,1,922.35,0.0,922.35,169.05,UPI,Same Day,3.5
4518,ORD102386,CUST1716,Priya Saxena,2025-10-15,Bengaluru,South,Clothing,Hoodie,1,1555.69,0.2,1244.55,340.17,Net Banking,Express,4.4
4519,ORD103236,CUST1903,Aarav Sharma,2025-04-21,Bengaluru,South,Books,Data Science Book,2,986.62,0.15,1677.25,455.18,Credit Card,Standard,4.6
4520,ORD101540,CUST1363,Aditi Malhotra,2025-06-06,Mumbai,West,Home & Kitchen,Coffee Maker,3,3805.85,0.05,10846.67,3583.7,Credit Card,Standard,4.3
4521,ORD101217,CUST1099,Rahul Tiwari,2025-09-11,Chandigarh,North,Sports,Football,2,916.09,0.05,1740.57,497.97,Credit Card,Express,4.4
4522,ORD102681,CUST1843,Diya Gupta,2025-11-18,Ahmedabad,West,Clothing,Jeans,2,1965.21,0.1,3537.38,1132.15,Cash on Delivery,Express,4.3
4523,ORD102993,CUST1262,Sneha Agarwal,2025-12-22,Ahmedabad,West,Sports,Football,2,965.43,0.25,1448.14,214.04,UPI,Same Day,3.5
4524,ORD101191,CUST1640,Aarav Sharma,2025-07-10,Chandigarh,North,Clothing,Jeans,1,1861.8,0.15,1582.53,213.71,Debit Card,Express,3.8
4525,ORD101542,CUST1283,Arjun Singh,2025-03-11,Chennai,South,Clothing,Jeans,4,1674.49,0.0,6697.96,974.47,UPI,Standard,2.9
4526,ORD103301,CUST2119,Karan Mehta,2025-07-03,Jaipur,North,Electronics,Wireless Mouse,2,823.79,0.15,1400.44,405.3,Debit Card,Express,3.7
4527,ORD103324,CUST1706,Sneha Agarwal,2025-11-08,Noida,North,Sports,Yoga Mat,2,883.46,0.05,1678.57,301.93,Net Banking,Express,3.6
4528,ORD102539,CUST1774,Sneha Agarwal,2025-08-29,Hyderabad,South,Clothing,Jeans,3,1664.84,0.05,4744.79,1020.11,Net Banking,Standard,3.9
4529,ORD100953,CUST2192,Rahul Tiwari,2025-01-15,Jaipur,North,Home & Kitchen,Coffee Maker,5,3299.04,0.15,14020.92,4183.14,UPI,Standard,3.6
4530,ORD104330,CUST1837,Ishaan Kumar,2025-02-24,delhi,North,Electronics,Wireless Mouse,1,748.2,0.15,635.97,115.36,Credit Card,Same Day,4.3
4531,ORD100732,CUST1593,Rahul Tiwari,2025-09-18,Mumbai,West,Home & Kitchen,Cookware Set,1,2389.55,0.05,2270.07,353.85,Cash on Delivery,Same Day,2.9
4532,ORD101156,CUST1536,Rohan Patel,2025-04-25,Lucknow,North,Electronics,Smart Watch,2,3797.02,0.25,5695.53,1981.9,UPI,Standard,2.1
4533,ORD103294,CUST1290,Meera Mishra,2025-09-25,Mumbai,West,Clothing,T-Shirt,4,635.51,0.0,2542.04,852.22,Net Banking,Standard,5.0
4534,ORD102982,CUST1563,Rahul Tiwari,2025-07-04,Ahmedabad,West,Books,Novel,1,490.97,0.05,466.42,114.25,UPI,Same Day,2.7
4535,ORD102156,CUST2029,Karan Mehta,2025-05-24,Bengaluru,South,Electronics,Headphones,4,2007.13,0.1,7225.67,2310.47,Net Banking,Standard,4.7
4536,ORD101062,CUST1875,Diya Gupta,2025-11-01,Delhi,North,Clothing,Sneakers,1,3191.46,0.15,2712.74,779.11,Debit Card,Express,4.2
4537,ORD102616,CUST2022,Karan Mehta,2025-03-25,Kolkata,East,Electronics,Wireless Mouse,4,799.54,0.0,3198.16,492.8,UPI,Standard,4.1
4538,ORD101167,CUST1247,Karan Mehta,2025-09-14,Bengaluru,South,Electronics,Wireless Mouse,2,849.59,0.15,1444.3,422.76,Net Banking,Standard,3.6
4539,ORD103222,CUST1230,Ishaan Kumar,2025-10-24,Kolkata,East,Books,Programming Book,1,1152.92,0.2,922.34,162.04,Credit Card,Same Day,5.0
4540,ORD103636,CUST1447,Sneha Agarwal,2025-11-26,Noida,North,Home & Kitchen,Table Lamp,5,975.19,0.1,4388.36,1353.12,Cash on Delivery,Express,4.9
4541,ORD102938,CUST1938,Aarav Sharma,2025-12-26,Mumbai,West,Home & Kitchen,Bedsheet,2,1067.8,0.15,1815.26,485.94,Cash on Delivery,Same Day,4.6
4542,ORD104491,CUST1390,Ishaan Kumar,2025-08-22,Kolkata,East,Books,Data Science Book,1,893.69,0.1,804.32,179.61,Credit Card,Express,3.9
4543,ORD103140,CUST2154,Ananya Verma,2025-03-07,Ahmedabad,West,Home & Kitchen,Cookware Set,1,2572.12,0.25,1929.09,275.91,Debit Card,Standard,4.2
4544,ORD100143,CUST1391,Arjun Singh,2025-11-22,Pune,West,Electronics,Smart Watch,1,3249.81,0.2,2599.85,322.44,Credit Card,Express,3.3
4545,ORD103577,CUST1199,Aarav Sharma,2025-09-03,Mumbai,West,Books,Programming Book,2,1098.19,0.05,2086.56,663.33,UPI,Same Day,4.6
4546,ORD102782,CUST1962,Ananya Verma,2025-08-16,Bengaluru,South,Sports,Yoga Mat,3,955.9,0.05,2724.31,795.6,Credit Card,Express,5.0
4547,ORD100717,CUST1817,Ananya Verma,2025-02-22,Chandigarh,North,Clothing,Hoodie,1,1496.96,0.05,1422.11,161.11,Credit Card,Same Day,1.0
4548,ORD101819,CUST2054,Diya Gupta,2025-12-01,Ahmedabad,West,Books,Novel,1,462.72,0.15,393.31,58.84,Cash on Delivery,Express,2.7
4549,ORD102502,CUST1772,Aarav Sharma,2025-02-25,Bengaluru,South,Home & Kitchen,Cookware Set,3,2742.47,0.05,7816.04,2045.51,Cash on Delivery,Standard,5.0
4550,ORD104360,CUST1611,Arjun Singh,2025-05-31,Delhi,North,Electronics,Smart Watch,2,3385.3,0.25,5077.95,1595.0,Debit Card,Same Day,4.5
4551,ORD104171,CUST1208,Rahul Tiwari,2025-07-24,Mumbai,West,Clothing,Sneakers,2,3067.54,0.0,6135.08,1312.16,UPI,Standard,3.6
4552,ORD100395,CUST1749,Aditi Malhotra,2025-11-13,Lucknow,North,Clothing,Sneakers,1,2917.83,0.0,2917.83,661.79,Cash on Delivery,Standard,3.1
4553,ORD104856,CUST1138,Sneha Agarwal,2025-12-01,Delhi,North,Home & Kitchen,Table Lamp,3,978.58,0.05,2788.95,582.21,Net Banking,Standard,4.2
4554,ORD104492,CUST1851,Ananya Verma,2025-06-03,Pune,West,Clothing,Jeans,1,1735.67,0.15,1475.32,326.41,Cash on Delivery,Express,3.5
4555,ORD101365,CUST1113,Aditi Malhotra,2025-05-13,Noida,North,Sports,Football,3,1050.29,0.25,2363.15,809.61,Cash on Delivery,Express,3.3
4556,ORD104577,CUST1802,Kavya Srivastava,2025-05-01,Noida,North,Home & Kitchen,Coffee Maker,1,3844.63,0.15,3267.94,434.07,Debit Card,Standard,5.0
4557,ORD100595,CUST2107,Karan Mehta,2025-04-11,Lucknow,North,Home & Kitchen,Cookware Set,4,2576.71,0.05,9791.5,3421.27,Credit Card,Express,4.6
4558,ORD103952,CUST1678,Meera Mishra,2025-12-05,Bengaluru,South,Beauty,Perfume,2,1309.28,0.0,2618.56,883.96,Debit Card,Standard,5.0
4559,ORD102914,CUST1552,Sneha Agarwal,2025-11-14,Jaipur,North,Clothing,Hoodie,1,1452.8,0.05,1380.16,380.2,UPI,Same Day,3.6
4560,ORD102326,CUST2019,Karan Mehta,2025-08-31,Jaipur,North,Clothing,Hoodie,1,1457.51,0.1,1311.76,227.12,Credit Card,Express,4.2
4561,ORD103766,CUST1947,Arjun Singh,2025-03-15,Pune,West,Sports,Yoga Mat,1,952.78,0.1,857.5,293.14,UPI,Express,3.4
4562,ORD103440,CUST1750,Sneha Agarwal,2025-06-17,Delhi,North,Books,Data Science Book,4,909.84,0.05,3457.39,978.86,Cash on Delivery,Standard,2.6
4563,ORD103851,CUST1949,Diya Gupta,2025-03-15,Hyderabad,South,Electronics,Headphones,1,1973.77,0.2,1579.02,205.68,Net Banking,Express,3.5
4564,ORD104132,CUST1026,Meera Mishra,2025-08-31,Chennai,South,Books,Programming Book,3,1124.18,0.1,3035.29,677.2,Debit Card,Express,4.5
4565,ORD104610,CUST1982,Rohan Patel,2025-02-26,Jaipur,North,Beauty,Sunscreen,1,726.39,0.1,653.75,161.63,Debit Card,Express,4.7
4566,ORD102143,CUST1319,Aarav Sharma,2025-03-31,Jaipur,North,Books,Novel,2,488.36,0.2,781.38,251.38,Credit Card,Express,4.2
4567,ORD101571,CUST1495,Karan Mehta,2025-02-27,Noida,North,Electronics,Smart Watch,4,3291.93,0.15,11192.56,2884.91,UPI,Standard,4.8
4568,ORD104079,CUST2051,Sneha Agarwal,2025-02-22,Mumbai,West,Beauty,Perfume,1,1362.6,0.05,1294.47,277.54,Credit Card,Express,4.2
4569,ORD101122,CUST1787,Aarav Sharma,2025-09-15,Lucknow,North,Books,Data Science Book,4,830.37,0.1,2989.33,819.08,Cash on Delivery,Express,4.6
4570,ORD102786,CUST1925,Ishaan Kumar,2025-07-20,Delhi,North,Books,Programming Book,2,1160.59,0.2,1856.94,590.61,Cash on Delivery,Same Day,5.0
4571,ORD102967,CUST1802,Priya Saxena,2025-08-06,Lucknow,North,Electronics,Keyboard,1,1303.43,0.05,1238.26,227.46,Cash on Delivery,Express,4.6
4572,ORD102504,CUST1000,Arjun Singh,2025-10-03,Hyderabad,South,Beauty,Perfume,1,1363.32,0.1,1226.99,127.65,Credit Card,Standard,3.3
4573,ORD103465,CUST1822,Arjun Singh,2025-05-27,Mumbai,West,Books,Programming Book,1,1202.44,0.3,841.71,185.25,Debit Card,Express,2.5
4574,ORD100675,CUST1033,Aarav Sharma,2025-05-09,Delhi,North,Home & Kitchen,Cookware Set,1,2441.42,0.1,2197.28,651.19,Net Banking,Same Day,4.3
4575,ORD102808,CUST1311,Rahul Tiwari,2025-01-23,Chandigarh,North,Beauty,Perfume,3,1221.9,0.15,3115.85,899.2,Cash on Delivery,Standard,3.6
4576,ORD103348,CUST1550,Diya Gupta,2025-01-30,Pune,West,Beauty,Face Wash,4,385.32,0.25,1155.96,137.11,Debit Card,Standard,4.5
4577,ORD100728,CUST1816,Aditi Malhotra,2025-12-10,Chennai,South,Electronics,Headphones,3,1886.85,0.0,5660.55,1677.42,Net Banking,Same Day,3.8
4578,ORD100412,CUST1230,Rahul Tiwari,2025-07-19,Noida,North,Beauty,Perfume,2,1329.3,0.05,2525.67,292.96,Net Banking,Standard,3.4
4579,ORD103146,CUST2138,Meera Mishra,2025-03-30,Jaipur,North,Sports,Yoga Mat,1,949.75,0.15,807.29,100.06,Cash on Delivery,Same Day,4.7
4580,ORD101516,CUST1136,Rohan Patel,2025-03-04,Chandigarh,North,Electronics,Wireless Mouse,5,834.04,0.0,4170.2,501.57,Net Banking,Same Day,4.2
4581,ORD100825,CUST1444,Arjun Singh,2025-01-05,Pune,West,Electronics,Wireless Mouse,2,864.48,0.15,1469.62,361.16,Credit Card,Same Day,3.8
4582,ORD103267,CUST1247,Kavya Srivastava,2025-08-20,Mumbai,West,Home & Kitchen,Coffee Maker,2,3228.31,0.15,5488.13,872.14,UPI,Express,4.4
4583,ORD103974,CUST1920,Ishaan Kumar,2025-09-20,Bengaluru,South,Beauty,Face Wash,1,410.32,0.15,348.77,80.15,Credit Card,Standard,4.1
4584,ORD100616,CUST1341,Rahul Tiwari,2025-10-13,Chandigarh,North,Electronics,Keyboard,2,1339.42,0.15,2277.01,357.38,Cash on Delivery,Standard,3.2
4585,ORD100114,CUST1979,Priya Saxena,2025-02-20,Lucknow,North,Books,Novel,2,479.49,0.1,863.08,107.23,Cash on Delivery,Express,3.6
4586,ORD100417,CUST1677,Meera Mishra,2025-01-15,Delhi,North,Home & Kitchen,Table Lamp,5,868.24,0.1,3907.08,738.75,Net Banking,Express,4.5
4587,ORD103069,CUST1088,Diya Gupta,2025-03-13,Chandigarh,North,Sports,Running Shoes,1,2920.63,0.1,2628.57,414.45,Cash on Delivery,Express,5.0
4588,ORD101625,CUST1452,Aditi Malhotra,2025-12-06,Kolkata,East,Beauty,Sunscreen,4,715.99,0.0,2863.96,994.98,Debit Card,Express,5.0
4589,ORD104970,CUST1178,Aditi Malhotra,2025-04-07,Ahmedabad,West,Books,Data Science Book,3,956.14,0.15,2438.16,536.73,Credit Card,Express,3.6
4591,ORD102896,CUST1115,Priya Saxena,2025-12-14,Kolkata,East,Books,Data Science Book,5,879.09,0.15,3736.13,402.6,Credit Card,Same Day,4.1
4592,ORD104691,CUST1650,Sneha Agarwal,2025-06-22,Delhi,North,Sports,Football,2,924.46,0.05,1756.47,493.38,Net Banking,Express,4.5
4593,ORD102082,CUST2193,Rohan Patel,2025-06-19,Hyderabad,South,Clothing,Sneakers,5,3085.1,0.1,13882.95,1958.33,Net Banking,Express,4.2
4594,ORD100753,CUST1859,Rohan Patel,2025-05-24,Hyderabad,South,Home & Kitchen,Cookware Set,4,2297.12,0.05,8729.06,1968.69,UPI,Express,5.0
4595,ORD102546,CUST1871,Ishaan Kumar,2025-10-19,Chandigarh,North,Clothing,Jeans,5,1926.99,0.1,8671.46,946.78,Net Banking,Same Day,4.0
4596,ORD103969,CUST1674,Karan Mehta,2025-01-17,Lucknow,North,Clothing,Hoodie,1,1633.85,0.1,1470.46,383.57,Cash on Delivery,Express,2.6
4597,ORD103373,CUST1057,Ananya Verma,2025-10-17,Chandigarh,North,Electronics,Keyboard,2,1224.21,0.15,2081.16,392.78,Debit Card,Standard,3.9
4598,ORD104107,CUST1232,Aditya Joshi,2025-09-30,Chennai,South,Home & Kitchen,Table Lamp,2,986.77,0.05,1874.86,403.82,Net Banking,Same Day,3.7
4599,ORD102444,CUST1807,Ishaan Kumar,2025-02-25,Mumbai,West,Books,Data Science Book,5,956.5,0.1,4304.25,794.18,Credit Card,Standard,4.0
4600,ORD104380,CUST1171,Aditya Joshi,2025-12-05,Hyderabad,South,Home & Kitchen,Table Lamp,3,950.76,0.05,2709.67,441.02,Debit Card,Express,5.0
4601,ORD101066,CUST1523,Diya Gupta,2025-09-27,Kolkata,East,Clothing,Sneakers,4,2879.02,0.2,9212.86,1623.1,Net Banking,Same Day,5.0
4602,ORD103913,CUST1045,Sneha Agarwal,2025-08-29,Jaipur,North,Electronics,Keyboard,1,1202.52,0.2,962.02,146.37,Net Banking,Standard,4.9
4603,ORD103498,CUST1011,Diya Gupta,2025-02-07,Lucknow,North,Books,Programming Book,3,1244.74,0.15,3174.09,408.7,Cash on Delivery,Express,3.4
4604,ORD102738,CUST1654,Arjun Singh,2025-03-16,Jaipur,North,Home & Kitchen,Bedsheet,1,1024.69,0.05,973.46,201.53,Net Banking,Express,3.9
4605,ORD104000,CUST1579,Kavya Srivastava,2025-10-01,Bengaluru,South,Electronics,Keyboard,4,1178.05,0.1,4240.98,1332.83,Cash on Delivery,Same Day,4.3
4606,ORD101568,CUST1357,Rahul Tiwari,2025-06-21,Bengaluru,South,Clothing,Sneakers,1,2794.99,0.0,2794.99,701.18,Debit Card,Express,2.8
4607,ORD102427,CUST1770,Sneha Agarwal,2025-06-08,Ahmedabad,West,Electronics,Smart Watch,3,3201.41,0.05,9124.02,2874.85,Credit Card,Express,5.0
4608,ORD103746,CUST1147,Diya Gupta,2025-10-11,Hyderabad,South,Clothing,T-Shirt,5,731.96,0.15,3110.83,369.21,Cash on Delivery,Standard,4.8
4609,ORD104864,CUST1348,Diya Gupta,2025-03-26,Hyderabad,South,Clothing,Jeans,4,1855.88,0.0,7423.52,2203.4,Net Banking,Express,4.8
4610,ORD101687,CUST1277,Diya Gupta,2025-07-28,Chennai,South,Sports,Football,1,990.55,0.15,841.97,274.17,Net Banking,Same Day,2.9
4611,ORD100851,CUST1281,Aditya Joshi,2025-12-22,Bengaluru,South,Electronics,Headphones,4,1959.31,0.0,7837.24,893.28,Credit Card,Same Day,3.9
4612,ORD103546,CUST1124,Rahul Tiwari,2025-12-27,Jaipur,North,Sports,Running Shoes,2,2765.62,0.25,4148.43,894.17,UPI,Express,4.4
4614,ORD104592,CUST1819,Karan Mehta,2025-07-28,Pune,West,Home & Kitchen,Bedsheet,4,1007.01,0.05,3826.64,507.5,Cash on Delivery,Express,4.1
4615,ORD100335,CUST1961,Priya Saxena,2025-11-16,Hyderabad,South,Home & Kitchen,Coffee Maker,1,3839.76,0.2,3071.81,434.56,Debit Card,Standard,3.9
4616,ORD102839,CUST1182,Arjun Singh,2025-09-05,Hyderabad,South,Sports,Football,1,1022.04,0.0,1022.04,274.37,Net Banking,Standard,2.6
4617,ORD103087,CUST1167,Kavya Srivastava,2025-01-09,Noida,North,Beauty,Sunscreen,5,747.81,0.05,3552.1,488.45,Credit Card,Same Day,3.8
4618,ORD104611,CUST1939,Aarav Sharma,2025-11-13,Jaipur,North,Books,Novel,1,523.3,0.1,470.97,72.32,Debit Card,Standard,3.6
4619,ORD101348,CUST2172,Aditi Malhotra,2025-09-29,Lucknow,North,Books,Data Science Book,3,939.75,0.05,2678.29,505.56,Net Banking,Standard,4.7
4620,ORD101015,CUST1623,Karan Mehta,2025-02-03,Ahmedabad,West,Electronics,Headphones,5,2004.13,0.1,9018.59,2196.34,Credit Card,Express,2.9
4621,ORD102816,CUST1867,Aarav Sharma,2025-01-11,Pune,West,Electronics,Smart Watch,1,3599.85,0.1,3239.86,478.97,UPI,Same Day,3.5
4622,ORD101631,CUST1916,Karan Mehta,2025-06-27,Chandigarh,North,Beauty,Face Wash,1,417.26,0.05,396.4,52.61,Credit Card,Same Day,2.9
4623,ORD102489,CUST1593,Arjun Singh,2025-11-25,Mumbai,West,Beauty,Sunscreen,1,746.32,0.2,597.06,172.78,Cash on Delivery,Express,3.3
4624,ORD103730,CUST1677,Kavya Srivastava,2025-07-25,Mumbai,West,Clothing,T-Shirt,3,663.91,0.0,1991.73,565.15,Cash on Delivery,Express,3.2
4625,ORD103251,CUST1819,Kavya Srivastava,2025-11-01,Jaipur,North,Beauty,Sunscreen,1,680.24,0.05,646.23,116.54,Cash on Delivery,Standard,3.0
4626,ORD104654,CUST1173,Ananya Verma,2025-07-04,Kolkata,East,Beauty,Face Wash,3,406.29,0.2,975.1,310.56,UPI,Express,2.7
4627,ORD102070,CUST1331,Priya Saxena,2025-05-06,Hyderabad,South,Books,Novel,1,460.94,0.15,391.8,74.32,Credit Card,Express,4.0
4628,ORD104452,CUST1034,Kavya Srivastava,2025-10-16,Pune,West,Books,Novel,2,503.45,0.1,906.21,297.06,Debit Card,Standard,3.5
4629,ORD104902,CUST1282,Ananya Verma,2025-07-11,Lucknow,North,Clothing,T-Shirt,1,715.29,0.0,715.29,227.81,Credit Card,Express,4.0
4630,ORD101635,CUST1881,Arjun Singh,2025-07-18,Chennai,South,Home & Kitchen,Bedsheet,2,1088.39,0.1,1959.1,503.84,Debit Card,Express,4.2
4631,ORD102479,CUST2145,Sneha Agarwal,2025-07-18,Delhi,North,Electronics,Smart Watch,1,3676.21,0.2,2940.97,641.2,Debit Card,Same Day,4.4
4632,ORD102265,CUST1920,Rohan Patel,2025-11-30,Noida,North,Books,Novel,4,486.95,0.0,1947.8,213.62,Cash on Delivery,Same Day,3.4
4633,ORD102959,CUST1412,Rohan Patel,2025-01-25,Bengaluru,South,Electronics,Headphones,1,1842.99,0.2,1474.39,459.22,Net Banking,Standard,4.2
4634,ORD104751,CUST1133,Ananya Verma,2025-12-30,Mumbai,West,Clothing,Jeans,2,1667.96,0.05,3169.12,989.33,Credit Card,Express,3.9
4635,ORD103059,CUST1137,Rohan Patel,2025-04-24,Pune,West,Electronics,Wireless Mouse,1,836.76,0.05,794.92,177.38,Debit Card,Express,4.8
4636,ORD102141,CUST1206,Meera Mishra,2025-04-25,Kolkata,East,Beauty,Face Wash,2,426.02,0.0,852.04,202.61,Net Banking,Standard,4.2
4637,ORD103118,CUST1669,Ananya Verma,2025-03-22,Chandigarh,North,Home & Kitchen,Bedsheet,1,929.7,0.2,743.76,107.74,UPI,Express,3.6
4638,ORD104745,CUST1826,Aditya Joshi,2025-06-25,Kolkata,East,Books,Novel,4,501.13,0.0,2004.52,269.53,Debit Card,Express,3.4
4639,ORD104045,CUST1903,Arjun Singh,2025-01-22,Noida,North,Clothing,Sneakers,2,3138.38,0.2,5021.41,1445.81,Net Banking,Standard,4.3
4640,ORD103356,CUST1455,Aditi Malhotra,2025-06-11,Noida,North,Books,Data Science Book,2,836.94,0.05,1590.19,431.02,Credit Card,Express,4.7
4641,ORD102744,CUST1733,Diya Gupta,2025-03-20,Chandigarh,North,Home & Kitchen,Bedsheet,2,942.53,0.1,1696.55,198.75,Net Banking,Same Day,5.0
4642,ORD103506,CUST1043,Priya Saxena,2025-01-25,Delhi,North,Electronics,Headphones,5,2084.74,0.05,9902.51,2621.19,Credit Card,Express,4.0
4643,ORD101679,CUST1304,Rohan Patel,2025-08-26,Mumbai,West,Beauty,Sunscreen,3,730.99,0.0,2192.97,288.7,Credit Card,Express,4.8
4644,ORD104249,CUST1973,Karan Mehta,2025-07-12,Ahmedabad,West,Electronics,Keyboard,1,1301.63,0.05,1236.55,324.94,Debit Card,Express,3.2
4645,ORD103147,CUST1797,Rahul Tiwari,2025-03-14,Chandigarh,North,Clothing,Sneakers,2,2907.36,0.0,5814.72,1776.3,Cash on Delivery,Same Day,2.8
4646,ORD102294,CUST1321,Aditya Joshi,2025-09-21,Mumbai,West,Beauty,Sunscreen,2,681.34,0.1,1226.41,153.88,Cash on Delivery,Same Day,4.2
4647,ORD100580,CUST1489,Rohan Patel,2025-07-29,Delhi,North,Electronics,Headphones,5,1861.34,0.15,7910.69,2603.47,UPI,Standard,4.3
4648,ORD101470,CUST1134,Ishaan Kumar,2025-03-06,Chandigarh,North,Sports,Football,4,1032.8,0.15,3511.52,780.8,Cash on Delivery,Standard,3.7
4649,ORD104070,CUST1819,Rahul Tiwari,2025-04-06,Jaipur,North,Electronics,Headphones,3,2155.79,0.0,6467.37,2074.29,Cash on Delivery,Standard,4.3
4650,ORD103343,CUST1288,Arjun Singh,2025-07-24,Kolkata,East,Sports,Running Shoes,1,2707.49,0.0,2707.49,867.58,Debit Card,Express,5.0
4651,ORD104583,CUST2041,Aditya Joshi,2025-05-04,Chandigarh,North,Electronics,Headphones,1,2006.2,0.1,1805.58,454.69,Net Banking,Express,3.8
4652,ORD103672,CUST1236,Aditi Malhotra,2025-07-17,Bengaluru,South,Sports,Running Shoes,2,3205.44,0.1,5769.79,1705.9,Cash on Delivery,Same Day,3.8
4653,ORD100559,CUST1007,Diya Gupta,2025-07-11,Jaipur,North,Clothing ,Perfume,5,1390.04,0.3,4865.14,616.91,UPI,Express,3.2
4654,ORD102849,CUST1212,Aditi Malhotra,2025-02-10,Hyderabad,South,Clothing,Jeans,5,1917.93,0.15,8151.2,1502.96,UPI,Same Day,3.0
4655,ORD100512,CUST2155,Ishaan Kumar,2025-10-08,Jaipur,North,Books,Novel,1,475.83,0.1,428.25,135.45,Debit Card,Express,3.5
4656,ORD101081,CUST1457,Aditya Joshi,2025-09-03,Ahmedabad,West,Electronics,Wireless Mouse,1,843.14,0.15,716.67,95.99,Cash on Delivery,Same Day,5.0
4657,ORD101664,CUST1160,Priya Saxena,2025-09-27,Kolkata,East,Sports,Running Shoes,1,3232.51,0.15,2747.63,780.64,UPI,Express,3.5
4658,ORD101012,CUST2169,Rohan Patel,2025-05-11,Noida,North,Sports,Running Shoes,1,2950.64,0.15,2508.04,632.52,Net Banking,Express,4.2
4659,ORD101931,CUST2052,Aditya Joshi,2025-09-20,Kolkata,East,Sports,Running Shoes,1,2880.99,0.05,2736.94,380.66,Credit Card,Same Day,3.5
4660,ORD101150,CUST1919,Ananya Verma,2025-01-25,Hyderabad,South,Clothing,Jeans,5,1904.3,0.1,8569.35,2805.05,Credit Card,Standard,4.8
4662,ORD100116,CUST1490,Ananya Verma,2025-10-05,Hyderabad,South,Beauty,Sunscreen,1,737.07,0.05,700.22,234.84,Credit Card,Same Day,3.1
4663,ORD100740,CUST1201,Aarav Sharma,2025-02-23,Chandigarh,North,Books,Data Science Book,4,955.84,0.0,3823.36,634.86,Debit Card,Same Day,5.0
4664,ORD104826,CUST1051,Karan Mehta,2025-05-10,Lucknow,North,Beauty,Perfume,1,1298.98,0.15,1104.13,321.08,Credit Card,Same Day,4.5
4665,ORD103675,CUST1963,Rohan Patel,2025-12-19,Mumbai,West,Home & Kitchen,Bedsheet,1,941.99,0.0,941.99,289.4,UPI,Express,4.3
4666,ORD100830,CUST1091,Arjun Singh,2025-04-04,Chennai,South,Beauty,Sunscreen,5,729.14,0.15,3098.84,679.42,Net Banking,Same Day,5.0
4668,ORD104799,CUST1678,Ananya Verma,2025-12-28,Noida,North,Sports,Football,3,1049.25,0.2,2518.2,317.02,UPI,Standard,3.7
4669,ORD104758,CUST1085,Priya Saxena,2025-05-14,Chandigarh,North,Beauty,Face Wash,2,390.16,0.15,663.27,206.2,Debit Card,Standard,3.8
4670,ORD100635,CUST2052,Aditya Joshi,2025-11-11,Ahmedabad,West,Books,Novel,5,505.31,0.05,2400.22,253.7,Cash on Delivery,Same Day,3.0
4671,ORD104465,CUST1414,Arjun Singh,2025-12-06,Jaipur,North,Electronics,Smart Watch,2,3206.98,0.0,6413.96,2178.7,UPI,Express,4.5
4672,ORD104364,CUST1566,Aditya Joshi,2025-08-04,Chandigarh,North,Electronics,Headphones,1,1813.34,0.05,1722.67,382.5,Credit Card,Same Day,3.2
4673,ORD104142,CUST1239,Aditya Joshi,2025-06-25,Hyderabad,South,Electronics,Wireless Mouse,2,831.06,0.05,1579.01,393.83,Debit Card,Same Day,4.1
4674,ORD100991,CUST1343,Diya Gupta,2025-04-04,Hyderabad,South,Clothing,Sneakers,2,2761.96,0.25,4142.94,561.28,Credit Card,Same Day,3.6
4675,ORD100876,CUST1967,Rahul Tiwari,2025-02-15,Mumbai,West,Clothing,Jeans,2,1678.86,0.15,2854.06,358.68,Credit Card,Same Day,3.8
4676,ORD100004,CUST1823,Rohan Patel,2025-05-16,Bengaluru,South,Home & Kitchen,Coffee Maker,5,3477.7,0.05,16519.08,2188.45,Credit Card,Standard,4.5
4677,ORD103051,CUST1881,Priya Saxena,2025-08-25,Jaipur,North,Home & Kitchen,Table Lamp,2,906.17,0.1,1631.11,466.71,Debit Card,Standard,3.6
4679,ORD102660,CUST1824,Rohan Patel,2025-03-15,Chennai,South,Sports,Football,2,1074.75,0.1,1934.55,601.26,Net Banking,Express,4.3
4680,ORD102491,CUST1214,Meera Mishra,2025-10-12,Pune,West,Beauty,Face Wash,2,410.97,0.1,739.75,154.49,Debit Card,Standard,3.5
4681,ORD103854,CUST2105,Diya Gupta,2025-10-16,Chennai,South,Home & Kitchen,Bedsheet,5,1006.08,0.0,5030.4,701.54,Cash on Delivery,Express,5.0
4682,ORD101715,CUST2131,Diya Gupta,2025-03-12,Pune,West,Home & Kitchen,Coffee Maker,4,3443.25,0.1,12395.7,2849.68,Debit Card,Standard,4.4
4683,ORD101148,CUST1019,Rahul Tiwari,2025-01-03,Delhi,North,Home & Kitchen,Cookware Set,1,2620.93,0.3,1834.65,638.83,Cash on Delivery,Standard,2.2
4685,ORD100574,CUST1971,Ishaan Kumar,2025-11-12,Noida,North,Electronics,Headphones,1,1920.5,0.15,1632.42,353.83,Debit Card,Standard,3.9
4686,ORD103769,CUST1498,Aditya Joshi,2025-08-07,Noida,North,Electronics,Smart Watch,4,3659.15,0.15,12441.11,2582.39,Credit Card,Express,3.3
4687,ORD103736,CUST1357,Aarav Sharma,2025-11-25,Lucknow,North,Books,Novel,1,474.66,0.05,450.93,80.13,Net Banking,Express,4.4
4688,ORD104146,CUST1087,Meera Mishra,2025-07-17,Ahmedabad,West,Beauty,Sunscreen,3,758.43,0.0,2275.29,772.29,Cash on Delivery,Express,5.0
4689,ORD100853,CUST1557,Kavya Srivastava,2025-12-15,Mumbai,West,Books,Novel,2,548.46,0.05,1042.07,288.97,Credit Card,Standard,2.8
4690,ORD101982,CUST1247,Kavya Srivastava,2025-10-28,Noida,North,Electronics,Wireless Mouse,3,719.2,0.1,1941.84,275.09,Debit Card,Express,5.0
4691,ORD102774,CUST1514,Diya Gupta,2025-10-24,Chandigarh,North,Electronics,Headphones,5,2061.83,0.2,8247.32,2111.33,Net Banking,Standard,5.0
4692,ORD101166,CUST1032,Aditya Joshi,2025-08-10,Chandigarh,North,Electronics,Keyboard,2,1187.25,0.05,2255.78,477.65,Debit Card,Express,4.1
4693,ORD100971,CUST1769,Priya Saxena,2025-11-16,Mumbai,West,Electronics,Keyboard,5,1267.71,0.05,6021.62,895.9,Net Banking,Express,3.5
4694,ORD102701,CUST1982,Ananya Verma,2025-06-26,Mumbai,West,Beauty,Face Wash,2,387.52,0.1,697.54,108.49,UPI,Standard,4.6
4695,ORD104495,CUST1048,Karan Mehta,2025-03-03,Noida,North,Clothing,Jeans,1,1918.85,0.25,1439.14,320.84,Cash on Delivery,Standard,3.5
4697,ORD102368,CUST2016,Diya Gupta,2025-08-14,Chandigarh,North,Electronics,Headphones,2,1803.67,0.3,2525.14,847.62,UPI,Express,3.8
4698,ORD104115,CUST1746,Sneha Agarwal,2025-02-04,Lucknow,North,Electronics,Headphones,3,2195.66,0.0,6586.98,1233.36,UPI,Express,5.0
4699,ORD104131,CUST1835,Ishaan Kumar,2025-12-31,Pune,West,Home & Kitchen,Bedsheet,2,966.12,0.0,1932.24,446.45,Cash on Delivery,Same Day,4.7
4700,ORD102950,CUST1746,Diya Gupta,2025-08-30,Jaipur,North,Books,Data Science Book,1,935.71,0.1,842.14,147.45,Cash on Delivery,Standard,3.1
4701,ORD100524,CUST1671,Meera Mishra,2025-09-13,Mumbai,West,Beauty,Face Wash,4,387.56,0.1,1395.22,179.11,UPI,Standard,3.5
4702,ORD102455,CUST1798,Aditya Joshi,2025-01-27,Lucknow,North,Beauty,Sunscreen,2,716.37,0.05,1361.1,370.47,Debit Card,Standard,4.3
4703,ORD101841,CUST1000,Ishaan Kumar,2025-04-27,Mumbai,West,Beauty,Face Wash,4,381.23,0.15,1296.18,277.39,Cash on Delivery,Same Day,4.5
4704,ORD100537,CUST1024,Priya Saxena,2025-01-02,Ahmedabad,West,Beauty,Perfume,1,1330.09,0.25,997.57,296.24,Cash on Delivery,Express,5.0
4705,ORD102806,CUST1170,Aditya Joshi,2025-05-28,Noida,North,Clothing,T-Shirt,1,739.98,0.1,665.98,105.74,Credit Card,Express,4.0
4706,ORD104341,CUST1762,Aditya Joshi,2025-07-09,Ahmedabad,West,Electronics,Headphones,4,1989.78,0.0,7959.12,832.92,Net Banking,Standard,3.4
4707,ORD103175,CUST1265,Karan Mehta,2025-12-23,Bengaluru,South,Clothing,T-Shirt,2,722.86,0.05,1373.43,409.06,Cash on Delivery,Express,4.1
4708,ORD100784,CUST1917,Diya Gupta,2025-02-18,Noida,North,Sports,Running Shoes,3,3176.55,0.15,8100.2,2114.91,Debit Card,Same Day,4.9
4709,ORD104057,CUST1634,Sneha Agarwal,2025-02-04,Mumbai,West,Books,Programming Book,5,1241.23,0.2,4964.92,1385.2,Debit Card,Same Day,3.7
4710,ORD101409,CUST1689,Aarav Sharma,2025-10-10,Chennai,South,Beauty,Perfume,1,1319.15,0.05,1253.19,399.59,UPI,Standard,4.2
4711,ORD102537,CUST1139,Diya Gupta,2025-01-24,Lucknow,North,Sports,Running Shoes,1,2753.51,0.05,2615.83,896.18,Cash on Delivery,Same Day,4.1
4712,ORD100154,CUST1216,Ishaan Kumar,2025-06-04,Mumbai,West,Home & Kitchen,Coffee Maker,1,3272.36,0.0,3272.36,1031.02,Credit Card,Express,3.4
4713,ORD103009,CUST1826,Priya Saxena,2025-04-04,Ahmedabad,West,Clothing,T-Shirt,4,751.85,0.15,2556.29,883.05,Debit Card,Standard,3.7
4714,ORD101686,CUST1121,Rahul Tiwari,2025-09-26,Delhi,North,Beauty,Sunscreen,2,643.91,0.1,1159.04,288.88,Debit Card,Standard,4.6
4715,ORD102901,CUST1330,Karan Mehta,2025-10-20,Chennai,South,Beauty,Face Wash,5,419.65,0.1,1888.42,278.71,UPI,Same Day,2.7
4716,ORD104969,CUST1435,Arjun Singh,2025-02-24,Noida,North,Home & Kitchen,Table Lamp,1,840.28,0.05,798.27,147.85,Debit Card,Standard,4.1
4717,ORD103863,CUST1460,Kavya Srivastava,2025-07-04,Bengaluru,South,Beauty,Face Wash,3,376.3,0.0,1128.9,253.91,Net Banking,Standard,4.8
4718,ORD102733,CUST1097,Sneha Agarwal,2025-01-07,Jaipur,North,Electronics,Smart Watch,4,3397.83,0.05,12911.75,2940.71,Debit Card,Express,3.8
4720,ORD100569,CUST1524,Priya Saxena,2025-04-21,Jaipur,North,Sports,Running Shoes,2,3224.73,0.0,6449.46,1232.16,Net Banking,Standard,3.5
4722,ORD102065,CUST1529,Ishaan Kumar,2025-09-21,Chandigarh,North,Books,Data Science Book,2,935.68,0.0,1871.36,611.6,Credit Card,Standard,4.5
4723,ORD100127,CUST1206,Ishaan Kumar,2025-10-01,Chennai,South,Clothing,Hoodie,3,1646.44,0.1,4445.39,1178.02,Credit Card,Same Day,5.0
4724,ORD103394,CUST1391,Aditya Joshi,2025-07-29,Ahmedabad,West,Home & Kitchen,Cookware Set,1,2256.45,0.15,1917.98,485.39,Credit Card,Standard,4.6
4725,ORD103327,CUST1809,Aditi Malhotra,2025-06-09,Ahmedabad,West,Electronics,Wireless Mouse,2,766.88,0.1,1380.38,361.23,Debit Card,Standard,3.980060240963855
4727,ORD102975,CUST1618,Meera Mishra,2025-09-22,Kolkata,East,Books,Programming Book,4,1097.35,0.05,4169.93,1025.6,Cash on Delivery,Same Day,5.0
4728,ORD100980,CUST2015,Ananya Verma,2025-09-11,Chandigarh,North,Beauty,Sunscreen,3,633.77,0.0,1901.31,314.34,Debit Card,Express,2.9
4729,ORD102300,CUST1904,Meera Mishra,2025-12-06,Chennai,South,Beauty,Sunscreen,4,733.69,0.05,2788.02,856.57,UPI,Standard,4.1
4730,ORD100190,CUST1298,Ishaan Kumar,2025-05-11,Mumbai,West,Beauty,Sunscreen,4,695.98,0.0,2783.92,468.69,Credit Card,Standard,3.6
4731,ORD101139,CUST1555,Diya Gupta,2025-03-25,Noida,North,Electronics,Wireless Mouse,3,827.1,0.0,2481.3,693.59,Credit Card,Express,4.9
4732,ORD100699,CUST1180,Rohan Patel,2025-04-15,Kolkata,East,Home & Kitchen,Cookware Set,4,2574.82,0.15,8754.39,1371.9,UPI,Same Day,5.0
4733,ORD104800,CUST1148,Priya Saxena,2025-01-21,Kolkata,East,Home & Kitchen,Coffee Maker,4,3813.24,0.15,12965.02,1850.36,Net Banking,Same Day,3.7
4734,ORD100606,CUST1419,Rohan Patel,2025-04-18,Delhi,North,Sports,Running Shoes,2,2841.77,0.1,5115.19,1323.98,Debit Card,Standard,5.0
4735,ORD104276,CUST2031,Ishaan Kumar,2025-09-29,Chennai,South,Clothing,Jeans,2,1761.98,0.15,2995.37,945.31,Net Banking,Standard,4.0
4736,ORD100301,CUST1117,Arjun Singh,2025-07-12,Mumbai,West,Home & Kitchen,Coffee Maker,5,3196.25,0.25,11985.94,1569.69,Cash on Delivery,Same Day,5.0
4737,ORD103420,CUST1573,Aditya Joshi,2025-04-09,Delhi,North,Electronics,Keyboard,1,1372.53,0.15,1166.65,233.98,Net Banking,Express,4.1
4738,ORD104840,CUST1517,Priya Saxena,2025-07-11,mumbai,West,Electronics,Wireless Mouse,5,729.21,0.15,3099.14,1039.84,Debit Card,Same Day,4.7
4739,ORD101060,CUST1353,Aditi Malhotra,2025-11-10,Noida,North,Clothing,Jeans,2,1722.74,0.1,3100.93,698.2,Debit Card,Express,4.6
4740,ORD102565,CUST1124,Ananya Verma,2025-02-01,Kolkata,East,Home & Kitchen,Cookware Set,4,2437.01,0.0,9748.04,2134.65,Cash on Delivery,Standard,4.8
4742,ORD101069,CUST1701,Kavya Srivastava,2025-05-12,Chandigarh,North,Home & Kitchen,Cookware Set,1,2516.19,0.0,2516.19,785.32,Debit Card,Standard,5.0
4743,ORD102524,CUST1777,Aarav Sharma,2025-06-25,Pune,West,Books,Novel,4,541.1,0.05,2056.18,292.32,Credit Card,Standard,4.0
4744,ORD102205,CUST1142,Priya Saxena,2025-07-24,Noida,North,Electronics,Headphones,4,1994.61,0.2,6382.75,1199.46,Net Banking,Same Day,3.7
4745,ORD101243,CUST1502,Diya Gupta,2025-09-16,Delhi,North,Sports,Running Shoes,2,3203.21,0.0,6406.42,842.23,Cash on Delivery,Standard,5.0
4746,ORD100016,CUST1536,Ishaan Kumar,2025-08-03,Delhi,North,Books,Programming Book,1,1120.01,0.25,840.01,206.03,Cash on Delivery,Express,3.8
4747,ORD103120,CUST1719,Priya Saxena,2025-11-04,Jaipur,North,Sports,Yoga Mat,2,948.61,0.05,1802.36,247.58,Net Banking,Standard,4.3
4748,ORD104642,CUST1400,Diya Gupta,2025-05-15,Hyderabad,South,Home & Kitchen,Cookware Set,5,2582.85,0.1,11622.83,3752.36,Credit Card,Express,4.4
4749,ORD100815,CUST1051,Rahul Tiwari,2025-04-05,Jaipur,North,Beauty,Face Wash,3,426.59,0.0,1279.77,306.99,Net Banking,Standard,5.0
4750,ORD103067,CUST1649,Priya Saxena,2025-07-25,Delhi,North,Sports,Yoga Mat,5,894.06,0.0,4470.3,746.84,Net Banking,Standard,4.3
4751,ORD104804,CUST1835,Aditi Malhotra,2025-12-12,Kolkata,East,Home & Kitchen,Bedsheet,1,1003.14,0.05,952.98,311.96,Credit Card,Standard,3.1
4753,ORD100225,CUST1396,Rohan Patel,2025-06-13,Lucknow,North,Books,Novel,4,489.92,0.0,1959.68,304.91,Net Banking,Same Day,3.7
4754,ORD103354,CUST1712,Arjun Singh,2025-11-01,Ahmedabad,West,Beauty,Sunscreen,1,686.79,0.1,618.11,69.9,UPI,Standard,5.0
4755,ORD102485,CUST2177,Ananya Verma,2025-05-09,Delhi,North,Home & Kitchen,Cookware Set,1,2441.53,0.3,1709.07,464.26,Debit Card,Express,3.6
4756,ORD100562,CUST1740,Rahul Tiwari,2025-02-11,Delhi,North,Sports,Football,2,959.1,0.1,1726.38,301.49,Net Banking,Standard,4.9
4757,ORD103436,CUST2090,Ishaan Kumar,2025-05-28,Bengaluru,South,Electronics,Wireless Mouse,3,754.45,0.05,2150.18,584.5,Net Banking,Standard,4.6
4758,ORD101693,CUST1518,Rohan Patel,2025-08-29,Bengaluru,South,Clothing,Sneakers,5,3082.57,0.1,13871.57,4736.59,Credit Card,Same Day,4.2
4759,ORD101045,CUST1086,Sneha Agarwal,2025-07-26,Pune,West,Home & Kitchen,Table Lamp,2,929.4,0.1,1672.92,354.54,Debit Card,Standard,4.8
4760,ORD103446,CUST2036,Aditi Malhotra,2025-12-10,Bengaluru,South,Sports,Yoga Mat,5,845.99,0.0,4229.95,985.7,Net Banking,Express,4.5
4761,ORD104565,CUST1135,Aditi Malhotra,2025-02-08,Kolkata,East,Electronics,Wireless Mouse,5,745.33,0.05,3540.32,1204.37,Net Banking,Express,3.5
4762,ORD100954,CUST1727,Rohan Patel,2025-12-28,Pune,West,Beauty,Perfume,1,1339.03,0.25,1004.27,136.92,Cash on Delivery,Same Day,4.7
4764,ORD102735,CUST1875,Priya Saxena,2025-07-13,Chandigarh,North,Sports,Running Shoes,2,2947.58,0.1,5305.64,787.81,Cash on Delivery,Same Day,3.5
4765,ORD104923,CUST1117,Priya Saxena,2025-04-28,Pune,West,Books,Programming Book,1,1312.68,0.3,918.88,271.28,Credit Card,Express,4.4
4766,ORD104735,CUST1907,Aditi Malhotra,2025-11-29,Delhi,North,Books,Novel,1,449.34,0.0,449.34,45.88,UPI,Express,3.4
4768,ORD101218,CUST1487,Arjun Singh,2025-02-13,Delhi,North,Electronics,Smart Watch,2,3609.21,0.15,6135.66,1862.98,Cash on Delivery,Express,3.7
4769,ORD101527,CUST1501,Karan Mehta,2025-02-16,Delhi,North,Home & Kitchen,Table Lamp,4,945.8,0.0,3783.2,427.79,Cash on Delivery,Same Day,4.0
4770,ORD103987,CUST1900,Rahul Tiwari,2025-10-15,Kolkata,East,Home & Kitchen,Table Lamp,5,932.66,0.05,4430.14,621.71,Net Banking,Express,4.8
4771,ORD101300,CUST1263,Diya Gupta,2025-04-14,Chandigarh,North,Beauty,Sunscreen,3,698.21,0.05,1989.9,694.6,Credit Card,Same Day,4.4
4772,ORD104952,CUST1896,Aditi Malhotra,2025-09-07,Pune,West,Clothing,Hoodie,1,1434.56,0.2,1147.65,294.06,Credit Card,Standard,4.3
4773,ORD100160,CUST2163,Meera Mishra,2025-12-07,Noida,North,Clothing,Sneakers,4,2933.92,0.05,11148.9,2372.06,Credit Card,Express,4.2
4774,ORD104067,CUST1014,Rahul Tiwari,2025-04-23,Bengaluru,South,Electronics,Headphones,1,1897.38,0.1,1707.64,313.65,Debit Card,Express,3.6
4775,ORD100956,CUST1791,Sneha Agarwal,2025-12-18,Bengaluru,South,Clothing,Jeans,2,1947.05,0.25,2920.57,1019.95,Debit Card,Express,3.8
4776,ORD103791,CUST1414,Sneha Agarwal,2025-08-03,Delhi,North,Home & Kitchen,Cookware Set,2,2393.62,0.15,4069.15,818.65,Cash on Delivery,Same Day,3.9
4777,ORD103234,CUST1592,Ishaan Kumar,2025-10-29,Kolkata,East,Home & Kitchen,Cookware Set,1,2423.59,0.15,2060.05,527.47,Cash on Delivery,Standard,4.3
4778,ORD102869,CUST1734,Rahul Tiwari,2025-02-28,Pune,West,Sports,Football,2,1019.5,0.15,1733.15,293.2,UPI,Express,4.6
4779,ORD103777,CUST1143,Meera Mishra,2025-07-11,Delhi,North,Books,Programming Book,1,1127.09,0.0,1127.09,192.34,Net Banking,Same Day,3.6
4780,ORD104433,CUST1782,Kavya Srivastava,2025-10-11,Pune,West,Clothing,T-Shirt,1,742.41,0.1,668.17,91.31,Cash on Delivery,Same Day,4.5
4781,ORD102961,CUST1875,Diya Gupta,2025-08-31,Pune,West,Books,Novel,5,535.3,0.1,2408.85,277.9,UPI,Same Day,4.3
4782,ORD102200,CUST1590,Kavya Srivastava,2025-11-06,Delhi,North,Home & Kitchen,Table Lamp,1,845.4,0.15,718.59,178.19,UPI,Standard,4.8
4783,ORD100098,CUST1987,Ananya Verma,2025-08-08,Ahmedabad,West,Home & Kitchen,Table Lamp,1,848.0,0.1,763.2,136.92,Net Banking,Standard,2.8
4784,ORD102557,CUST1678,Aditi Malhotra,2025-11-12,Bengaluru,South,Sports,Yoga Mat,5,860.08,0.0,4300.4,1462.62,Cash on Delivery,Same Day,3.4
4785,ORD103183,CUST1182,Diya Gupta,2025-03-29,Mumbai,West,Beauty,Perfume,1,1185.66,0.0,1185.66,331.98,UPI,Express,4.3
4787,ORD103923,CUST1235,Arjun Singh,2025-07-13,Delhi,North,Books,Programming Book,5,1170.59,0.0,5852.95,1410.87,Cash on Delivery,Express,4.5
4788,ORD104199,CUST1366,Aarav Sharma,2025-08-05,Kolkata,East,Electronics,Smart Watch,1,3768.37,0.0,3768.37,1254.7,UPI,Express,3.3
4789,ORD101445,CUST1409,Rohan Patel,2025-09-02,Chennai,South,Clothing,Hoodie,4,1474.04,0.05,5601.35,1093.19,Cash on Delivery,Same Day,2.9
4790,ORD101648,CUST2181,Aditya Joshi,2025-08-28,Kolkata,East,Sports,Yoga Mat,2,847.6,0.1,1525.68,287.83,Net Banking,Express,3.5
4791,ORD104682,CUST1105,Karan Mehta,2025-03-21,Chennai,South,Books,Data Science Book,5,949.58,0.1,4273.11,1354.08,Credit Card,Same Day,3.9
4792,ORD104723,CUST1471,Aditi Malhotra,2025-12-16,Delhi,North,Clothing,Hoodie,5,1558.86,0.15,6625.15,1213.96,Debit Card,Standard,3.7
4793,ORD103991,CUST1362,Sneha Agarwal,2025-12-06,Bengaluru,South,Home & Kitchen,Table Lamp,3,922.86,0.05,2630.15,915.52,Cash on Delivery,Standard,3.6
4794,ORD101696,CUST2066,Karan Mehta,2025-01-05,Chandigarh,North,Beauty,Perfume,2,1420.87,0.1,2557.57,446.81,Credit Card,Express,2.5
4795,ORD103191,CUST1768,Sneha Agarwal,2025-02-23,Pune,West,Sports,Yoga Mat,5,829.37,0.15,3524.82,1128.31,Cash on Delivery,Same Day,3.1
4796,ORD104499,CUST1710,Priya Saxena,2025-11-16,Kolkata,East,Electronics,Keyboard,2,1354.67,0.0,2709.34,635.95,Net Banking,Standard,4.3
4797,ORD101154,CUST1259,Rohan Patel,2025-09-15,Delhi,North,Home & Kitchen,Cookware Set,3,2674.02,0.0,8022.06,2235.05,Cash on Delivery,Same Day,3.7
4798,ORD102255,CUST1110,Meera Mishra,2025-05-26,Hyderabad,South,Home & Kitchen,Bedsheet,5,980.7,0.0,4903.5,771.75,UPI,Same Day,4.1
4799,ORD101682,CUST1549,Ananya Verma,2025-08-15,Hyderabad,South,Sports,Football,1,985.49,0.05,936.22,193.36,Net Banking,Same Day,3.5
4800,ORD103170,CUST1905,Kavya Srivastava,2025-08-22,Bengaluru,South,Home & Kitchen,Coffee Maker,3,3407.92,0.0,10223.76,1865.17,Credit Card,Standard,4.3
4801,ORD102056,CUST1330,Rahul Tiwari,2025-04-03,Noida,North,Electronics,Headphones,2,2135.51,0.0,4271.02,566.85,Debit Card,Express,4.6
4802,ORD104090,CUST1503,Ishaan Kumar,2025-09-12,Jaipur,North,Electronics,Headphones,2,2002.7,0.15,3404.59,712.47,Cash on Delivery,Express,2.9
4803,ORD103108,CUST1733,Karan Mehta,2025-12-27,Delhi,North,Clothing,T-Shirt,5,692.99,0.0,3464.95,1083.07,Cash on Delivery,Express,4.7
4804,ORD104548,CUST1031,Arjun Singh,2025-03-12,Chandigarh,North,Clothing,Hoodie,2,1628.73,0.05,3094.59,428.33,Net Banking,Same Day,4.0
4805,ORD103723,CUST1153,Ishaan Kumar,2025-10-27,Mumbai,West,Beauty,Perfume,3,1392.36,0.1,3759.37,1056.87,Cash on Delivery,Standard,3.1
4806,ORD102049,CUST1089,Ananya Verma,2025-10-30,Mumbai,West,Electronics,Smart Watch,2,3284.99,0.15,5584.48,1188.19,UPI,Standard,3.8
4807,ORD103643,CUST2004,Priya Saxena,2025-02-05,Hyderabad,South,Books,Novel,5,529.95,0.2,2119.8,283.13,Net Banking,Same Day,5.0
4808,ORD104947,CUST1973,Ishaan Kumar,2025-11-18,Pune,West,Beauty,Sunscreen,2,662.79,0.1,1193.02,391.66,Cash on Delivery,Express,5.0
4809,ORD100623,CUST1824,Sneha Agarwal,2025-03-02,Ahmedabad,West,Clothing,Jeans,3,1634.88,0.1,4414.18,1295.59,Net Banking,Same Day,3.9
4810,ORD100262,CUST1632,Arjun Singh,2025-09-17,Chandigarh,North,Clothing,T-Shirt,1,728.86,0.3,510.2,94.58,UPI,Express,3.8
4811,ORD103369,CUST1441,Priya Saxena,2025-09-01,Chennai,South,Sports,Running Shoes,2,2947.27,0.25,4420.9,1438.39,UPI,Same Day,3.7
4812,ORD104061,CUST1897,Kavya Srivastava,2025-08-26,Lucknow,North,Clothing,Hoodie,4,1548.54,0.0,6194.16,1649.55,Debit Card,Express,4.0
4813,ORD101802,CUST1928,Aditya Joshi,2025-04-08,Bengaluru,South,Books,Data Science Book,1,912.01,0.05,866.41,230.92,Net Banking,Express,4.0
4814,ORD104736,CUST1247,Kavya Srivastava,2025-05-16,Delhi,North,Beauty,Perfume,1,1422.64,0.1,1280.38,241.42,Credit Card,Standard,3.9
4816,ORD102385,CUST1988,Sneha Agarwal,2025-10-17,Mumbai,West,Sports,Football,3,1072.12,0.2,2573.09,290.58,Credit Card,Same Day,4.4
4817,ORD101959,CUST1400,Aditi Malhotra,2025-11-11,Kolkata,East,Books,Novel,1,450.87,0.2,360.7,103.86,Credit Card,Standard,3.4
4818,ORD102976,CUST1894,Aditya Joshi,2025-06-06,Mumbai,West,Beauty,Perfume,2,1394.31,0.2,2230.9,678.86,UPI,Same Day,2.5
4819,ORD100488,CUST1078,Arjun Singh,2025-03-21,Pune,West,Beauty,Perfume,2,1394.31,0.05,2649.19,876.18,Credit Card,Express,4.2
4820,ORD101843,CUST1507,Meera Mishra,2025-06-01,Delhi,North,Home & Kitchen,Bedsheet,1,1071.67,0.2,857.34,192.55,UPI,Same Day,4.0
4821,ORD101734,CUST2126,Aditi Malhotra,2025-09-04,Hyderabad,South,Beauty,Face Wash,2,360.21,0.2,576.34,72.39,Debit Card,Express,3.6
4822,ORD102911,CUST2058,Aditya Joshi,2025-03-09,Delhi,North,Clothing,Sneakers,1,2705.8,0.2,2164.64,236.82,Net Banking,Express,4.1
4823,ORD103219,CUST1532,Aditya Joshi,2025-02-09,Ahmedabad,West,Home & Kitchen,Cookware Set,4,2529.09,0.15,8598.91,1753.82,UPI,Same Day,5.0
4824,ORD100146,CUST1370,Kavya Srivastava,2025-10-02,Bengaluru,South,Books,Novel,1,499.42,0.15,424.51,91.77,Debit Card,Standard,3.6
4825,ORD101986,CUST1861,Kavya Srivastava,2025-11-26,Lucknow,North,Books,Data Science Book,1,912.85,0.15,775.92,107.21,Net Banking,Express,4.0
4826,ORD101369,CUST1365,Diya Gupta,2025-09-17,Delhi,North,Beauty,Face Wash,1,376.79,0.0,376.79,131.77,Credit Card,Same Day,5.0
4827,ORD102811,CUST1567,Aditya Joshi,2025-07-08,Chandigarh,North,Home & Kitchen,Bedsheet,1,1052.94,0.0,1052.94,187.39,Debit Card,Same Day,3.8
4828,ORD100659,CUST2186,Aditya Joshi,2025-06-13,Bengaluru,South,Beauty,Face Wash,3,427.94,0.15,1091.25,317.12,Credit Card,Same Day,5.0
4829,ORD101794,CUST1834,Ananya Verma,2025-11-23,Pune,West,Books,Programming Book,2,1255.96,0.05,2386.32,630.68,Cash on Delivery,Standard,3.3
4830,ORD102511,CUST1252,Rohan Patel,2025-08-20,Kolkata,East,Beauty,Sunscreen,1,696.11,0.0,696.11,230.34,Credit Card,Express,5.0
4831,ORD103397,CUST1356,Kavya Srivastava,2025-03-12,Pune,West,Electronics,Headphones,1,1918.57,0.15,1630.78,255.89,Debit Card,Standard,3.3
4832,ORD104282,CUST2194,Meera Mishra,2025-04-17,Pune,West,Beauty,Face Wash,1,428.1,0.2,342.48,42.6,UPI,Standard,4.0
4833,ORD101147,CUST1011,Aditi Malhotra,2025-08-17,Chennai,South,Beauty,Perfume,5,1277.28,0.05,6067.08,1736.91,Cash on Delivery,Express,4.1
4834,ORD103272,CUST1779,Ishaan Kumar,2025-09-02,Noida,North,Electronics,Smart Watch,3,3626.78,0.1,9792.31,1721.35,Cash on Delivery,Express,4.9
4835,ORD100608,CUST1996,Ananya Verma,2025-08-08,Chandigarh,North,Sports,Running Shoes,4,2903.21,0.2,9290.27,2892.66,UPI,Same Day,4.1
4836,ORD103582,CUST2012,Rahul Tiwari,2025-02-11,Noida,North,Sports,Football,1,1012.58,0.0,1012.58,183.62,Net Banking,Express,3.7
4837,ORD101930,CUST1298,Karan Mehta,2025-05-09,Chandigarh,North,Electronics,Headphones,1,2157.47,0.15,1833.85,210.63,Net Banking,Express,4.7
4838,ORD100197,CUST1518,Ishaan Kumar,2025-05-27,Bengaluru,South,Electronics,Smart Watch,1,3336.71,0.1,3003.04,1005.12,Net Banking,Express,4.4
4839,ORD102931,CUST1262,Rohan Patel,2025-02-13,Lucknow,North,Home & Kitchen,Table Lamp,5,809.15,0.05,3843.46,406.81,Cash on Delivery,Express,5.0
4840,ORD102327,CUST1910,Aarav Sharma,2025-08-31,Noida,North,Sports,Yoga Mat,1,859.41,0.15,730.5,248.67,UPI,Express,3.7
4841,ORD104389,CUST1978,Rahul Tiwari,2025-04-24,Bengaluru,South,Home & Kitchen,Coffee Maker,1,3511.91,0.2,2809.53,369.61,Credit Card,Same Day,5.0
4842,ORD100766,CUST2012,Kavya Srivastava,2025-10-21,Kolkata,East,Beauty,Sunscreen,4,729.89,0.05,2773.58,473.61,Credit Card,Standard,4.5
4843,ORD104496,CUST1447,Diya Gupta,2025-05-13,Hyderabad,South,Books,Data Science Book,1,890.08,0.1,801.07,203.47,UPI,Express,4.9
4844,ORD104218,CUST1161,Sneha Agarwal,2025-11-22,Chennai,South,Beauty,Perfume,3,1306.91,0.1,3528.66,755.38,Cash on Delivery,Same Day,3.9
4845,ORD103255,CUST1980,Diya Gupta,2025-05-21,Chennai,South,Home & Kitchen,Cookware Set,1,2338.62,0.1,2104.76,318.59,Credit Card,Same Day,4.5
4846,ORD100202,CUST1187,Kavya Srivastava,2025-10-23,Jaipur,North,Sports,Yoga Mat,3,825.11,0.1,2227.8,638.86,Credit Card,Standard,3.3
4847,ORD103510,CUST1154,Aditi Malhotra,2025-04-01,Jaipur,North,Electronics,Headphones,3,2011.71,0.1,5431.62,1105.02,Cash on Delivery,Standard,4.4
4848,ORD101733,CUST2064,Kavya Srivastava,2025-08-25,Kolkata,East,Electronics,Keyboard,2,1301.3,0.0,2602.6,869.62,Debit Card,Express,4.4
4849,ORD102777,CUST2006,Karan Mehta,2025-10-30,Hyderabad,South,Sports,Football,3,911.97,0.3,1915.14,557.68,Debit Card,Express,4.1
4850,ORD101707,CUST1632,Diya Gupta,2025-03-11,Mumbai,West,Home & Kitchen,Table Lamp,5,868.68,0.0,4343.4,811.08,UPI,Standard,4.7
4851,ORD103474,CUST1844,Diya Gupta,2025-10-04,Mumbai,West,Sports,Yoga Mat,2,851.21,0.15,1447.06,340.73,cash on delivery,Standard,3.9
4852,ORD100854,CUST1997,Karan Mehta,2025-04-30,Mumbai,West,Beauty,Perfume,1,1224.96,0.0,1224.96,189.08,Credit Card,Standard,4.4
4853,ORD104737,CUST1701,Rahul Tiwari,2025-09-24,Pune,West,Home & Kitchen,Bedsheet,2,937.45,0.0,1874.9,460.04,Debit Card,Express,3.6
4854,ORD104097,CUST1205,Aarav Sharma,2025-04-19,Delhi,North,Electronics,Wireless Mouse,1,862.32,0.15,732.97,232.82,Cash on Delivery,Same Day,4.9
4855,ORD102160,CUST1355,Aditya Joshi,2025-11-03,Mumbai,West,Home & Kitchen,Table Lamp,1,813.93,0.2,651.14,215.15,Debit Card,Express,3.8
4856,ORD100698,CUST1661,Rohan Patel,2025-07-20,Chennai,South,Home & Kitchen,Cookware Set,2,2527.27,0.0,5054.54,1261.05,Credit Card,Same Day,4.6
4857,ORD104967,CUST1338,Aditi Malhotra,2025-05-08,Delhi,North,Clothing,T-Shirt,1,727.13,0.1,654.42,217.27,Cash on Delivery,Standard,4.7
4858,ORD102999,CUST1639,Diya Gupta,2025-06-19,Lucknow,North,Electronics,Smart Watch,2,3791.75,0.0,7583.5,2133.19,Credit Card,Standard,3.1
4859,ORD103696,CUST1302,Kavya Srivastava,2025-05-07,Pune,West,Books,Novel,2,474.69,0.05,901.91,197.92,Credit Card,Express,4.0
4860,ORD101636,CUST1149,Meera Mishra,2025-12-07,Noida,North,Beauty,Sunscreen,4,656.85,0.15,2233.29,579.64,Cash on Delivery,Standard,4.2
4861,ORD103457,CUST1368,Kavya Srivastava,2025-02-13,Lucknow,North,Home & Kitchen,Table Lamp,1,953.23,0.1,857.91,291.26,UPI,Same Day,3.6
4862,ORD103581,CUST1340,Rohan Patel,2025-03-24,Bengaluru,South,Books,Programming Book,3,1232.7,0.15,3143.39,639.18,Debit Card,Standard,5.0
4863,ORD101291,CUST1634,Ananya Verma,2025-10-28,Kolkata,East,Sports,Yoga Mat,2,906.32,0.05,1722.01,464.79,Cash on Delivery,Standard,3.6
4864,ORD104659,CUST1548,Karan Mehta,2025-08-06,Bengaluru,South,Home & Kitchen,Bedsheet,1,921.69,0.1,829.52,104.26,Credit Card,Same Day,3.2
4865,ORD101853,CUST1847,Meera Mishra,2025-06-10,Delhi,North,ELECTRONICS,Programming Book,2,1079.83,0.1,1943.69,339.32,Debit Card,Same Day,4.7
4866,ORD103763,CUST1698,Arjun Singh,2025-04-17,Hyderabad,South,Books,Programming Book,1,1278.28,0.1,1150.45,153.96,Net Banking,Standard,4.4
4867,ORD103304,CUST1571,Aarav Sharma,2025-07-27,Kolkata,East,Books,Programming Book,1,1273.34,0.1,1146.01,238.52,COD,Express,3.8
4868,ORD104932,CUST1161,Aditya Joshi,2025-10-13,Ahmedabad,West,Books,Novel,1,517.08,0.2,413.66,112.25,Debit Card,Standard,3.7
4869,ORD103743,CUST1678,Meera Mishra,2025-08-09,Jaipur,North,Home & Kitchen,Cookware Set,1,2372.06,0.0,2372.06,554.59,Cash on Delivery,Express,4.8
4870,ORD103445,CUST1130,Kavya Srivastava,2025-10-19,Delhi,North,Electronics,Headphones,2,2033.84,0.05,3864.3,690.03,Credit Card,Express,2.6
4871,ORD101998,CUST1883,Meera Mishra,2025-04-06,Bengaluru,South,Beauty,Face Wash,1,427.35,0.05,405.98,71.46,UPI,Standard,3.4
4872,ORD100663,CUST1303,Karan Mehta,2025-01-16,Chennai,South,Beauty,Sunscreen,1,649.41,0.0,649.41,162.72,Cash on Delivery,Express,2.8
4873,ORD104779,CUST1167,Ishaan Kumar,2025-10-23,Delhi,North,Clothing,Hoodie,1,1597.92,0.1,1438.13,149.43,Net Banking,Express,4.3
4874,ORD103748,CUST1342,Ishaan Kumar,2025-04-05,Kolkata,East,Home & Kitchen,Table Lamp,2,977.22,0.15,1661.27,250.06,Net Banking,Express,4.0
4875,ORD104413,CUST2132,Arjun Singh,2025-06-15,Hyderabad,South,Home & Kitchen,Bedsheet,4,962.05,0.0,3848.2,922.64,Debit Card,Standard,4.2
4876,ORD104744,CUST1369,Ananya Verma,2025-03-25,Jaipur,North,Clothing,Jeans,1,1902.83,0.2,1522.26,158.5,Debit Card,Same Day,4.5
4877,ORD100709,CUST1210,Ananya Verma,2025-07-15,Delhi,North,Electronics,Keyboard,1,1391.39,0.15,1182.68,204.34,Debit Card,Same Day,3.1
4879,ORD102675,CUST1157,Arjun Singh,2025-10-25,Lucknow,North,Beauty,Perfume,2,1262.81,0.25,1894.21,245.42,Net Banking,Same Day,2.2
4880,ORD104029,CUST1407,Rohan Patel,2025-09-24,Kolkata,East,Sports,Yoga Mat,1,965.66,0.0,965.66,227.05,Cash on Delivery,Express,5.0
4881,ORD101306,CUST1973,Diya Gupta,2025-12-22,Chennai,South,Sports,Yoga Mat,1,818.4,0.15,695.64,181.86,Net Banking,Express,4.0
4882,ORD102237,CUST1278,Rohan Patel,2025-11-18,Mumbai,West,Electronics,Headphones,3,2184.99,0.15,5571.72,680.98,Cash on Delivery,Same Day,4.8
4883,ORD103302,CUST1214,Sneha Agarwal,2025-04-14,Chennai,South,Sports,Running Shoes,2,2846.6,0.0,5693.2,1620.4,UPI,Standard,4.0
4884,ORD102038,CUST2161,Karan Mehta,2025-05-28,Kolkata,East,Books,Data Science Book,2,946.11,0.05,1797.61,414.24,Debit Card,Standard,3.3
4885,ORD101529,CUST1598,Arjun Singh,2025-03-04,Jaipur,North,Electronics,Smart Watch,3,3181.66,0.0,9544.98,3028.94,Net Banking,Standard,3.9
4886,ORD101663,CUST1755,Priya Saxena,2025-01-23,Delhi,North,Clothing,Hoodie,1,1366.81,0.0,1366.81,426.4,Credit Card,Same Day,5.0
4887,ORD104954,CUST2174,Kavya Srivastava,2025-08-05,Ahmedabad,West,Books,Data Science Book,5,979.28,0.15,4161.94,1338.68,Net Banking,Same Day,3.3
4888,ORD104973,CUST1764,Sneha Agarwal,2025-10-11,Noida,North,Books,Programming Book,4,1222.05,0.05,4643.79,1216.79,Cash on Delivery,Express,4.1
4889,ORD103627,CUST1846,Karan Mehta,2025-09-09,Ahmedabad,West,Sports,Running Shoes,1,2740.83,0.1,2466.75,839.78,Credit Card,Standard,4.3
4890,ORD102693,CUST2095,Rohan Patel,2025-10-20,Pune,West,Books,Novel,1,508.17,0.25,381.13,82.96,Credit Card,Standard,4.4
4891,ORD103060,CUST1682,Aarav Sharma,2025-02-22,Kolkata,East,Electronics,Smart Watch,3,3350.87,0.15,8544.72,2793.58,Cash on Delivery,Standard,3.3
4892,ORD101597,CUST1649,Kavya Srivastava,2025-08-31,Kolkata,East,Home & Kitchen,Table Lamp,1,815.5,0.05,774.72,117.52,Net Banking,Same Day,3.2
4893,ORD102729,CUST1678,Karan Mehta,2025-01-16,Pune,West,Electronics,Headphones,2,2187.95,0.15,3719.51,571.65,Net Banking,Same Day,3.4
4894,ORD102625,CUST2085,Meera Mishra,2025-02-04,Kolkata,East,Home & Kitchen,Table Lamp,1,976.41,0.1,878.77,195.87,Net Banking,Express,4.4
4895,ORD103157,CUST1861,Diya Gupta,2025-09-09,Chennai,South,Books,Data Science Book,4,820.13,0.2,2624.42,691.07,UPI,Express,3.9
4896,ORD103314,CUST1981,Aarav Sharma,2025-10-15,Kolkata,East,Home & Kitchen,Table Lamp,4,974.25,0.1,3507.3,441.88,Cash on Delivery,Standard,4.7
4897,ORD101722,CUST2047,Diya Gupta,2025-07-08,Kolkata,East,Clothing,Sneakers,4,3279.0,0.1,11804.4,3654.34,UPI,Same Day,2.6
4898,ORD101059,CUST1409,Diya Gupta,2025-10-11,Lucknow,North,Sports,Running Shoes,4,2796.23,0.1,10066.43,2720.66,Credit Card,Express,3.0
4899,ORD104636,CUST1706,Aditya Joshi,2025-10-16,Chennai,South,Clothing,Hoodie,2,1616.84,0.05,3072.0,434.49,Net Banking,Standard,3.8
4900,ORD103242,CUST1947,Aditi Malhotra,2025-02-11,Noida,North,Books,Data Science Book,5,945.34,0.15,4017.69,597.67,Debit Card,Standard,4.3
4901,ORD101678,CUST2024,Arjun Singh,2025-07-25,Pune,West,Electronics,Headphones,2,1905.31,0.15,3239.03,386.06,UPI,Same Day,3.6
4902,ORD101757,CUST1577,Diya Gupta,2025-04-06,Ahmedabad,West,Clothing,Hoodie,1,1626.41,0.1,1463.77,180.21,Debit Card,Same Day,4.3
4903,ORD104191,CUST1971,Rahul Tiwari,2025-11-19,Jaipur,North,Home & Kitchen,Bedsheet,2,1012.2,0.25,1518.3,158.49,Net Banking,Express,4.6
4904,ORD100563,CUST1056,Rahul Tiwari,2025-10-10,Hyderabad,South,Home & Kitchen,Table Lamp,5,962.03,0.15,4088.63,979.11,Net Banking,Same Day,3.3
4905,ORD102790,CUST1985,Aditya Joshi,2025-09-20,Pune,West,Beauty,Perfume,2,1416.64,0.0,2833.28,660.03,Net Banking,Standard,4.6
4906,ORD100863,CUST1325,Sneha Agarwal,2025-12-22,Bengaluru,South,Electronics,Headphones,1,1895.64,0.15,1611.29,392.31,Cash on Delivery,Express,5.0
4907,ORD101484,CUST1390,Karan Mehta,2025-08-14,Kolkata,East,Home & Kitchen,Cookware Set,1,2655.35,0.1,2389.82,601.46,UPI,Same Day,4.6
4908,ORD100206,CUST1758,Kavya Srivastava,2025-12-11,Delhi,North,Clothing,Jeans,1,1763.76,0.05,1675.57,522.22,Credit Card,Standard,4.4
4909,ORD104488,CUST1213,Aarav Sharma,2025-06-12,Hyderabad,South,Sports,Yoga Mat,4,822.46,0.05,3125.35,452.95,Net Banking,Standard,3.0
4910,ORD100870,CUST1684,Aarav Sharma,2025-08-18,Bengaluru,South,Sports,Football,5,1018.53,0.0,5092.65,515.86,Net Banking,Standard,4.1
4911,ORD104493,CUST1958,Kavya Srivastava,2025-07-14,Hyderabad,South,Home & Kitchen,Bedsheet,1,977.23,0.05,928.37,158.09,Debit Card,Standard,4.6
4912,ORD100502,CUST1985,Priya Saxena,2025-07-19,Chandigarh,North,Beauty,Perfume,1,1201.32,0.1,1081.19,192.81,Debit Card,Express,4.9
4913,ORD101028,CUST1724,Diya Gupta,2025-11-01,Kolkata,East,Beauty,Perfume,2,1347.79,0.05,2560.8,747.02,Cash on Delivery,Same Day,3.3
4914,ORD103840,CUST1781,Meera Mishra,2025-05-30,Noida,North,Books,Data Science Book,3,934.83,0.0,2804.49,473.03,UPI,Same Day,4.5
4915,ORD102690,CUST1490,Kavya Srivastava,2025-10-24,Pune,West,Sports,Running Shoes,1,3296.96,0.1,2967.26,360.47,Debit Card,Express,3.3
4917,ORD102773,CUST1570,Sneha Agarwal,2025-04-04,Ahmedabad,West,Books,Novel,5,458.64,0.05,2178.54,727.16,Debit Card,Express,5.0
4918,ORD102731,CUST1727,Karan Mehta,2025-01-07,Chandigarh,North,Clothing,T-Shirt,5,718.98,0.15,3055.66,653.15,UPI,Standard,3.5
4919,ORD100804,CUST2105,Diya Gupta,2025-06-22,Kolkata,East,Sports,Football,3,1043.72,0.1,2818.04,784.03,UPI,Same Day,3.5
4920,ORD103645,CUST1569,Ananya Verma,2025-08-08,Kolkata,East,Home & Kitchen,Table Lamp,4,924.96,0.15,3144.86,352.1,Cash on Delivery,Standard,4.5
4921,ORD102454,CUST1554,Rahul Tiwari,2025-08-22,Pune,West,Beauty,Sunscreen,1,758.9,0.15,645.06,145.53,Credit Card,Standard,3.3
4922,ORD104598,CUST2095,Kavya Srivastava,2025-11-04,Ahmedabad,West,Electronics,Headphones,2,1835.33,0.05,3487.13,908.73,Cash on Delivery,Express,3.8
4923,ORD103104,CUST1946,Aarav Sharma,2025-07-22,Noida,North,Sports,Football,2,1048.63,0.05,1992.4,240.06,Debit Card,Same Day,3.7
4924,ORD104875,CUST1742,Diya Gupta,2025-11-16,Delhi,North,Electronics,Keyboard,1,1259.69,0.05,1196.71,236.59,UPI,Same Day,4.2
4925,ORD100200,CUST1839,Diya Gupta,2025-12-19,Bengaluru,South,Sports,Football,1,951.97,0.1,856.77,178.32,Cash on Delivery,Same Day,4.2
4926,ORD103099,CUST1034,Priya Saxena,2025-08-03,Hyderabad,South,Clothing,Sneakers,1,2838.33,0.15,2412.58,398.64,Debit Card,Same Day,4.0
4927,ORD102278,CUST1490,Ishaan Kumar,2025-09-20,Bengaluru,South,Clothing,Jeans,1,1682.69,0.05,1598.56,200.3,Credit Card,Same Day,4.0
4928,ORD103561,CUST1061,Rohan Patel,2025-09-08,Bengaluru,South,Electronics,Wireless Mouse,5,798.1,0.2,3192.4,987.37,Cash on Delivery,Same Day,4.1
4929,ORD104474,CUST1101,Aditi Malhotra,2025-08-24,Mumbai,West,Sports,Running Shoes,1,2979.24,0.0,2979.24,632.04,Debit Card,Same Day,3.8
4930,ORD104514,CUST2011,Aditi Malhotra,2025-12-12,Bengaluru,South,Electronics,Smart Watch,1,3785.01,0.1,3406.51,992.54,Net Banking,Standard,2.8
4931,ORD100391,CUST1177,Karan Mehta,2025-10-29,Lucknow,North,Electronics,Keyboard,1,1335.24,0.15,1134.95,315.44,Credit Card,Standard,4.0
4932,ORD101495,CUST1468,Priya Saxena,2025-02-22,Hyderabad,South,Books,Programming Book,1,1272.07,0.0,1272.07,255.96,Credit Card,Express,4.2
4933,ORD102695,CUST1848,Kavya Srivastava,2025-02-23,Ahmedabad,West,Clothing,T-Shirt,1,641.86,0.25,481.39,159.06,Cash on Delivery,Express,3.5
4934,ORD102027,CUST1251,Aditi Malhotra,2025-03-05,Chandigarh,North,Clothing,Sneakers,5,3189.41,0.2,12757.64,4396.1,UPI,Standard,4.4
4935,ORD102568,CUST2059,Rohan Patel,2025-01-01,Noida,North,Home & Kitchen,Cookware Set,5,2699.39,0.1,12147.25,3057.35,Net Banking,Standard,3.7
4936,ORD100064,CUST1498,Kavya Srivastava,2025-09-29,Bengaluru,South,Beauty,Face Wash,1,360.27,0.2,288.22,90.54,Cash on Delivery,Standard,3.5
4937,ORD103884,CUST1263,Ananya Verma,2025-02-10,Mumbai,West,Sports,Running Shoes,1,3017.45,0.1,2715.7,815.58,Cash on Delivery,Express,4.4
4938,ORD102062,CUST1375,Aditya Joshi,2025-06-26,Bengaluru,South,Home & Kitchen,Bedsheet,5,942.91,0.1,4243.1,667.68,Credit Card,Same Day,2.9
4939,ORD100492,CUST1242,Aditi Malhotra,2025-12-11,Noida,North,Clothing,Sneakers,3,3127.91,0.0,9383.73,2330.31,UPI,Same Day,5.0
4940,ORD100379,CUST1989,Sneha Agarwal,2025-12-02,Chandigarh,North,Clothing,Hoodie,3,1423.65,0.2,3416.76,425.0,UPI,Same Day,3.1
4941,ORD104859,CUST1858,Sneha Agarwal,2025-02-12,Ahmedabad,West,Sports,Running Shoes,3,3000.67,0.15,7651.71,1531.88,Debit Card,Express,3.1
4942,ORD103993,CUST2126,Priya Saxena,2025-12-30,Noida,North,Home & Kitchen,Coffee Maker,5,3702.83,0.15,15737.03,5290.97,Debit Card,Express,4.6
4943,ORD104887,CUST1096,Ananya Verma,2025-06-17,Pune,West,Beauty,Sunscreen,2,745.08,0.25,1117.62,311.11,Net Banking,Express,3.2
4944,ORD101076,CUST1617,Aditi Malhotra,2025-05-24,Bengaluru,South,Books,Data Science Book,3,905.67,0.0,2717.01,465.01,Credit Card,Standard,3.2
4945,ORD100878,CUST2184,Rohan Patel,2025-04-17,Jaipur,North,Home & Kitchen,Coffee Maker,2,3834.67,0.05,7285.87,1400.97,UPI,Standard,4.1
4946,ORD100337,CUST1360,Diya Gupta,2025-03-04,Mumbai,West,Clothing,Hoodie,1,1541.81,0.25,1156.36,187.12,Net Banking,Standard,4.9
4947,ORD101016,CUST1682,Meera Mishra,2025-03-20,Chennai,South,Clothing,Jeans,3,1705.88,0.05,4861.76,962.04,UPI,Standard,5.0
4948,ORD101275,CUST1746,Priya Saxena,2025-05-03,Ahmedabad,West,Sports,Yoga Mat,2,858.57,0.15,1459.57,236.94,UPI,Standard,3.0
4949,ORD103798,CUST1865,Diya Gupta,2025-04-07,Noida,North,Sports,Running Shoes,4,3225.75,0.1,11612.7,1551.9,Credit Card,Same Day,4.6
4950,ORD104551,CUST1839,Priya Saxena,2025-05-12,Mumbai,West,Books,Programming Book,2,1232.48,0.1,2218.46,265.89,Debit Card,Same Day,3.4
4951,ORD103342,CUST1636,Kavya Srivastava,2025-10-08,Lucknow,North,Sports,Yoga Mat,3,863.14,0.0,2589.42,554.53,Cash on Delivery,Express,4.3
4952,ORD104911,CUST2144,Karan Mehta,2025-06-29,Ahmedabad,West,Sports,Yoga Mat,4,900.93,0.05,3423.53,679.36,UPI,Standard,3.1
4953,ORD100995,CUST1400,Karan Mehta,2025-11-09,Chandigarh,North,Beauty,Sunscreen,2,707.55,0.25,1061.32,131.06,Debit Card,Standard,4.7
4954,ORD101981,CUST1052,Ananya Verma,2025-03-07,Ahmedabad,West,Electronics,Smart Watch,1,3276.52,0.0,3276.52,729.72,Cash on Delivery,Standard,3.1
4955,ORD104297,CUST1405,Arjun Singh,2025-02-25,Mumbai,West,Beauty,Sunscreen,1,645.86,0.1,581.27,73.29,Cash on Delivery,Same Day,3.8
4956,ORD100161,CUST1366,Arjun Singh,2025-04-28,Jaipur,North,Clothing,Sneakers,1,2906.47,0.05,2761.15,341.44,Debit Card,Same Day,4.1
4957,ORD104798,CUST1503,Arjun Singh,2025-06-16,Pune,West,Electronics,Keyboard,4,1297.43,0.05,4930.23,1078.09,Credit Card,Standard,5.0
4958,ORD101500,CUST1847,Rahul Tiwari,2025-04-27,Delhi,North,Electronics,Headphones,1,2146.05,0.1,1931.45,449.95,Net Banking,Express,4.8
4959,ORD103843,CUST2050,Karan Mehta,2025-10-26,Noida,North,Beauty,Perfume,5,1364.45,0.05,6481.14,1434.62,Net Banking,Same Day,4.6
4960,ORD102613,CUST2091,Rohan Patel,2025-02-11,Jaipur,North,Clothing,Jeans,3,1882.19,0.1,5081.91,1271.38,Debit Card,Standard,3.8
4961,ORD103461,CUST1629,Priya Saxena,2025-03-16,Kolkata,East,Clothing,T-Shirt,1,677.73,0.25,508.3,124.69,Net Banking,Standard,4.6
4962,ORD101021,CUST1182,Aditi Malhotra,2025-03-19,Chandigarh,North,Beauty,Face Wash,4,394.85,0.05,1500.43,158.29,Net Banking,Standard,3.4
4963,ORD103073,CUST1600,Priya Saxena,2025-12-29,Noida,North,Electronics,Headphones,3,2116.42,0.0,6349.26,1379.39,Credit Card,Express,4.0
4964,ORD103943,CUST1140,Rohan Patel,2025-09-19,Mumbai,West,Electronics,Keyboard,1,1180.06,0.0,1180.06,201.99,Debit Card,Same Day,4.8
4965,ORD101585,CUST1715,Diya Gupta,2025-04-05,Delhi,North,Books,Data Science Book,4,902.91,0.15,3069.89,612.64,Net Banking,Standard,3.4
4966,ORD101955,CUST1817,Rohan Patel,2025-04-04,Bengaluru,South,Beauty,Sunscreen,5,765.18,0.0,3825.9,536.29,UPI,Same Day,4.1
4967,ORD103152,CUST1066,Sneha Agarwal,2025-03-18,Noida,North,Clothing,Hoodie,2,1372.28,0.1,2470.1,606.54,UPI,Same Day,4.1
4968,ORD100034,CUST2181,Meera Mishra,2025-08-04,Lucknow,North,Beauty,Sunscreen,2,724.26,0.1,1303.67,234.01,Cash on Delivery,Same Day,3.5
4969,ORD104014,CUST1858,Priya Saxena,2025-03-21,Kolkata,East,Home & Kitchen,Coffee Maker,1,3332.06,0.2,2665.65,878.05,Debit Card,Standard,4.9
4970,ORD100775,CUST2024,Rohan Patel,2025-07-26,Mumbai,West,Sports,Running Shoes,1,2786.63,0.1,2507.97,321.92,UPI,Standard,5.0
4971,ORD102556,CUST1634,Arjun Singh,2025-02-28,Kolkata,East,Home & Kitchen,Table Lamp,3,897.01,0.2,2152.82,392.28,Net Banking,Standard,4.8
4972,ORD101478,CUST2178,Aditi Malhotra,2025-07-19,Mumbai,West,Beauty,Perfume,2,1329.42,0.1,2392.96,808.73,UPI,Same Day,4.7
4973,ORD101363,CUST1123,Sneha Agarwal,2025-10-14,Delhi,North,Sports,Yoga Mat,5,920.12,0.05,4370.57,1440.96,Credit Card,Same Day,3.0
4974,ORD102612,CUST1636,Karan Mehta,2025-11-26,Bengaluru,South,Sports,Running Shoes,2,2752.77,0.1,4954.99,918.27,Credit Card,Express,3.7
4975,ORD102824,CUST1810,Sneha Agarwal,2025-01-24,Ahmedabad,West,Beauty,Face Wash,1,386.11,0.1,347.5,104.57,Debit Card,Express,3.2
4976,ORD102041,CUST1068,Ananya Verma,2025-05-08,Lucknow,North,Clothing,Sneakers,1,3298.19,0.05,3133.28,986.81,UPI,Express,3.4
4977,ORD100241,CUST1690,Rohan Patel,2025-08-09,Pune,West,Sports,Yoga Mat,2,853.25,0.0,1706.5,266.04,UPI,Express,3.7
4978,ORD102061,CUST1487,Karan Mehta,2025-02-09,Hyderabad,South,Beauty,Perfume,1,1424.92,0.1,1282.43,238.01,Credit Card,Same Day,3.0
4979,ORD102363,CUST1730,Arjun Singh,2025-05-06,Kolkata,East,Home & Kitchen,Table Lamp,2,836.4,0.0,1672.8,488.94,Debit Card,Express,3.6
4980,ORD100600,CUST1567,Sneha Agarwal,2025-07-17,Jaipur,North,Beauty,Face Wash,5,403.18,0.15,1713.52,289.01,Credit Card,Same Day,4.3
4981,ORD102435,CUST2034,Aarav Sharma,2025-10-13,Chennai,South,Sports,Yoga Mat,1,861.18,0.0,861.18,209.84,Debit Card,Same Day,4.8
4982,ORD102888,CUST1407,Rahul Tiwari,2025-01-01,Kolkata,East,Home & Kitchen,Coffee Maker,3,3671.8,0.05,10464.63,2554.0,Cash on Delivery,Express,3.8
4983,ORD100646,CUST1249,Sneha Agarwal,2025-07-13,Lucknow,North,Clothing,Hoodie,3,1617.4,0.1,4366.98,1100.93,Cash on Delivery,Standard,3.7
4984,ORD103890,CUST1448,Rahul Tiwari,2025-05-30,Chandigarh,North,Sports,Yoga Mat,3,896.74,0.25,2017.67,367.77,Net Banking,Express,5.0
4985,ORD103556,CUST1217,Aditi Malhotra,2025-12-22,Chandigarh,North,Books,Programming Book,2,1272.19,0.25,1908.29,281.21,Cash on Delivery,Standard,4.3
4987,ORD101528,CUST1472,Arjun Singh,2025-10-06,Bengaluru,South,Beauty,Perfume,3,1277.59,0.1,3449.49,740.6,Credit Card,Same Day,3.1
4988,ORD101267,CUST1997,Karan Mehta,2025-11-22,Ahmedabad,West,Home & Kitchen,Cookware Set,5,2322.41,0.1,10450.84,1875.69,Net Banking,Standard,4.4
4989,ORD101899,CUST1017,Ananya Verma,2025-09-25,Chandigarh,North,Clothing,Jeans,1,1721.4,0.1,1549.26,465.14,Credit Card,Same Day,4.2
4990,ORD104658,CUST2199,Sneha Agarwal,2025-03-14,Chandigarh,North,Clothing,Jeans,2,1768.36,0.2,2829.38,674.35,Net Banking,Same Day,3.0
4991,ORD103005,CUST1013,Ishaan Kumar,2025-03-19,Jaipur,North,Clothing,Hoodie,1,1455.94,0.15,1237.55,140.29,Net Banking,Standard,3.3
4992,ORD102734,CUST2111,Arjun Singh,2025-03-31,Ahmedabad,West,Sports,Running Shoes,2,2816.64,0.15,4788.29,523.15,Cash on Delivery,Standard,3.7
4993,ORD100189,CUST1226,Karan Mehta,2025-02-26,Noida,North,Electronics,Headphones,4,1878.13,0.05,7136.89,1658.24,Cash on Delivery,Same Day,4.5
4994,ORD101806,CUST1287,Karan Mehta,2025-02-04,Bengaluru,South,Beauty,Sunscreen,4,736.15,0.15,2502.91,803.23,Net Banking,Standard,4.1
4995,ORD100975,CUST1494,Sneha Agarwal,2025-03-09,Ahmedabad,West,Home & Kitchen,Coffee Maker,2,3825.92,0.15,6504.06,796.94,Credit Card,Express,5.0
4996,ORD102747,CUST1277,Ishaan Kumar,2025-11-23,Chandigarh,North,Beauty,Face Wash,1,395.63,0.25,296.72,58.87,Credit Card,Standard,3.9
4997,ORD102047,CUST2036,Diya Gupta,2025-02-15,Bengaluru,South,Beauty,Perfume,1,1201.84,0.0,1201.84,347.3,Debit Card,Same Day,3.6
4998,ORD102558,CUST1413,Priya Saxena,2025-06-18,Delhi,North,Sports,Yoga Mat,2,845.81,0.1,1522.46,453.38,UPI,Standard,4.2
4999,ORD101082,CUST1107,Priya Saxena,2025-02-16,Mumbai,West,Home & Kitchen,Cookware Set,3,2639.49,0.05,7522.55,812.3,Cash on Delivery,Express,4.9
5000,ORD100474,CUST2054,Meera Mishra,2025-12-08,Chandigarh,North,Beauty,Perfume,2,1376.46,0.1,2477.63,332.97,Credit Card,Standard,4.4
5001,ORD102904,CUST1707,Kavya Srivastava,2025-05-23,Ahmedabad,West,Clothing,Sneakers,1,2849.91,0.1,2564.92,878.4,Debit Card,Same Day,4.0
5002,ORD104843,CUST1771,Karan Mehta,2025-04-29,Chennai,South,Sports,Football,2,964.74,0.05,1833.01,411.41,Debit Card,Standard,3.6
5003,ORD104117,CUST1243,Rohan Patel,2025-02-04,Hyderabad,South,Electronics,Headphones,1,2134.23,0.2,1707.38,459.19,UPI,Express,4.2
5004,ORD103385,CUST1799,Priya Saxena,2025-07-23,Noida,North,Home & Kitchen,Coffee Maker,1,3841.9,0.15,3265.61,609.31,Cash on Delivery,Express,3.3
5005,ORD104555,CUST1134,Arjun Singh,2025-09-14,Jaipur,North,Electronics,Headphones,1,1923.0,0.25,1442.25,221.8,UPI,Standard,4.6
5006,ORD101184,CUST1546,Meera Mishra,2025-08-19,Chandigarh,North,Beauty,Face Wash,2,375.59,0.1,676.06,173.33,Cash on Delivery,Standard,2.8
5007,ORD102433,CUST1974,Priya Saxena,2025-03-13,Pune,West,Books,Programming Book,4,1310.67,0.0,5242.68,1158.85,Credit Card,Same Day,3.5
5008,ORD102391,CUST2099,Rahul Tiwari,2025-06-29,Mumbai,West,Electronics,Keyboard,2,1397.53,0.15,2375.8,827.17,Cash on Delivery,Express,4.4
5009,ORD100769,CUST2166,Kavya Srivastava,2025-06-05,Pune,West,home & kitchen,Perfume,4,1426.46,0.15,4849.96,920.5,Net Banking,Express,3.8
5010,ORD101685,CUST1029,Meera Mishra,2025-06-01,Delhi,North,Books,Novel,1,506.38,0.1,455.74,140.78,Debit Card,Standard,3.9
5011,ORD100130,CUST1901,Diya Gupta,2025-04-30,Lucknow,North,Clothing,Hoodie,5,1408.4,0.15,5985.7,1886.44,Net Banking,Same Day,4.0
5012,ORD102919,CUST1194,Ananya Verma,2025-01-17,Mumbai,West,Electronics,Smart Watch,5,3527.5,0.05,16755.62,4728.13,Cash on Delivery,Standard,4.3
5013,ORD103171,CUST1508,Ananya Verma,2025-09-30,Kolkata,East,Clothing,Hoodie,2,1636.58,0.0,3273.16,582.4,Cash on Delivery,Express,3.8
5014,ORD103444,CUST1803,Ishaan Kumar,2025-06-11,Lucknow,North,Books,Data Science Book,2,877.76,0.1,1579.97,435.54,Debit Card,Standard,3.3
5015,ORD104426,CUST1191,Ananya Verma,2025-08-07,Jaipur,North,Books,Programming Book,2,1119.27,0.1,2014.69,663.57,UPI,Standard,4.1
5016,ORD100466,CUST1915,Ishaan Kumar,2025-02-02,Jaipur,North,Beauty,Perfume,1,1355.38,0.05,1287.61,410.87,Debit Card,Standard,4.2
5017,ORD103092,CUST1041,Aditya Joshi,2025-09-16,Hyderabad,South,Clothing,Hoodie,2,1457.95,0.0,2915.9,960.02,Credit Card,Standard,4.0
5018,ORD103772,CUST1977,Rohan Patel,2025-07-03,Pune,West,Books,Programming Book,2,1170.3,0.1,2106.54,697.8,Credit Card,Standard,4.3
5019,ORD100860,CUST1793,Kavya Srivastava,2025-10-26,Pune,West,Electronics,Keyboard,3,1362.74,0.15,3474.99,1205.25,Debit Card,Same Day,5.0
